
0.77144269	0.55197291	0.59670603	0.85473661	0.84319782	0.95799288	0.61243964	0.86166136	0.90004722	0.90197506	0.74103719	0.99612696	0.99057847	0.56837110	0.76543562	0.07288724	0.01757623	0.42158731	0.21181135	0.56457738	0.30929297	0.82262319	0.71850610	0.84175941	0.42483348	0.97367937	0.85473084	0.55812965	
0.77144269	0.77463273	0.59670603	0.91955353	0.70534726	0.95799288	0.56969518	0.84879325	0.90004722	0.90197506	0.74103719	0.99612696	0.99057847	0.56837110	0.76543562	0.07288724	0.01757623	0.29763775	0.21181135	0.61356711	0.13767260	0.82262319	0.71850610	0.81126726	0.42483348	0.97367937	0.85473084	0.55812965	
0.77144269	0.77463273	0.92327212	0.88089421	0.86131525	0.85770305	0.56969518	0.82308429	0.90004722	0.90197506	0.74103719	0.99612696	0.99057847	0.56837110	0.76543562	0.07288724	0.01757623	0.33564075	0.21181135	0.61410018	0.13767260	0.82262319	0.71850610	0.81126726	0.42483348	0.97367937	0.85473084	0.55812965	
0.77144269	0.77463273	0.60838460	0.95473747	0.86131525	0.85770305	0.54032709	0.82308429	0.93072759	0.91224366	0.69672754	0.99612696	0.99057847	0.56837110	0.76543562	0.06451344	0.01856322	0.34359628	0.21181135	0.61704142	0.23752373	0.82262319	0.71850610	0.81126726	0.42483348	0.97367937	0.98526468	0.55812965	
0.77144269	0.56452271	0.70469727	0.95473747	0.60701432	0.97517520	0.64592916	0.98593578	0.82886373	0.91224366	0.69672754	0.99612696	0.99057847	0.56837110	0.76543562	0.06451344	0.09252376	0.35690633	0.21181135	0.88088580	0.23752373	0.82262319	0.61873459	0.81126726	0.32586731	0.95547612	0.93637999	0.55812965	
0.91661992	0.56452271	0.70469727	0.95473747	0.50300381	0.97517520	0.64592916	0.84193326	0.68609523	0.91224366	0.70971332	0.99612696	0.99057847	0.56837110	0.76543562	0.23870119	0.09252376	0.22280710	0.21181135	0.88088580	0.24360518	0.82262319	0.53541610	0.81126726	0.32586731	0.95547612	0.93637999	0.55812965	
0.91661992	0.64030053	0.70854999	0.95473747	0.86292776	0.97517520	0.64592916	0.84193326	0.68609523	0.95364864	0.70971332	0.99612696	0.99057847	0.56837110	0.74020919	0.23870119	0.09252376	0.38303997	0.15593563	0.88088580	0.25796966	0.82262319	0.53541610	0.81126726	0.32586731	0.95547612	0.93637999	0.55812965	
0.93289445	0.50996525	0.70854999	0.95242326	0.65467477	0.97517520	0.70538285	0.84193326	0.66624964	0.95364864	0.57125062	0.99612696	0.99057847	0.56837110	0.84437329	0.03339357	0.09252376	0.36919806	0.25808564	0.88088580	0.59656916	0.82262319	0.53541610	0.81126726	0.32586731	0.95547612	0.93637999	0.55812965	
0.93289445	0.78092166	0.91304104	0.89142939	0.53501018	0.97517520	0.70538285	0.84193326	0.70289449	0.95364864	0.57125062	0.99612696	0.99057847	0.56837110	0.84437329	0.36609495	0.09252376	0.36919806	0.33463404	0.86376052	0.59656916	0.75623999	0.56822567	0.81126726	0.32586731	0.95547612	0.93637999	0.55812965	
0.93289445	0.78631852	0.81483876	0.64101608	0.53501018	0.97517520	0.70538285	0.84193326	0.70289449	0.99757628	0.57125062	0.99612696	0.99057847	0.56837110	0.84437329	0.35819502	0.00793208	0.36919806	0.41495443	0.74722330	0.59656916	0.75623999	0.56822567	0.99351508	0.20824508	0.95547612	0.93637999	0.55812965	
0.93289445	0.78631852	0.81483876	0.75392677	0.74359240	0.92904312	0.70538285	0.84193326	0.70289449	0.99757628	0.57125062	0.99612696	0.99057847	0.56837110	0.84437329	0.36131053	0.34476699	0.64707414	0.31330583	0.89655474	0.59656916	0.75623999	0.56822567	0.99351508	0.20824508	0.95547612	0.93637999	0.55812965	
0.93289445	0.78631852	0.81430416	0.75935693	0.74359240	0.92904312	0.70538285	0.84193326	0.70289449	0.99757628	0.57125062	0.99612696	0.99057847	0.56837110	0.84437329	0.47678467	0.48485679	0.64965716	0.22412388	0.66293222	0.59656916	0.75623999	0.56822567	0.99351508	0.20824508	0.95547612	0.93637999	0.55812965	
0.93289445	0.99584045	0.83641529	0.83676847	0.98308250	0.92904312	0.70538285	0.84193326	0.70289449	0.99757628	0.58693137	0.99612696	0.99057847	0.56837110	0.84437329	0.47678467	0.60405402	0.41048349	0.09400237	0.66293222	0.59656916	0.61589715	0.68044779	0.99351508	0.20824508	0.95547612	0.93637999	0.55812965	
0.84485940	0.81813550	0.68877393	0.57145974	0.98308250	0.93619275	0.70538285	0.88023554	0.80137601	0.99757628	0.57675022	0.97319348	0.99057847	0.56837110	0.84437329	0.61149185	0.33769342	0.41048349	0.10975226	0.84373783	0.61122646	0.61589715	0.68044779	0.99351508	0.20824508	0.95547612	0.93637999	0.55812965	
0.84485940	0.81813550	0.68877393	0.74355488	0.67164718	0.98710829	0.98857375	0.88023554	0.74273507	0.99757628	0.81603736	0.97319348	0.99057847	0.56837110	0.84437329	0.61149185	0.05882277	0.68185816	0.10975226	0.61797902	0.57574173	0.61589715	0.68044779	0.99351508	0.20824508	0.95547612	0.93637999	0.55812965	
0.97811802	0.81813550	0.68877393	0.74355488	0.68922311	0.63911972	0.77582633	0.88023554	0.74273507	0.99757628	0.81603736	0.97319348	0.99057847	0.56837110	0.84437329	0.53725504	0.05882277	0.68185816	0.06590020	0.61797902	0.39325071	0.73051550	0.68044779	0.99351508	0.20824508	0.95547612	0.93637999	0.55812965	
0.97811802	0.81813550	0.68877393	0.74355488	0.68922311	0.63911972	0.94403065	0.88023554	0.73273599	0.99757628	0.81603736	0.97319348	0.99057847	0.56837110	0.84437329	0.53800526	0.05882277	0.41458945	0.21830232	0.61797902	0.14707643	0.73051550	0.61115941	0.99351508	0.13950299	0.95547612	0.93637999	0.55812965	
0.97811802	0.76715377	0.60993794	0.59950134	0.79110216	0.63911972	0.94403065	0.88023554	0.66048846	0.99757628	0.81603736	0.97319348	0.99057847	0.56837110	0.84437329	0.69474191	0.05882277	0.41458945	0.21830232	0.63096839	0.33506042	0.73051550	0.61115941	0.99351508	0.24261133	0.95547612	0.93637999	0.55812965	
0.97811802	0.76180724	0.78346971	0.94665908	0.79110216	0.84153315	0.81034282	0.88023554	0.66048846	0.99757628	0.52899784	0.97319348	0.95687780	0.56837110	0.84437329	0.69474191	0.12359515	0.79675812	0.33613812	0.71103925	0.27723777	0.73051550	0.43993471	0.99351508	0.37713694	0.95547612	0.87869410	0.55812965	
0.97811802	0.84099470	0.78346971	0.94665908	0.79110216	0.75947190	0.72765422	0.91382948	0.66048846	0.99757628	0.66737982	0.97319348	0.95687780	0.56837110	0.84437329	0.46520578	0.19762937	0.79675812	0.21600511	0.35090686	0.50944882	0.73051550	0.45350338	0.99351508	0.45424360	0.95547612	0.87869410	0.55812965	
0.97811802	0.84099470	0.78346971	0.80205601	0.61549261	0.60703684	0.98178335	0.91382948	0.93877679	0.99757628	0.80345602	0.97319348	0.95687780	0.56837110	0.84437329	0.54627732	0.19762937	0.79675812	0.08070807	0.11893137	0.71708956	0.73051550	0.45350338	0.99351508	0.49337989	0.95547612	0.87869410	0.55812965	
0.97811802	0.84099470	0.51383426	0.99492796	0.61549261	0.64713841	0.72528557	0.80705590	0.80444254	0.99757628	0.80345602	0.97319348	0.89750417	0.56837110	0.77886781	0.45543967	0.17030476	0.79675812	0.08070807	0.28822667	0.71708956	0.72802303	0.45350338	0.99351508	0.49337989	0.95547612	0.87869410	0.56403132	
0.97811802	0.94256829	0.63553094	0.99492796	0.61549261	0.64713841	0.72528557	0.86352330	0.65351934	0.99757628	0.80345602	0.97319348	0.88755632	0.56837110	0.77886781	0.48462512	0.02600920	0.79675812	0.08070807	0.28822667	0.34122632	0.72802303	0.45350338	0.99351508	0.49337989	0.95547612	0.85683374	0.56403132	
0.97811802	0.94256829	0.76577981	0.99492796	0.98165200	0.64713841	0.72528557	0.86352330	0.56174246	0.99757628	0.80345602	0.97319348	0.88755632	0.56837110	0.80784235	0.48462512	0.37571163	0.79675812	0.08070807	0.30428415	0.68273873	0.72802303	0.34205957	0.99351508	0.33854376	0.97305451	0.85683374	0.56403132	
0.97811802	0.64594154	0.59260268	0.94425619	0.90504103	0.83846628	0.72528557	0.86352330	0.56174246	0.99757628	0.80345602	0.97319348	0.88755632	0.56837110	0.85588486	0.48462512	0.47929017	0.79675812	0.15178116	0.31265125	0.68273873	0.85436150	0.34205957	0.99351508	0.33854376	0.97305451	0.85683374	0.56403132	
0.97811802	0.63096319	0.80992065	0.91770003	0.90504103	0.68031977	0.72528557	0.86352330	0.56174246	0.99757628	0.80345602	0.97319348	0.89616869	0.56837110	0.85588486	0.48462512	0.09461752	0.79675812	0.15178116	0.27559369	0.52122662	0.85436150	0.47114046	0.99351508	0.33854376	0.97305451	0.85683374	0.56403132	
0.97811802	0.63333494	0.70890978	0.87359770	0.90504103	0.55547398	0.67248868	0.92583113	0.56174246	0.99757628	0.80345602	0.97319348	0.89616869	0.56837110	0.85588486	0.30088047	0.23550373	0.68888154	0.15178116	0.22309994	0.15895824	0.79587272	0.47114046	0.99351508	0.33854376	0.97305451	0.85683374	0.56403132	
0.97811802	0.63333494	0.70890978	0.92545258	0.90867155	0.55547398	0.67248868	0.90600061	0.76821353	0.99757628	0.86663834	0.97319348	0.89616869	0.56837110	0.85588486	0.30088047	0.41286984	0.68888154	0.15178116	0.34869297	0.15895824	0.79587272	0.41458859	0.99351508	0.33854376	0.97305451	0.85683374	0.56403132	
0.97811802	0.63333494	0.90434274	0.92545258	0.90867155	0.71819650	0.67248868	0.90600061	0.76821353	0.99757628	0.80870896	0.97319348	0.89616869	0.56837110	0.89174845	0.30088047	0.72958354	0.68327114	0.15178116	0.46311280	0.08842524	0.79587272	0.41458859	0.99351508	0.55178184	0.97305451	0.85683374	0.56403132	
0.96345188	0.63333494	0.90434274	0.92545258	0.90867155	0.82281983	0.67248868	0.90600061	0.76821353	0.99757628	0.80870896	0.97319348	0.89616869	0.56837110	0.89174845	0.33246582	0.45584663	0.87062339	0.31641471	0.42119957	0.08842524	0.88297627	0.41458859	0.99351508	0.55178184	0.97305451	0.85683374	0.56403132	
0.96345188	0.99210995	0.90434274	0.92545258	0.54790193	0.74908482	0.67248868	0.98493360	0.81347853	0.99757628	0.66628788	0.97319348	0.89616869	0.56837110	0.89174845	0.33246582	0.35148151	0.81506982	0.39971894	0.22453214	0.05066146	0.88297627	0.31867571	0.96085022	0.63995533	0.97305451	0.85683374	0.56403132	
0.96345188	0.99210995	0.98366532	0.92545258	0.63738038	0.67081791	0.77372728	0.98493360	0.81347853	0.99757628	0.66628788	0.97319348	0.89616869	0.56837110	0.89174845	0.45024738	0.17410438	0.47540786	0.32676118	0.25678238	0.05066146	0.88297627	0.31867571	0.96085022	0.63995533	0.97305451	0.85683374	0.56403132	
0.96345188	0.72395886	0.98366532	0.92545258	0.63738038	0.50643857	0.88479009	0.98493360	0.83043991	0.99757628	0.66628788	0.97319348	0.89616869	0.56837110	0.89174845	0.35829822	0.27338109	0.75660843	0.14687844	0.47026314	0.19321761	0.88297627	0.31867571	0.96085022	0.56889454	0.97305451	0.85683374	0.56403132	
0.96345188	0.61209018	0.98366532	0.88558289	0.58362157	0.65214172	0.57108352	0.98493360	0.80777095	0.99757628	0.66628788	0.97319348	0.89616869	0.56837110	0.89174845	0.35829822	0.57431209	0.75660843	0.12792902	0.47026314	0.48505045	0.88297627	0.41620614	0.93374943	0.56889454	0.97305451	0.85683374	0.56403132	
0.96345188	0.59227796	0.72769385	0.88558289	0.58362157	0.98429383	0.60136215	0.98493360	0.57766266	0.99757628	0.89668918	0.97319348	0.89616869	0.57627400	0.89174845	0.35829822	0.36529327	0.75660843	0.41186468	0.75727773	0.48505045	0.88297627	0.41688513	0.93374943	0.56889454	0.97305451	0.85683374	0.56403132	
0.96345188	0.59227796	0.77515891	0.79948041	0.65826236	0.96431314	0.60136215	0.98493360	0.74607153	0.99757628	0.83064463	0.97833841	0.89616869	0.57627400	0.89174845	0.57852170	0.25092816	0.41433794	0.46738780	0.75727773	0.46941856	0.88297627	0.54689218	0.93374943	0.56889454	0.97305451	0.85683374	0.56403132	
0.96345188	0.76629842	0.77515891	0.79948041	0.65826236	0.96431314	0.68189057	0.98493360	0.74607153	0.99757628	0.94531276	0.97833841	0.89616869	0.57627400	0.89174845	0.56134267	0.28330398	0.41433794	0.19004786	0.75727773	0.17885247	0.88297627	0.54689218	0.93374943	0.56889454	0.97305451	0.85683374	0.56403132	
0.96345188	0.76629842	0.77515891	0.75442945	0.92328497	0.85832607	0.85879276	0.98493360	0.66170571	0.99757628	0.94531276	0.97833841	0.89616869	0.57627400	0.89174845	0.56134267	0.43106905	0.46289715	0.49398832	0.72124087	0.25430118	0.88297627	0.54689218	0.93374943	0.56889454	0.97305451	0.85683374	0.56403132	
0.96345188	0.76629842	0.98275786	0.75442945	0.92328497	0.85832607	0.85879276	0.98493360	0.66170571	0.99757628	0.83276365	0.97833841	0.89616869	0.57627400	0.89373732	0.56134267	0.73620366	0.46289715	0.59169983	0.75544208	0.10517918	0.88297627	0.54689218	0.93374943	0.56889454	0.97305451	0.85683374	0.56403132	
0.96345188	0.71258183	0.92825328	0.75442945	0.91979621	0.75818235	0.72465982	0.98493360	0.66170571	0.99757628	0.83276365	0.97833841	0.89616869	0.57627400	0.89373732	0.52335440	0.60665048	0.46289715	0.42846043	0.58838371	0.26437603	0.88297627	0.54689218	0.93374943	0.56889454	0.97305451	0.85683374	0.56403132	
0.96345188	0.71830368	0.79512625	0.87005427	0.91979621	0.90250170	0.56068495	0.98493360	0.62033420	0.99757628	0.83276365	0.97833841	0.89616869	0.57627400	0.89373732	0.52335440	0.60665048	0.49672871	0.22773865	0.58838371	0.01448666	0.85581610	0.54689218	0.93374943	0.56889454	0.97305451	0.85683374	0.56403132	
0.96345188	0.71830368	0.91927719	0.87005427	0.55227105	0.63872282	0.61002047	0.98426530	0.62033420	0.99757628	0.83276365	0.97833841	0.89616869	0.57627400	0.89373732	0.38438404	0.89776038	0.49672871	0.22773865	0.59373971	0.01448666	0.85581610	0.54689218	0.93374943	0.56889454	0.97305451	0.85683374	0.56403132	
0.96345188	0.87828290	0.91927719	0.77676014	0.55227105	0.63872282	0.61002047	0.98426530	0.62033420	0.99757628	0.98857861	0.97833841	0.89976605	0.57627400	0.89373732	0.43110876	0.89776038	0.40208773	0.22773865	0.59373971	0.24080388	0.85581610	0.54689218	0.92213826	0.79266922	0.97305451	0.85683374	0.56403132	
0.96345188	0.96025324	0.91927719	0.77676014	0.63665882	0.96156734	0.54721728	0.98426530	0.89872174	0.99757628	0.98857861	0.97833841	0.89976605	0.57627400	0.89373732	0.52883041	0.67193474	0.40208773	0.48135461	0.38354233	0.24080388	0.85581610	0.67795064	0.87289855	0.80519243	0.97305451	0.85683374	0.56403132	
0.96345188	0.78768644	0.91927719	0.77676014	0.67978241	0.97210066	0.70423416	0.98426530	0.89872174	0.99757628	0.98857861	0.97833841	0.89976605	0.57627400	0.81244031	0.64700456	0.72490787	0.69754089	0.63593583	0.72303588	0.08049834	0.59966200	0.78789214	0.87289855	0.80519243	0.97305451	0.85683374	0.56403132	
0.96345188	0.85022271	0.91927719	0.94011108	0.67978241	0.87672739	0.70423416	0.68224460	0.89872174	0.99757628	0.84963426	0.97833841	0.89976605	0.57627400	0.81244031	0.69328879	0.72490787	0.69754089	0.33263517	0.72303588	0.21540711	0.50560608	0.78789214	0.87289855	0.80519243	0.97305451	0.85683374	0.56403132	
0.96345188	0.85022271	0.91927719	0.94011108	0.67978241	0.81016579	0.81153440	0.77427211	0.89872174	0.99757628	0.84963426	0.97833841	0.89976605	0.57627400	0.81244031	0.69328879	0.45369201	0.64865066	0.32545438	0.72303588	0.61266165	0.72049821	0.78789214	0.87289855	0.68726996	0.97305451	0.85683374	0.56403132	
0.96345188	0.85022271	0.68698331	0.94011108	0.67978241	0.81016579	0.81153440	0.77427211	0.83111402	0.99757628	0.84963426	0.97833841	0.89976605	0.57627400	0.81244031	0.69328879	0.50801483	0.59650082	0.28806074	0.72303588	0.35366078	0.72049821	0.78789214	0.87289855	0.68726996	0.97305451	0.85683374	0.56403132	
0.89225131	0.79614115	0.68698331	0.94011108	0.67978241	0.85321719	0.63884126	0.77427211	0.83111402	0.99757628	0.84963426	0.97833841	0.89976605	0.57627400	0.81244031	0.54052067	0.44068224	0.59650082	0.29507459	0.45846133	0.36573286	0.72049821	0.73610579	0.87289855	0.68726996	0.97305451	0.85683374	0.56403132	
0.89225131	0.95513129	0.68698331	0.76487572	0.81896274	0.60984531	0.67898935	0.77427211	0.83111402	0.99757628	0.84963426	0.97833841	0.89976605	0.57627400	0.81244031	0.48425181	0.12835620	0.49285924	0.29507459	0.45846133	0.56111831	0.72049821	0.73610579	0.87289855	0.77676739	0.97305451	0.85683374	0.56403132	
0.89225131	0.95482640	0.96979162	0.68570414	0.81896274	0.60984531	0.94272396	0.77427211	0.99867339	0.99757628	0.84963426	0.97833841	0.89976605	0.57627400	0.81244031	0.36996661	0.47095407	0.49285924	0.40661426	0.47610274	0.67979570	0.72049821	0.73610579	0.87289855	0.77676739	0.97305451	0.85683374	0.56403132	
0.89225131	0.95482640	0.96979162	0.76485403	0.78467496	0.75736526	0.75652659	0.77427211	0.99867339	0.99757628	0.84963426	0.97833841	0.89976605	0.57627400	0.81244031	0.36996661	0.47095407	0.49285924	0.32426645	0.49564124	0.67766022	0.72049821	0.73610579	0.94637769	0.77676739	0.97305451	0.85683374	0.56403132	
0.89225131	0.87694892	0.63774625	0.64835664	0.86064780	0.75736526	0.99797521	0.77427211	0.99867339	0.99757628	0.84026429	0.97833841	0.89976605	0.57627400	0.81244031	0.36996661	0.47095407	0.49285924	0.12553546	0.17237939	0.51852917	0.72049821	0.73610579	0.94637769	0.77676739	0.97305451	0.85683374	0.56403132	
0.89225131	0.85571476	0.63774625	0.64835664	0.52851438	0.62447251	0.99797521	0.77427211	0.87750702	0.99757628	0.84026429	0.97833841	0.89976605	0.57627400	0.81244031	0.69042126	0.35398100	0.49285924	0.04693626	0.17237939	0.40664319	0.60861260	0.73610579	0.94637769	0.70367760	0.97305451	0.85683374	0.56403132	
0.89225131	0.83806638	0.58583449	0.64835664	0.51858437	0.78949067	0.74168863	0.86793259	0.87750702	0.99757628	0.83231199	0.97833841	0.90112124	0.57627400	0.81244031	0.69042126	0.35398100	0.49285924	0.04693626	0.17237939	0.24454600	0.60861260	0.85046138	0.94637769	0.70367760	0.97305451	0.85683374	0.56403132	
0.89225131	0.83806638	0.63015787	0.64835664	0.51858437	0.89375236	0.99626325	0.86793259	0.87750702	0.99757628	0.83231199	0.97833841	0.90112124	0.57627400	0.84667797	0.62795990	0.23318428	0.49285924	0.04693626	0.17237939	0.43566757	0.60861260	0.85046138	0.94637769	0.73040283	0.97305451	0.85683374	0.56403132	
0.89189534	0.83806638	0.63015787	0.73880654	0.51858437	0.98790525	0.84914967	0.86793259	0.87750702	0.99757628	0.83231199	0.97833841	0.90112124	0.57627400	0.84667797	0.62795990	0.06943279	0.49285924	0.13067172	0.55617683	0.43566757	0.60861260	0.74501842	0.94637769	0.73040283	0.97305451	0.86065014	0.56403132	
0.89189534	0.78658930	0.62759767	0.73880654	0.67277520	0.79264094	0.85141243	0.86793259	0.85570567	0.99757628	0.83231199	0.97833841	0.90112124	0.57627400	0.84667797	0.62887452	0.06943279	0.49285924	0.31977482	0.55617683	0.24551036	0.60861260	0.74501842	0.94637769	0.73040283	0.97305451	0.87727886	0.56403132	
0.89189534	0.78658930	0.71113371	0.72928447	0.82844269	0.67470674	0.50404527	0.83749273	0.99822333	0.99757628	0.91675995	0.97833841	0.90112124	0.57431626	0.66169356	0.77465080	0.34837946	0.49285924	0.00827559	0.61522475	0.38865250	0.79578207	0.74501842	0.94637769	0.70510666	0.97305451	0.87727886	0.56403132	
0.90048277	0.78658930	0.71113371	0.72928447	0.82844269	0.96921462	0.60984940	0.99311798	0.99822333	0.99757628	0.91675995	0.97833841	0.90112124	0.57431626	0.66169356	0.78099718	0.34837946	0.49285924	0.00827559	0.34198815	0.38865250	0.79578207	0.74501842	0.94637769	0.70510666	0.97305451	0.87727886	0.56403132	
0.90048277	0.86194585	0.60655512	0.62652671	0.62775099	0.81852477	0.60984940	0.99311798	0.99822333	0.99757628	0.91675995	0.97833841	0.90112124	0.57431626	0.66169356	0.84850098	0.34837946	0.49285924	0.00827559	0.23565505	0.24453706	0.77823781	0.74501842	0.94637769	0.70510666	0.97305451	0.87727886	0.56403132	
0.67972456	0.86194585	0.50453547	0.99891280	0.99862108	0.65976572	0.61272665	0.99311798	0.99822333	0.99757628	0.91675995	0.98296840	0.97283771	0.57431626	0.66169356	0.84850098	0.34837946	0.62582470	0.00827559	0.12408175	0.42193874	0.77823781	0.74501842	0.94637769	0.70510666	0.97305451	0.87727886	0.56403132	
0.69207151	0.86194585	0.50453547	0.93614147	0.99862108	0.65976572	0.61272665	0.99311798	0.99822333	0.99757628	0.91675995	0.98296840	0.97283771	0.57431626	0.66583735	0.72561966	0.01547588	0.62582470	0.00827559	0.02993441	0.42193874	0.77823781	0.62684406	0.94637769	0.87166158	0.97305451	0.87727886	0.56403132	
0.69207151	0.73740597	0.50453547	0.93614147	0.99862108	0.90997957	0.70665403	0.99311798	0.95406415	0.99757628	0.91675995	0.98296840	0.97283771	0.57431626	0.66583735	0.72561966	0.01547588	0.62582470	0.00827559	0.02993441	0.42193874	0.57069810	0.61707380	0.94637769	0.87166158	0.97305451	0.94673041	0.56403132	
0.74232249	0.92245978	0.50453547	0.93614147	0.89959624	0.90997957	0.70665403	0.99311798	0.96945273	0.99757628	0.91675995	0.98296840	0.97283771	0.57431626	0.66583735	0.72561966	0.38856742	0.62582470	0.00827559	0.11555320	0.42193874	0.57069810	0.61707380	0.94637769	0.66192589	0.97305451	0.94673041	0.56403132	
0.74232249	0.80676247	0.50453547	0.68357161	0.80236805	0.72994257	0.68367664	0.99311798	0.96945273	0.97679420	0.91675995	0.98296840	0.97283771	0.57431626	0.66583735	0.52144103	0.38856742	0.62582470	0.39968385	0.29489681	0.15365698	0.62596098	0.61707380	0.94637769	0.79937790	0.97305451	0.94673041	0.56403132	
0.74232249	0.80676247	0.50453547	0.72791207	0.53525520	0.72994257	0.67631467	0.99311798	0.96945273	0.97679420	0.91675995	0.98296840	0.97283771	0.57431626	0.67427754	0.52144103	0.46933972	0.40307771	0.39968385	0.07899074	0.48105464	0.62596098	0.61707380	0.94637769	0.79937790	0.97305451	0.94673041	0.56403132	
0.83097632	0.78252692	0.63916116	0.72791207	0.53525520	0.72994257	0.67631467	0.99311798	0.66684352	0.97679420	0.91675995	0.98296840	0.97283771	0.57431626	0.67427754	0.52144103	0.46933972	0.40307771	0.50893686	0.32685245	0.36325640	0.62596098	0.61707380	0.94637769	0.79937790	0.97305451	0.94673041	0.56403132	
0.83097632	0.84153103	0.63916116	0.72791207	0.53525520	0.56677949	0.60553438	0.95898588	0.70591520	0.97664792	0.91675995	0.98296840	0.97283771	0.57431626	0.67427754	0.58986785	0.57315278	0.40307771	0.30059023	0.24771979	0.28308480	0.67882359	0.61707380	0.94637769	0.83567997	0.97305451	0.94673041	0.56403132	
0.83097632	0.66032596	0.78083255	0.75073641	0.53525520	0.60273842	0.90790953	0.95898588	0.70591520	0.99418398	0.91675995	0.98296840	0.97283771	0.57431626	0.67427754	0.53332469	0.33070401	0.34063261	0.30059023	0.24771979	0.65392920	0.67882359	0.61707380	0.94637769	0.72162416	0.97305451	0.94673041	0.56403132	
0.83097632	0.66032596	0.67869494	0.63139245	0.93155961	0.86683244	0.98892645	0.95898588	0.70591520	0.99418398	0.91675995	0.98296840	0.97283771	0.57431626	0.66695098	0.53332469	0.33070401	0.34063261	0.38958330	0.24771979	0.45526161	0.67882359	0.57080568	0.94637769	0.72162416	0.97305451	0.94673041	0.56403132	
0.85205256	0.66032596	0.91052894	0.63139245	0.61202097	0.86683244	0.98892645	0.86844141	0.70591520	0.99418398	0.91675995	0.98296840	0.97283771	0.57431626	0.76606291	0.47873481	0.68642226	0.34063261	0.55826993	0.32409204	0.76927284	0.67882359	0.57080568	0.98004271	0.72162416	0.97305451	0.94673041	0.56403132	
0.85205256	0.56221163	0.91052894	0.63139245	0.61202097	0.86683244	0.98892645	0.86844141	0.70591520	0.99418398	0.91675995	0.98296840	0.97283771	0.57431626	0.76606291	0.31747198	0.58591619	0.28359342	0.53923057	0.36156007	0.76927284	0.67882359	0.57080568	0.98004271	0.75958233	0.97305451	0.88597117	0.56403132	
0.85205256	0.56221163	0.70051469	0.63139245	0.85521993	0.86683244	0.98892645	0.96013511	0.73490477	0.99418398	0.91675995	0.98296840	0.97283771	0.57431626	0.76606291	0.35300634	0.58591619	0.28359342	0.83129117	0.52772677	0.77119945	0.54283470	0.55565274	0.98004271	0.72335644	0.97305451	0.89638079	0.56403132	
0.85205256	0.56221163	0.70051469	0.62338405	0.85521993	0.58071354	0.98892645	0.96013511	0.57495187	0.99418398	0.92400487	0.98296840	0.97283771	0.57431626	0.76606291	0.35300634	0.58591619	0.28359342	0.59267802	0.23608263	0.56793007	0.54283470	0.55565274	0.98004271	0.72335644	0.97305451	0.86354555	0.56403132	
0.81979883	0.56221163	0.82498718	0.96905797	0.85521993	0.95371724	0.93241435	0.96013511	0.66823784	0.99418398	0.92400487	0.98296840	0.97283771	0.57431626	0.76606291	0.35300634	0.58591619	0.28359342	0.77261113	0.11747385	0.63710237	0.54283470	0.55565274	0.98004271	0.72335644	0.97305451	0.86354555	0.56403132	
0.81979883	0.56221163	0.82498718	0.96905797	0.85521993	0.95371724	0.75401413	0.68621061	0.66823784	0.99418398	0.92400487	0.98296840	0.94525905	0.57738351	0.76606291	0.35693514	0.46801090	0.28359342	0.75404341	0.34323113	0.30954996	0.54283470	0.50723563	0.98004271	0.72335644	0.97305451	0.86354555	0.56403132	
0.85019804	0.75442365	0.79660523	0.96905797	0.84639127	0.97954915	0.75401413	0.68621061	0.66823784	0.99418398	0.92400487	0.98296840	0.94525905	0.57738351	0.76606291	0.29459465	0.46801090	0.54625106	0.75404341	0.38293044	0.17132135	0.54283470	0.37637252	0.98004271	0.72335644	0.97305451	0.86354555	0.56403132	
0.85019804	0.75442365	0.97082625	0.96905797	0.84639127	0.97954915	0.77838798	0.93748025	0.70854628	0.99418398	0.92400487	0.98296840	0.94525905	0.57738351	0.74835171	0.42163641	0.84054503	0.31604611	0.65257747	0.57791720	0.36522041	0.54283470	0.54081690	0.98004271	0.70856763	0.97305451	0.86354555	0.56403132	
0.85019804	0.86306420	0.98260653	0.96905797	0.84639127	0.97954915	0.77838798	0.93748025	0.77579539	0.99418398	0.92112185	0.98296840	0.94525905	0.57738351	0.84166659	0.20679422	0.84054503	0.36828874	0.55426728	0.72292201	0.52056879	0.62517877	0.17843960	0.98004271	0.70856763	0.97305451	0.86354555	0.56403132	
0.85019804	0.82712223	0.98260653	0.96905797	0.84639127	0.97954915	0.77838798	0.85589208	0.77579539	0.99418398	0.93119739	0.98296840	0.94525905	0.57738351	0.84166659	0.25804950	0.94813903	0.46880914	0.20322710	0.89506136	0.22613705	0.62517877	0.17843960	0.83977172	0.70856763	0.97305451	0.92087256	0.56403132	
0.85019804	0.91719184	0.98260653	0.96905797	0.84639127	0.98357317	0.51240063	0.85589208	0.66179294	0.99418398	0.93119739	0.98296840	0.94525905	0.57738351	0.84166659	0.26500477	0.68003514	0.46880914	0.20322710	0.55885538	0.45486081	0.65347653	0.28426210	0.68737972	0.88376409	0.97305451	0.92087256	0.56403132	
0.85019804	0.91719184	0.69052674	0.96905797	0.90503869	0.98357317	0.51240063	0.85589208	0.66179294	0.98912345	0.93119739	0.98296840	0.94525905	0.57738351	0.84166659	0.26500477	0.68003514	0.18296850	0.20322710	0.46900166	0.41263347	0.65347653	0.65880877	0.72112142	0.88376409	0.97305451	0.92087256	0.56403132	
0.85019804	0.91719184	0.69052674	0.96905797	0.70643097	0.98357317	0.51240063	0.85589208	0.66179294	0.98912345	0.93119739	0.98296840	0.94525905	0.57738351	0.84166659	0.19902354	0.68003514	0.19149598	0.58492914	0.78187861	0.41263347	0.65347653	0.40601836	0.72112142	0.91692770	0.97305451	0.92087256	0.56403132	
0.85019804	0.89029258	0.89326664	0.96905797	0.99308172	0.98357317	0.56499594	0.85589208	0.66179294	0.85273718	0.93119739	0.98296840	0.94525905	0.57738351	0.84166659	0.19902354	0.30106805	0.22529535	0.77537559	0.40520745	0.14436602	0.65347653	0.40601836	0.72112142	0.91692770	0.97305451	0.92087256	0.56403132	
0.85019804	0.89029258	0.89326664	0.96905797	0.99308172	0.98357317	0.85129610	0.86638958	0.66179294	0.85273718	0.93119739	0.98296840	0.94525905	0.57738351	0.84166659	0.19902354	0.30106805	0.22529535	0.44434444	0.43824427	0.42947860	0.65347653	0.47860107	0.49295583	0.91692770	0.97305451	0.92087256	0.56403132	
0.85935141	0.89029258	0.89326664	0.68357507	0.99308172	0.98357317	0.85129610	0.86255830	0.66179294	0.85273718	0.93119739	0.98296840	0.94525905	0.57738351	0.84166659	0.58554299	0.65089046	0.43910072	0.22851622	0.74970790	0.17422665	0.55998072	0.47860107	0.68731323	0.91692770	0.97305451	0.92087256	0.56403132	
0.85935141	0.89029258	0.83227824	0.65864463	0.97895285	0.98357317	0.85129610	0.79467664	0.78189724	0.85273718	0.93119739	0.99813836	0.94525905	0.57738351	0.84166659	0.36791251	0.55781035	0.33561490	0.58091888	0.83181036	0.28290130	0.55998072	0.47860107	0.68731323	0.92215491	0.97305451	0.92087256	0.56403132	
0.85935141	0.89029258	0.74365711	0.91829388	0.97895285	0.98357317	0.85129610	0.64266461	0.76507471	0.85273718	0.93119739	0.99813836	0.94525905	0.57738351	0.84166659	0.36791251	0.29830367	0.33561490	0.86688501	0.76473236	0.07278670	0.55827863	0.47860107	0.68731323	0.92215491	0.97305451	0.92087256	0.56403132	
0.85935141	0.89029258	0.51799712	0.60820623	0.97895285	0.98357317	0.85129610	0.64266461	0.76507471	0.80691775	0.93119739	0.99813836	0.94525905	0.57738351	0.84166659	0.31554150	0.31391494	0.14631010	0.58100244	0.41639063	0.07278670	0.55827863	0.47860107	0.68731323	0.92215491	0.97305451	0.92087256	0.56403132	
0.97738907	0.66067791	0.82179587	0.60820623	0.95517091	0.96926369	0.71555523	0.64266461	0.76507471	0.96846588	0.93119739	0.99813836	0.94525905	0.57738351	0.84166659	0.31554150	0.19656676	0.48582096	0.70014136	0.53044314	0.02257547	0.55827863	0.63360865	0.68731323	0.92215491	0.97305451	0.92087256	0.56403132	
0.97738907	0.86927040	0.82179587	0.60820623	0.95517091	0.67043266	0.71555523	0.64266461	0.76507471	0.96846588	0.93119739	0.99813836	0.94525905	0.57738351	0.84166659	0.31554150	0.58838822	0.36310410	0.94846355	0.32269472	0.02257547	0.55827863	0.63360865	0.73958752	0.84511304	0.97305451	0.92087256	0.56403132	
0.97738907	0.86927040	0.96406485	0.87607645	0.95517091	0.85967773	0.71555523	0.64266461	0.76507471	0.96846588	0.93119739	0.99813836	0.94525905	0.57738351	0.84166659	0.31554150	0.25849633	0.55593401	0.94846355	0.55451350	0.02257547	0.55827863	0.70959957	0.82462564	0.84511304	0.96042567	0.92087256	0.56403132	
0.97738907	0.83434338	0.64583517	0.99451949	0.95517091	0.85967773	0.71555523	0.64266461	0.74052166	0.96846588	0.93119739	0.99813836	0.94525905	0.57738351	0.83145470	0.55792659	0.48416238	0.83810796	0.82763229	0.15927095	0.02257547	0.29284933	0.70959957	0.82462564	0.84511304	0.96042567	0.92070055	0.56403132	
0.88181846	0.72538057	0.95738662	0.99451949	0.99989882	0.85967773	0.71555523	0.62432130	0.94929586	0.96846588	0.93119739	0.99813836	0.94525905	0.57738351	0.83145470	0.61231399	0.87002448	0.46041000	0.71682162	0.15927095	0.00772083	0.29284933	0.81130382	0.82462564	0.84511304	0.96042567	0.92070055	0.56403132	
0.88181846	0.72538057	0.95738662	0.99451949	0.79558859	0.85967773	0.54528012	0.52483152	0.94929586	0.96846588	0.89048263	0.99813836	0.94525905	0.57738351	0.83145470	0.70421967	0.85242116	0.46041000	0.71340325	0.36711547	0.35623471	0.29284933	0.81130382	0.82462564	0.64861538	0.96042567	0.92070055	0.56403132	
0.88181846	0.72538057	0.95738662	0.97825175	0.79558859	0.51936595	0.54528012	0.52483152	0.94929586	0.96846588	0.89048263	0.99813836	0.94525905	0.57738351	0.83145470	0.69397197	0.85242116	0.34772601	0.41305970	0.36711547	0.20357858	0.29284933	0.80677438	0.82462564	0.64861538	0.96042567	0.92070055	0.56403132	
0.94003893	0.72538057	0.95738662	0.85966564	0.58234185	0.54443254	0.67250666	0.52483152	0.94929586	0.96846588	0.89048263	0.99813836	0.94525905	0.57738351	0.83145470	0.69397197	0.67677944	0.16650024	0.11440201	0.36711547	0.37144129	0.29284933	0.88156075	0.89474751	0.51520334	0.96042567	0.92070055	0.56403132	
0.94003893	0.72538057	0.95738662	0.69327014	0.65118624	0.54443254	0.67250666	0.52483152	0.94929586	0.96846588	0.92492923	0.99813836	0.94525905	0.57738351	0.83145470	0.69397197	0.67677944	0.16650024	0.11440201	0.29745460	0.49173609	0.29284933	0.88156075	0.89474751	0.51520334	0.96042567	0.89596970	0.56403132	
0.94003893	0.72538057	0.95738662	0.69327014	0.65118624	0.54443254	0.67250666	0.52483152	0.93197297	0.96846588	0.92492923	0.99813836	0.94525905	0.56431294	0.84565410	0.69397197	0.90400390	0.16650024	0.11440201	0.31916130	0.17450392	0.29284933	0.88156075	0.89474751	0.59777146	0.96042567	0.89596970	0.56403132	
0.94003893	0.89801136	0.95738662	0.62799221	0.65118624	0.54443254	0.71894408	0.71902779	0.93197297	0.96846588	0.83630567	0.99813836	0.94525905	0.56431294	0.87716473	0.85541486	0.90400390	0.16650024	0.11440201	0.02301718	0.06344899	0.29284933	0.88156075	0.89474751	0.59777146	0.96042567	0.89596970	0.56403132	
0.94003893	0.89801136	0.95738662	0.71173170	0.65118624	0.54443254	0.88744787	0.60137820	0.93197297	0.96846588	0.83630567	0.99813836	0.99637442	0.56431294	0.91434460	0.85541486	0.87875036	0.00585520	0.44654271	0.02301718	0.34418569	0.31167010	0.88156075	0.89474751	0.59777146	0.96042567	0.89512377	0.56403132	
0.94003893	0.89801136	0.95738662	0.71173170	0.65118624	0.54443254	0.68835775	0.89468531	0.93197297	0.96846588	0.83630567	0.99813836	0.99637442	0.56431294	0.91434460	0.85541486	0.87875036	0.00585520	0.44654271	0.02301718	0.22877592	0.22154385	0.88156075	0.89474751	0.65063434	0.96042567	0.89512377	0.56403132	
0.94003893	0.89801136	0.95738662	0.57214403	0.63153138	0.69586833	0.64372658	0.89468531	0.93197297	0.96846588	0.83630567	0.99813836	0.99637442	0.56431294	0.75512850	0.85541486	0.87875036	0.32863538	0.52586026	0.02301718	0.54131141	0.31989285	0.88156075	0.89474751	0.65063434	0.94079671	0.89512377	0.56403132	
0.88131167	0.89801136	0.95738662	0.69029978	0.77980152	0.99289914	0.64372658	0.89468531	0.93021110	0.96846588	0.83630567	0.99813836	0.99637442	0.56431294	0.58403646	0.81096325	0.78404457	0.29277436	0.15984299	0.02301718	0.54768705	0.46567433	0.88156075	0.89474751	0.65063434	0.94079671	0.89512377	0.56403132	
0.88131167	0.89801136	0.95984737	0.76518101	0.77980152	0.64867683	0.70194983	0.89468531	0.93021110	0.96846588	0.83630567	0.99813836	0.99637442	0.56431294	0.58403646	0.81096325	0.74777737	0.13759816	0.39623295	0.02301718	0.54768705	0.22110328	0.88156075	0.89474751	0.65063434	0.94079671	0.89512377	0.56403132	
0.88131167	0.89801136	0.95984737	0.76518101	0.87406454	0.99816022	0.70194983	0.64043349	0.93021110	0.96846588	0.83630567	0.99813836	0.99637442	0.56431294	0.84349605	0.81096325	0.40311385	0.13759816	0.67384507	0.02301718	0.61992680	0.22110328	0.84205444	0.89474751	0.65063434	0.94079671	0.89512377	0.56403132	
0.88131167	0.90302879	0.59536978	0.76518101	0.87406454	0.70537188	0.68988863	0.51187357	0.94735927	0.96846588	0.83630567	0.99813836	0.99637442	0.56431294	0.84349605	0.81096325	0.22471213	0.13759816	0.67384507	0.02301718	0.57886413	0.18568529	0.84205444	0.89474751	0.65063434	0.94079671	0.89512377	0.56403132	
0.88131167	0.90302879	0.58759623	0.97014448	0.92241091	0.70537188	0.68988863	0.51187357	0.94735927	0.96846588	0.83630567	0.99813836	0.95579722	0.56431294	0.84349605	0.81096325	0.22471213	0.13759816	0.72939781	0.20349086	0.55207424	0.07092193	0.84205444	0.89613021	0.65063434	0.94079671	0.89512377	0.56403132	
0.88131167	0.90302879	0.87860101	0.97014448	0.92241091	0.65208522	0.68988863	0.60619264	0.88794394	0.96846588	0.84684563	0.99813836	0.95579722	0.56431294	0.84349605	0.58540629	0.20823938	0.46441180	0.36608494	0.20349086	0.55207424	0.07092193	0.84292841	0.78872081	0.72373047	0.94079671	0.89512377	0.56403132	
0.88131167	0.58563411	0.94033454	0.93218354	0.65038470	0.65208522	0.68988863	0.60619264	0.88183035	0.96846588	0.98286478	0.99813836	0.95579722	0.56431294	0.84349605	0.58540629	0.28271900	0.30278750	0.39583059	0.02680808	0.22601231	0.07092193	0.84292841	0.78872081	0.72373047	0.94079671	0.89512377	0.56403132	
0.88131167	0.58563411	0.75587616	0.65451323	0.62522354	0.52427646	0.87928485	0.60619264	0.88183035	0.96846588	0.98286478	0.99813836	0.95579722	0.56431294	0.84349605	0.57968471	0.42527181	0.30278750	0.28213426	0.02680808	0.27434776	0.23721480	0.68404439	0.78872081	0.72373047	0.94079671	0.89512377	0.56403132	
0.88131167	0.89641377	0.75587616	0.99155643	0.62522354	0.63979677	0.87928485	0.60619264	0.83335464	0.96846588	0.98286478	0.99813836	0.95579722	0.56431294	0.84349605	0.36400809	0.42527181	0.30278750	0.28213426	0.02680808	0.65493790	0.23721480	0.68404439	0.78872081	0.72373047	0.94079671	0.89512377	0.56403132	
0.88131167	0.89641377	0.75587616	0.97233263	0.62905020	0.50046315	0.87928485	0.60619264	0.74135520	0.96846588	0.98087736	0.99268288	0.95579722	0.56431294	0.84349605	0.25263942	0.42527181	0.10766295	0.39937483	0.07367557	0.65493790	0.23721480	0.68404439	0.80826461	0.95418736	0.94079671	0.89512377	0.56403132	
0.88131167	0.64762515	0.52478668	0.87394024	0.77578083	0.58031150	0.87928485	0.60619264	0.74135520	0.96846588	0.98087736	0.99268288	0.95579722	0.56431294	0.84349605	0.19619523	0.42527181	0.10766295	0.25666755	0.07367557	0.65493790	0.23721480	0.73226700	0.80826461	0.72306147	0.94079671	0.89512377	0.55457830	
0.88131167	0.64762515	0.77616574	0.83373145	0.70477546	0.58031150	0.87928485	0.53236973	0.74135520	0.96846588	0.79447621	0.99268288	0.95579722	0.56431294	0.84349605	0.19619523	0.35683082	0.10766295	0.43009760	0.19084951	0.57070460	0.23721480	0.73226700	0.80826461	0.72306147	0.95898170	0.89512377	0.55457830	
0.88131167	0.64762515	0.71691336	0.83373145	0.94079014	0.86013750	0.87928485	0.53236973	0.74135520	0.96846588	0.79447621	0.99268288	0.95579722	0.56431294	0.84349605	0.40043877	0.35683082	0.10766295	0.75108947	0.09633945	0.22434114	0.23721480	0.73226700	0.80826461	0.72306147	0.95898170	0.89512377	0.55457830	
0.88131167	0.72973147	0.64543553	0.83373145	0.97799458	0.86013750	0.72129134	0.53236973	0.74135520	0.96846588	0.79447621	0.99268288	0.95579722	0.56431294	0.84349605	0.40043877	0.40834112	0.10766295	0.75108947	0.48031971	0.44556371	0.23721480	0.73226700	0.80826461	0.72306147	0.95898170	0.89512377	0.55457830	
0.97798700	0.72973147	0.74110470	0.71580819	0.97799458	0.90410011	0.72129134	0.53236973	0.93996664	0.96846588	0.82469929	0.99268288	0.91903183	0.56431294	0.84349605	0.40043877	0.11286580	0.34016475	0.46494812	0.17519302	0.52434214	0.23721480	0.60311066	0.80826461	0.72306147	0.95898170	0.89512377	0.55457830	
0.97798700	0.65445698	0.89708953	0.71580819	0.97799458	0.88010451	0.72129134	0.82212774	0.93996664	0.96846588	0.82469929	0.99268288	0.91903183	0.56431294	0.84349605	0.40043877	0.34735791	0.32281807	0.77045804	0.17450206	0.52434214	0.37144987	0.60311066	0.80826461	0.72306147	0.95898170	0.89512377	0.55457830	
0.95512199	0.75357228	0.91166119	0.65691343	0.97799458	0.52320515	0.72129134	0.82212774	0.93996664	0.96846588	0.82469929	0.99268288	0.91903183	0.56431294	0.84349605	0.25599652	0.10872374	0.32281807	0.76877588	0.03861379	0.14835174	0.37144987	0.60311066	0.80826461	0.72306147	0.95898170	0.89736233	0.55457830	
0.95512199	0.96922085	0.91166119	0.78162329	0.81609781	0.77962103	0.72129134	0.82212774	0.74160725	0.96846588	0.82469929	0.99268288	0.91903183	0.56431294	0.84349605	0.35380767	0.11592611	0.32281807	0.79050519	0.14060457	0.00120683	0.37144987	0.51465943	0.80826461	0.72306147	0.95898170	0.89736233	0.55457830	
0.92895588	0.67230779	0.87136155	0.78162329	0.81609781	0.77962103	0.66718899	0.82212774	0.57003735	0.96846588	0.82469929	0.99268288	0.91903183	0.56431294	0.84349605	0.35380767	0.18842109	0.38753947	0.79050519	0.14060457	0.00202444	0.37144987	0.51465943	0.80826461	0.72306147	0.95898170	0.89736233	0.55457830	
0.92895588	0.82961271	0.87136155	0.80497438	0.81609781	0.77962103	0.66718899	0.90991831	0.57003735	0.96846588	0.90884592	0.99268288	0.91903183	0.56431294	0.84349605	0.35380767	0.12557725	0.64434434	0.79050519	0.21896303	0.29827443	0.10357662	0.51698310	0.94711541	0.72306147	0.95898170	0.89736233	0.55457830	
0.92895588	0.60836024	0.63714883	0.69650058	0.99187546	0.58360937	0.60023908	0.98016783	0.57003735	0.96846588	0.90884592	0.99268288	0.91903183	0.56431294	0.84349605	0.35380767	0.48850453	0.68031648	0.40414138	0.43304114	0.29827443	0.10357662	0.45983843	0.94711541	0.72306147	0.95898170	0.89736233	0.55457830	
0.87920540	0.92808058	0.59721352	0.69650058	0.99187546	0.58360937	0.60023908	0.98016783	0.70465691	0.96846588	0.90884592	0.99268288	0.93077729	0.56431294	0.84349605	0.35583361	0.48850453	0.38323729	0.20380816	0.35353182	0.55971527	0.10357662	0.45983843	0.90576842	0.84641636	0.95898170	0.88718365	0.55457830	
0.87920540	0.79392319	0.70444561	0.92454686	0.93530472	0.62720849	0.60023908	0.62873715	0.94452362	0.96846588	0.90884592	0.99268288	0.93077729	0.56431294	0.84349605	0.35583361	0.49040388	0.38323729	0.33360144	0.38045276	0.24115767	0.29781355	0.45983843	0.89047385	0.84641636	0.95898170	0.88718365	0.55457830	
0.87920540	0.72738595	0.61485053	0.92454686	0.93530472	0.97242450	0.70933624	0.57325597	0.81991217	0.96846588	0.90884592	0.99268288	0.93077729	0.56431294	0.84349605	0.35583361	0.56727145	0.15800353	0.37870818	0.38045276	0.43600564	0.43986089	0.52938204	0.83143378	0.84641636	0.95898170	0.88718365	0.55457830	
0.87920540	0.61304153	0.80913772	0.92454686	0.93530472	0.98211090	0.70933624	0.57325597	0.81991217	0.96846588	0.86542880	0.99268288	0.93077729	0.56431294	0.79841061	0.28259484	0.75479007	0.47253064	0.32144381	0.09160947	0.43600564	0.46812827	0.34737950	0.83143378	0.84641636	0.95898170	0.88718365	0.55457830	
0.87920540	0.60034650	0.80913772	0.92454686	0.93530472	0.98211090	0.60010859	0.57325597	0.81991217	0.96846588	0.86542880	0.97501408	0.93077729	0.56431294	0.70657863	0.49055681	0.75479007	0.43777114	0.11547148	0.14049465	0.58130423	0.46812827	0.60202308	0.83143378	0.67330566	0.95898170	0.88718365	0.54645879	
0.72389482	0.83857365	0.80913772	0.97138005	0.93530472	0.88353615	0.60010859	0.57325597	0.78218008	0.96846588	0.87524924	0.97501408	0.93077729	0.56431294	0.70657863	0.26895492	0.75479007	0.55538958	0.11547148	0.00804365	0.58130423	0.10570208	0.76404777	0.83143378	0.61500854	0.95898170	0.88718365	0.54645879	
0.72389482	0.57978848	0.83081881	0.97138005	0.93530472	0.63426216	0.90186537	0.88082644	0.78218008	0.94193381	0.87524924	0.97501408	0.93077729	0.56431294	0.70657863	0.49114711	0.71157488	0.55538958	0.36457456	0.22473843	0.58130423	0.10570208	0.64970894	0.83143378	0.59922495	0.95898170	0.88718365	0.54645879	
0.72389482	0.74080073	0.83081881	0.77455101	0.87806834	0.96214640	0.90186537	0.88082644	0.78218008	0.94193381	0.87524924	0.97501408	0.93077729	0.56431294	0.70657863	0.14793474	0.51739685	0.55538958	0.55570971	0.60965184	0.58130423	0.32020578	0.68843480	0.83143378	0.58056327	0.95898170	0.88718365	0.54645879	
0.72389482	0.55083314	0.83081881	0.77455101	0.87806834	0.71791602	0.61855428	0.88082644	0.93318814	0.95759501	0.88009057	0.97501408	0.93077729	0.56431294	0.70657863	0.14793474	0.40890261	0.37760480	0.49472840	0.60965184	0.42418867	0.34121708	0.68843480	0.88849957	0.58056327	0.95898170	0.88718365	0.54645879	
0.72389482	0.55083314	0.83081881	0.77455101	0.87806834	0.75015929	0.61855428	0.92463305	0.93318814	0.95759501	0.62548574	0.97501408	0.93077729	0.56431294	0.65063912	0.44061966	0.54688907	0.60141523	0.49472840	0.60965184	0.42418867	0.12779228	0.65151278	0.88849957	0.58056327	0.95898170	0.88718365	0.54645879	
0.72389482	0.59938698	0.68093328	0.77455101	0.79269014	0.85965764	0.61855428	0.93548343	0.93318814	0.95759501	0.62548574	0.97501408	0.93077729	0.56431294	0.65063912	0.05979263	0.56782039	0.60141523	0.76966855	0.60965184	0.13026278	0.12779228	0.65151278	0.69787308	0.58056327	0.95898170	0.88718365	0.54645879	
0.72389482	0.59938698	0.91146135	0.77455101	0.79269014	0.68438835	0.76096539	0.93203078	0.93318814	0.95759501	0.62548574	0.97501408	0.93077729	0.56431294	0.65063912	0.18955573	0.63602116	0.60141523	0.76966855	0.49577419	0.05045660	0.12779228	0.65151278	0.69787308	0.58056327	0.95898170	0.88718365	0.54645879	
0.72389482	0.59938698	0.91146135	0.77455101	0.79269014	0.64013911	0.76096539	0.76234762	0.87897494	0.95759501	0.60398678	0.97501408	0.93077729	0.56431294	0.65063912	0.04229930	0.63628109	0.60141523	0.76966855	0.45270699	0.20938955	0.12779228	0.57694452	0.69787308	0.56566651	0.95898170	0.88718365	0.54645879	
0.72389482	0.59938698	0.65233584	0.70526121	0.79269014	0.50921903	0.76096539	0.82896921	0.87897494	0.95759501	0.60398678	0.97501408	0.93077729	0.56431294	0.61637258	0.04229930	0.36331658	0.60141523	0.68734543	0.30712724	0.29235673	0.36736646	0.57694452	0.69787308	0.57744502	0.95898170	0.88718365	0.54645879	
0.72389482	0.55591056	0.65233584	0.75558020	0.79269014	0.58279377	0.81668013	0.50798501	0.87897494	0.95759501	0.60398678	0.97501408	0.93077729	0.56431294	0.58816919	0.26059189	0.36331658	0.60141523	0.38674422	0.30712724	0.48104716	0.36736646	0.42502338	0.69787308	0.57744502	0.95898170	0.88718365	0.54645879	
0.72389482	0.89474339	0.65233584	0.75558020	0.92957599	0.58279377	0.81668013	0.51502572	0.87897494	0.95759501	0.60398678	0.97501408	0.93077729	0.56431294	0.58816919	0.05551139	0.26150697	0.60141523	0.77848098	0.31013784	0.48104716	0.36736646	0.42502338	0.69787308	0.55430785	0.95898170	0.88718365	0.54645879	
0.72389482	0.81248627	0.65233584	0.75558020	0.80132295	0.71312493	0.81668013	0.51502572	0.69785525	0.95759501	0.60459683	0.97501408	0.93077729	0.56431294	0.67155291	0.05551139	0.03697828	0.71549893	0.55167758	0.64715325	0.27702231	0.36736646	0.52358721	0.69787308	0.34344337	0.95898170	0.88718365	0.54645879	
0.72389482	0.75280144	0.65233584	0.75558020	0.95925644	0.71312493	0.65091589	0.51502572	0.55146645	0.95759501	0.60459683	0.97501408	0.91111046	0.56431294	0.67155291	0.09077314	0.23638679	0.71549893	0.30622886	0.49882686	0.56617892	0.36736646	0.49729167	0.69787308	0.34344337	0.95898170	0.88718365	0.54645879	
0.72389482	0.80339136	0.95495801	0.75558020	0.61435007	0.72238003	0.65091589	0.51502572	0.55146645	0.95759501	0.60459683	0.97501408	0.91111046	0.56431294	0.67155291	0.09077314	0.32695313	0.74380074	0.48644280	0.67934992	0.56617892	0.36736646	0.49729167	0.69787308	0.34344337	0.95898170	0.88718365	0.54645879	
0.72389482	0.90238836	0.95495801	0.75558020	0.61435007	0.72238003	0.65091589	0.51502572	0.80046905	0.95759501	0.60459683	0.97501408	0.91111046	0.56431294	0.67155291	0.30921380	0.60658238	0.74380074	0.22023067	0.45620028	0.18639590	0.41762701	0.76166906	0.69787308	0.34344337	0.95898170	0.87538429	0.54645879	
0.72389482	0.54157809	0.69599501	0.80713993	0.98297634	0.96113537	0.65091589	0.61027333	0.80046905	0.95759501	0.60459683	0.97501408	0.91111046	0.56431294	0.67155291	0.40738850	0.45786759	0.74380074	0.22023067	0.68330625	0.18639590	0.25722978	0.76166906	0.69787308	0.43622463	0.95898170	0.89493201	0.54645879	
0.72389482	0.69002507	0.97295339	0.80713993	0.98297634	0.96113537	0.56862595	0.61027333	0.86009315	0.89651606	0.58526044	0.97501408	0.91111046	0.56431294	0.67155291	0.40738850	0.60814463	0.74380074	0.54924736	0.87637577	0.15650768	0.19687311	0.76166906	0.69787308	0.43622463	0.95898170	0.89493201	0.54645879	
0.72389482	0.90410402	0.86076579	0.80713993	0.95624466	0.96113537	0.56862595	0.61027333	0.86009315	0.95687315	0.58526044	0.97501408	0.91111046	0.56431294	0.67155291	0.60526773	0.36029289	0.74380074	0.85742156	0.58910770	0.04081949	0.19687311	0.76166906	0.71976998	0.43622463	0.95898170	0.89493201	0.54645879	
0.72389482	0.90410402	0.86076579	0.80713993	0.95096890	0.66454828	0.86565613	0.61027333	0.93107441	0.95908207	0.58526044	0.99916558	0.91111046	0.56431294	0.67155291	0.34723361	0.52805763	0.74380074	0.65102573	0.58910770	0.04081949	0.19687311	0.76166906	0.70147543	0.45401212	0.95898170	0.89493201	0.54645879	
0.67506550	0.87737673	0.73011295	0.80713993	0.67650866	0.66454828	0.86565613	0.68442830	0.93107441	0.80990445	0.72677003	0.99916558	0.91111046	0.56431294	0.67155291	0.73374658	0.58985447	0.74380074	0.61318303	0.58910770	0.16940872	0.19687311	0.88949673	0.70147543	0.45401212	0.95898170	0.89493201	0.55829826	
0.67506550	0.99193464	0.97626719	0.80713993	0.67286652	0.78250940	0.86565613	0.68442830	0.93107441	0.80990445	0.72677003	0.99916558	0.91111046	0.56431294	0.64321078	0.42140314	0.44467869	0.74380074	0.61318303	0.44290279	0.51566215	0.19687311	0.88949673	0.67645873	0.45401212	0.95898170	0.89493201	0.55829826	
0.67506550	0.99193464	0.97626719	0.80713993	0.67286652	0.74344647	0.74776669	0.68442830	0.93107441	0.80990445	0.60331613	0.99916558	0.91111046	0.56431294	0.64321078	0.42140314	0.84090936	0.68901052	0.64828846	0.44290279	0.46094649	0.11891288	0.88949673	0.67645873	0.45401212	0.95898170	0.89493201	0.55829826	
0.67506550	0.99193464	0.97626719	0.80713993	0.67286652	0.69786645	0.69395200	0.68442830	0.93107441	0.80990445	0.61648953	0.99916558	0.91111046	0.56431294	0.64321078	0.42140314	0.90906064	0.67064437	0.27040138	0.30979404	0.32624510	0.11891288	0.88949673	0.54998864	0.45401212	0.95898170	0.89372241	0.55829826	
0.72459309	0.76942395	0.97626719	0.87724217	0.53666146	0.73364202	0.69395200	0.68442830	0.93107441	0.80990445	0.61648953	0.99916558	0.91111046	0.56431294	0.64321078	0.42140314	0.90906064	0.67064437	0.17200252	0.48030865	0.25416712	0.11891288	0.87689862	0.66542429	0.45401212	0.95898170	0.89372241	0.55829826	
0.72459309	0.56970057	0.97626719	0.79464903	0.89925937	0.73364202	0.68685660	0.54779823	0.97781757	0.80990445	0.61648953	0.99916558	0.91111046	0.56431294	0.54054578	0.42140314	0.90906064	0.67064437	0.17200252	0.42598202	0.17574602	0.18881923	0.87689862	0.66542429	0.45401212	0.95898170	0.89372241	0.55829826	
0.59960274	0.53142619	0.97626719	0.79464903	0.95070400	0.73364202	0.68685660	0.73161873	0.97781757	0.80990445	0.61648953	0.96451170	0.91111046	0.56431294	0.54054578	0.29173310	0.71563241	0.67064437	0.43495061	0.34841383	0.28248679	0.18881923	0.87689862	0.76242895	0.48539473	0.95898170	0.89372241	0.55829826	
0.59960274	0.53142619	0.97626719	0.97482779	0.68118473	0.73364202	0.68685660	0.65753568	0.97781757	0.80990445	0.54919044	0.96451170	0.91111046	0.56431294	0.54054578	0.29173310	0.85059796	0.67064437	0.34203090	0.36137994	0.30495116	0.18881923	0.62035399	0.76242895	0.48539473	0.95898170	0.87807932	0.55829826	
0.59960274	0.54305557	0.97626719	0.97482779	0.75788707	0.73364202	0.68685660	0.65753568	0.97781757	0.80990445	0.54919044	0.96451170	0.91111046	0.56431294	0.54054578	0.23336362	0.77128175	0.67064437	0.40406055	0.72681182	0.47325273	0.18881923	0.62035399	0.76242895	0.48539473	0.95898170	0.87807932	0.55829826	
0.59960274	0.54305557	0.97626719	0.97482779	0.75788707	0.77607300	0.84971180	0.65753568	0.97781757	0.95267536	0.54919044	0.96451170	0.91111046	0.56431294	0.54054578	0.23336362	0.77128175	0.67064437	0.60089007	0.72681182	0.13601709	0.18881923	0.62035399	0.76242895	0.48539473	0.95898170	0.87807932	0.55829826	
0.59960274	0.54305557	0.97626719	0.86117165	0.75788707	0.86828613	0.84971180	0.75675041	0.87554234	0.95267536	0.54919044	0.96451170	0.91111046	0.56431294	0.50768870	0.23336362	0.77128175	0.67533649	0.46394236	0.61136064	0.22300417	0.40986612	0.62035399	0.76242895	0.48539473	0.95898170	0.87807932	0.55829826	
0.59960274	0.74098540	0.97626719	0.86117165	0.75788707	0.86828613	0.83738048	0.75675041	0.87554234	0.95267536	0.53877993	0.96451170	0.91111046	0.56431294	0.50768870	0.23336362	0.49890594	0.67533649	0.53696873	0.60648721	0.52342082	0.40986612	0.62035399	0.76242895	0.48539473	0.95898170	0.87807932	0.55829826	
0.59960274	0.63541671	0.76467989	0.86117165	0.75788707	0.91361231	0.83738048	0.75675041	0.87554234	0.95267536	0.71901541	0.96451170	0.91111046	0.56431294	0.50768870	0.23336362	0.49890594	0.67533649	0.53696873	0.32941391	0.45253507	0.40986612	0.62035399	0.76242895	0.52174325	0.95898170	0.87807932	0.55829826	
0.59960274	0.67894483	0.76467989	0.86117165	0.89925458	0.91361231	0.83738048	0.56224698	0.84387863	0.95267536	0.60431959	0.96451170	0.91111046	0.56431294	0.50768870	0.23336362	0.49890594	0.67533649	0.46145590	0.32941391	0.45253507	0.40986612	0.59847816	0.76242895	0.52174325	0.95898170	0.87807932	0.55829826	
0.59960274	0.63411837	0.76467989	0.86117165	0.89925458	0.68853799	0.64493072	0.88481388	0.89812894	0.95267536	0.60431959	0.96451170	0.91111046	0.56431294	0.55444063	0.55770665	0.24718174	0.67533649	0.62950787	0.52965013	0.45253507	0.26787025	0.59847816	0.82349695	0.52174325	0.95898170	0.87807932	0.55829826	
0.59960274	0.63411837	0.76467989	0.86117165	0.94888644	0.71304950	0.64493072	0.81997402	0.89812894	0.95267536	0.70520255	0.96451170	0.91111046	0.56431294	0.55444063	0.55770665	0.24718174	0.67533649	0.59614908	0.52965013	0.54817213	0.26787025	0.59847816	0.93061774	0.52174325	0.95898170	0.83152550	0.55829826	
0.59960274	0.63411837	0.76467989	0.86117165	0.94888644	0.59129136	0.64493072	0.81997402	0.89812894	0.93135929	0.63423722	0.96451170	0.91111046	0.56431294	0.55444063	0.55080660	0.06589269	0.67533649	0.79179327	0.52965013	0.15861038	0.26787025	0.55429929	0.93061774	0.52174325	0.95898170	0.83152550	0.55829826	
0.60490626	0.63411837	0.84750877	0.86117165	0.94888644	0.59129136	0.64493072	0.88638373	0.78641094	0.93135929	0.63423722	0.96451170	0.91111046	0.56431294	0.55444063	0.55080660	0.42493116	0.65021186	0.87572046	0.49802622	0.29342870	0.26787025	0.55429929	0.93061774	0.52174325	0.95898170	0.83152550	0.55829826	
0.61485541	0.63411837	0.84750877	0.68014064	0.94888644	0.59129136	0.64493072	0.71455728	0.78641094	0.93135929	0.63423722	0.96451170	0.91111046	0.56431294	0.55444063	0.55080660	0.34420641	0.65021186	0.79185944	0.49802622	0.19203730	0.26787025	0.23800691	0.89708686	0.57481870	0.95898170	0.83152550	0.55829826	
0.61485541	0.58663263	0.84750877	0.93549476	0.93232362	0.63370073	0.78555698	0.84624312	0.87703572	0.93135929	0.64522967	0.96451170	0.92002823	0.56431294	0.55444063	0.55080660	0.67925015	0.65021186	0.83572175	0.52970611	0.35114639	0.26787025	0.23800691	0.89708686	0.57481870	0.95898170	0.80357874	0.55829826	
0.61485541	0.58663263	0.78449003	0.96551284	0.93232362	0.59066341	0.78555698	0.87170220	0.98673779	0.93135929	0.64522967	0.96451170	0.92002823	0.56431294	0.55444063	0.55080660	0.54652294	0.65021186	0.84796059	0.52970611	0.17804082	0.26787025	0.54746205	0.89708686	0.54287915	0.95898170	0.80357874	0.55829826	
0.61485541	0.58663263	0.89496470	0.96551284	0.93232362	0.59066341	0.83948341	0.73015720	0.98673779	0.96873645	0.64522967	0.96451170	0.91431012	0.56431294	0.59152033	0.55080660	0.85539063	0.65021186	0.84796059	0.16460988	0.13358938	0.21116267	0.56410477	0.89708686	0.51775031	0.95898170	0.80357874	0.55829826	
0.61485541	0.58663263	0.89496470	0.96551284	0.93842543	0.80601055	0.76213826	0.86231658	0.98673779	0.96873645	0.62571983	0.96451170	0.91431012	0.56431294	0.59152033	0.55080660	0.85539063	0.48906167	0.59015772	0.55457155	0.14906267	0.21856904	0.56410477	0.89708686	0.51775031	0.95898170	0.80357874	0.55829826	
0.60867930	0.58663263	0.89496470	0.65726314	0.61985589	0.96854291	0.69141685	0.86231658	0.72303630	0.96873645	0.62571983	0.96451170	0.93338199	0.56431294	0.31755600	0.55080660	0.85539063	0.48906167	0.30574597	0.27891741	0.17108071	0.21856904	0.56410477	0.89708686	0.26103748	0.95898170	0.82030688	0.55829826	
0.60867930	0.58663263	0.89496470	0.72628282	0.61433768	0.61513446	0.60864968	0.86231658	0.87412385	0.89873172	0.52581936	0.96451170	0.93338199	0.56431294	0.54528202	0.29007051	0.85539063	0.35349357	0.59752440	0.53259330	0.25676945	0.29228713	0.56410477	0.89708686	0.26103748	0.95898170	0.82030688	0.55829826	
0.60867930	0.58663263	0.89496470	0.53452210	0.61433768	0.61513446	0.61301617	0.97801675	0.87412385	0.89873172	0.52581936	0.96451170	0.93338199	0.56431294	0.54528202	0.29007051	0.85539063	0.35349357	0.25291464	0.53259330	0.13936511	0.62096118	0.56959094	0.79546768	0.36047306	0.95898170	0.82030688	0.55829826	
0.60867930	0.74187626	0.99517803	0.53452210	0.79910629	0.61513446	0.74835980	0.97801675	0.87412385	0.89873172	0.52581936	0.96451170	0.93338199	0.56431294	0.54528202	0.66585767	0.85539063	0.35349357	0.59754644	0.51382716	0.13936511	0.62096118	0.56959094	0.79546768	0.36047306	0.95898170	0.82030688	0.55829826	
0.60867930	0.74187626	0.86067659	0.53452210	0.99575436	0.61513446	0.74298601	0.97801675	0.87412385	0.89873172	0.80045766	0.96451170	0.93338199	0.56431294	0.54528202	0.57203584	0.85539063	0.16057080	0.82332037	0.27346608	0.33701429	0.61315568	0.67726412	0.79546768	0.33361253	0.95898170	0.82030688	0.55829826	
0.60867930	0.65664566	0.86067659	0.53452210	0.99575436	0.64099136	0.74298601	0.82657698	0.73280453	0.89873172	0.73086427	0.96451170	0.93338199	0.56431294	0.54528202	0.31152986	0.85539063	0.42317454	0.90187105	0.55778079	0.66308362	0.61315568	0.67726412	0.79546768	0.33361253	0.95272330	0.82030688	0.55829826	
0.60867930	0.65664566	0.87263438	0.53452210	0.99575436	0.64099136	0.74298601	0.82657698	0.73280453	0.89873172	0.59874477	0.96451170	0.93338199	0.56431294	0.54528202	0.20845782	0.81260254	0.21682715	0.90187105	0.55778079	0.66308362	0.61315568	0.67726412	0.79546768	0.20155371	0.95272330	0.80530562	0.55829826	
0.60867930	0.65664566	0.87263438	0.53452210	0.99575436	0.90681275	0.74298601	0.82657698	0.79280705	0.89873172	0.59874477	0.96451170	0.93338199	0.56431294	0.54528202	0.21475741	0.81260254	0.21682715	0.69111299	0.79637787	0.71926771	0.61315568	0.68479880	0.79546768	0.32166928	0.95272330	0.80530562	0.55829826	
0.60867930	0.65664566	0.87263438	0.62144964	0.83112335	0.90681275	0.74298601	0.86558717	0.79280705	0.89873172	0.59874477	0.96451170	0.93338199	0.56431294	0.54528202	0.36139955	0.81260254	0.21682715	0.60284993	0.79637787	0.68409943	0.55772392	0.68479880	0.83593198	0.23450145	0.95272330	0.80530562	0.55829826	
0.60867930	0.59231367	0.87263438	0.62144964	0.83112335	0.96285015	0.74298601	0.86558717	0.79280705	0.89873172	0.99676201	0.96451170	0.93338199	0.56431294	0.54528202	0.36139955	0.81260254	0.25157666	0.50674527	0.60422767	0.69877971	0.55772392	0.68479880	0.83593198	0.23450145	0.95272330	0.82212322	0.55829826	
0.60867930	0.59231367	0.95708751	0.82265507	0.62836922	0.88776756	0.74298601	0.94405302	0.79280705	0.95897430	0.92675654	0.96451170	0.93338199	0.56431294	0.55194756	0.46080506	0.81260254	0.25157666	0.50674527	0.75556407	0.69877971	0.55772392	0.68479880	0.83593198	0.42398659	0.95272330	0.86745448	0.55829826	
0.60867930	0.59231367	0.91196658	0.82265507	0.72265040	0.88776756	0.74298601	0.72501522	0.79280705	0.95897430	0.99540278	0.96451170	0.93338199	0.56431294	0.55194756	0.46080506	0.45679429	0.25157666	0.50674527	0.75556407	0.69877971	0.55772392	0.70927989	0.83593198	0.41939095	0.95272330	0.86745448	0.55829826	
0.60867930	0.89774786	0.91196658	0.82265507	0.50739208	0.88776756	0.74298601	0.72501522	0.79280705	0.95897430	0.90552162	0.96451170	0.93338199	0.56431294	0.59344110	0.46080506	0.45679429	0.50044518	0.50674527	0.75556407	0.69877971	0.56086125	0.70927989	0.83593198	0.34278145	0.95272330	0.86745448	0.55829826	
0.60867930	0.89774786	0.90213854	0.82265507	0.65812106	0.88776756	0.74298601	0.96104876	0.79280705	0.95897430	0.96562587	0.96451170	0.93338199	0.56431294	0.59344110	0.46169125	0.07042546	0.50044518	0.49389727	0.75556407	0.46598187	0.56086125	0.68458853	0.82990609	0.34278145	0.95272330	0.86745448	0.55829826	
0.60867930	0.89774786	0.92189909	0.82265507	0.65812106	0.81172052	0.74298601	0.58606662	0.70509324	0.95897430	0.96562587	0.96451170	0.93338199	0.56431294	0.59344110	0.46144010	0.07042546	0.57945265	0.56197484	0.62787929	0.37876479	0.39108933	0.62659097	0.82990609	0.46863012	0.95272330	0.86745448	0.55829826	
0.60867930	0.89774786	0.92189909	0.82265507	0.65812106	0.81172052	0.74298601	0.61432271	0.85206988	0.95897430	0.96562587	0.96451170	0.93338199	0.56431294	0.59344110	0.44924381	0.07042546	0.57945265	0.56197484	0.41458615	0.37876479	0.39729362	0.79060068	0.83499986	0.46863012	0.95272330	0.86745448	0.55829826	
0.60867930	0.99844210	0.65803303	0.82265507	0.65812106	0.71235521	0.70436020	0.60616468	0.85206988	0.95897430	0.96562587	0.96451170	0.93338199	0.56431294	0.59344110	0.44924381	0.07042546	0.57945265	0.43083382	0.48793545	0.49746254	0.39729362	0.71926442	0.83499986	0.47866082	0.95272330	0.86745448	0.55829826	
0.65786993	0.64851136	0.76765640	0.99640293	0.65812106	0.89631911	0.54752624	0.60616468	0.85206988	0.95897430	0.79160559	0.96451170	0.93338199	0.56431294	0.59344110	0.21991928	0.07566139	0.57945265	0.25418529	0.85878839	0.27801228	0.36028805	0.71926442	0.83499986	0.47866082	0.95272330	0.86745448	0.55829826	
0.60471561	0.71291686	0.76765640	0.76226279	0.89709156	0.89631911	0.56294135	0.72630919	0.85206988	0.95897430	0.79160559	0.96451170	0.92607692	0.56431294	0.58100058	0.42180456	0.17111789	0.63490728	0.62918795	0.59372453	0.32957294	0.36028805	0.71926442	0.83499986	0.47866082	0.95272330	0.86745448	0.55829826	
0.60471561	0.51966708	0.76765640	0.84874266	0.89709156	0.89631911	0.56294135	0.72630919	0.91048898	0.95897430	0.72823187	0.96451170	0.92607692	0.56431294	0.58100058	0.42180456	0.11321137	0.63490728	0.48880012	0.86142626	0.43441660	0.36028805	0.81875618	0.87983934	0.44076846	0.95272330	0.86745448	0.55829826	
0.60471561	0.51966708	0.76765640	0.84874266	0.88387611	0.89631911	0.56294135	0.72630919	0.82440979	0.95897430	0.72823187	0.96451170	0.99512700	0.56431294	0.58100058	0.20246753	0.11321137	0.76952866	0.43072422	0.84322862	0.43441660	0.36028805	0.81875618	0.87983934	0.44076846	0.95272330	0.86745448	0.55829826	
0.60471561	0.51966708	0.56095235	0.80002882	0.88387611	0.89631911	0.56019563	0.69295737	0.82440979	0.95897430	0.68260668	0.96451170	0.99512700	0.56431294	0.18116374	0.20246753	0.11321137	0.76952866	0.23121667	0.84322862	0.16372285	0.36028805	0.81875618	0.87983934	0.44076846	0.95272330	0.86745448	0.55829826	
0.60471561	0.51966708	0.56095235	0.80002882	0.88387611	0.89631911	0.56019563	0.69032516	0.82440979	0.95897430	0.68260668	0.96451170	0.99512700	0.56431294	0.32727390	0.20246753	0.11321137	0.76952866	0.58041850	0.84322862	0.16372285	0.36028805	0.81875618	0.87983934	0.44076846	0.95272330	0.86745448	0.55829826	
0.60471561	0.52599662	0.56095235	0.77524831	0.94066492	0.86320084	0.56019563	0.69032516	0.83025202	0.95897430	0.68260668	0.96451170	0.99512700	0.56431294	0.32727390	0.24172391	0.11321137	0.76952866	0.24378102	0.54587363	0.16372285	0.36028805	0.80282883	0.87983934	0.31672483	0.95272330	0.92949224	0.55829826	
0.60471561	0.89623523	0.56095235	0.77524831	0.94066492	0.95943405	0.68170109	0.69032516	0.83025202	0.88639956	0.68260668	0.96451170	0.99512700	0.56431294	0.32727390	0.33428086	0.02727380	0.76952866	0.51275127	0.70994528	0.32007377	0.36028805	0.80282883	0.87983934	0.47407986	0.95272330	0.96012325	0.55829826	
0.60471561	0.89623523	0.78390891	0.77524831	0.96102473	0.95943405	0.72831492	0.69032516	0.83025202	0.88639956	0.93557459	0.96451170	0.99512700	0.56431294	0.32727390	0.33428086	0.13953284	0.76952866	0.75128809	0.70994528	0.34034599	0.54164710	0.80282883	0.87983934	0.60722930	0.95272330	0.96012325	0.55829826	
0.74886389	0.64528197	0.50893771	0.77524831	0.86106905	0.95943405	0.66917033	0.73890414	0.83025202	0.88639956	0.93557459	0.96451170	0.99512700	0.56431294	0.55581679	0.33428086	0.32602762	0.76952866	0.75128809	0.77965206	0.34034599	0.54164710	0.80282883	0.81403720	0.60722930	0.95272330	0.96012325	0.55829826	
0.74886389	0.59162763	0.81905053	0.92395258	0.88199903	0.78770455	0.66917033	0.90399420	0.83025202	0.88639956	0.93557459	0.96451170	0.99512700	0.56431294	0.55581679	0.33428086	0.24574615	0.80200691	0.73184515	0.75585750	0.34034599	0.58969214	0.80282883	0.81403720	0.60722930	0.95272330	0.96012325	0.55829826	
0.74886389	0.59162763	0.75742446	0.92395258	0.88199903	0.78770455	0.66917033	0.90399420	0.83865314	0.88639956	0.93557459	0.96451170	0.99512700	0.56431294	0.55581679	0.25356423	0.24574615	0.80200691	0.73184515	0.47206310	0.31323289	0.58969214	0.80282883	0.81403720	0.60722930	0.95272330	0.96012325	0.55829826	
0.74886389	0.59162763	0.75742446	0.92395258	0.88199903	0.95118787	0.66917033	0.90399420	0.83865314	0.88639956	0.93557459	0.96451170	0.99512700	0.56431294	0.55581679	0.25356423	0.24574615	0.80200691	0.78491826	0.43576040	0.38828745	0.58969214	0.80282883	0.81582186	0.60722930	0.95272330	0.96012325	0.55829826	
0.52299656	0.65236168	0.80858882	0.92395258	0.88199903	0.95118787	0.66917033	0.90399420	0.83865314	0.99734289	0.93557459	0.96451170	0.99512700	0.56431294	0.50998710	0.63151020	0.16251432	0.80200691	0.78491826	0.61248343	0.18853852	0.58969214	0.71716582	0.81582186	0.60722930	0.95272330	0.96012325	0.55829826	
0.52299656	0.65236168	0.94787186	0.86558977	0.80885666	0.95118787	0.66484581	0.90399420	0.85743447	0.99734289	0.93557459	0.96451170	0.99512700	0.56431294	0.50998710	0.32590148	0.48962528	0.83171937	0.50585258	0.76209652	0.09054839	0.58969214	0.71716582	0.92381644	0.60722930	0.95272330	0.96012325	0.55829826	
0.52299656	0.73182418	0.60324992	0.86558977	0.80885666	0.95118787	0.66484581	0.90399420	0.85743447	0.99734289	0.93557459	0.96451170	0.99512700	0.56431294	0.50998710	0.46281855	0.11363798	0.83171937	0.44570928	0.94324506	0.09054839	0.58789823	0.69373350	0.92381644	0.60722930	0.95272330	0.96012325	0.55829826	
0.52299656	0.73182418	0.66008597	0.86558977	0.52894019	0.95118787	0.66484581	0.74725997	0.93994509	0.99734289	0.93557459	0.96451170	0.96650673	0.56431294	0.50998710	0.14771135	0.11363798	0.83171937	0.07424260	0.94324506	0.21256076	0.58789823	0.69373350	0.92381644	0.65775090	0.95272330	0.96012325	0.55829826	
0.54518892	0.73182418	0.70358395	0.86558977	0.76172517	0.95118787	0.50527030	0.92529832	0.93994509	0.99734289	0.79080189	0.96451170	0.96650673	0.56431294	0.50998710	0.37894187	0.10276367	0.84031060	0.07424260	0.94324506	0.05807098	0.58789823	0.72469060	0.82055777	0.62394438	0.95272330	0.96012325	0.55829826	
0.54518892	0.53552918	0.90384053	0.86558977	0.76172517	0.95118787	0.50527030	0.92529832	0.85378583	0.99734289	0.79080189	0.96451170	0.96650673	0.56431294	0.49357175	0.40874582	0.23634795	0.84031060	0.39642889	0.54911479	0.05807098	0.58789823	0.72469060	0.82055777	0.62394438	0.95272330	0.96012325	0.55829826	
0.54518892	0.53552918	0.73868701	0.86558977	0.52540807	0.67585476	0.50527030	0.92529832	0.88907822	0.99734289	0.79080189	0.96451170	0.96650673	0.56431294	0.49357175	0.08824078	0.10045857	0.84031060	0.45304496	0.51673252	0.34667602	0.91837584	0.72469060	0.68489627	0.61103691	0.95272330	0.96012325	0.55829826	
0.54518892	0.80088440	0.53505458	0.96030289	0.52540807	0.61209664	0.50527030	0.92529832	0.92186117	0.99734289	0.79080189	0.96451170	0.96650673	0.56431294	0.49357175	0.08824078	0.23268560	0.70792667	0.51344810	0.24695794	0.34667602	0.91837584	0.72469060	0.68489627	0.61103691	0.95272330	0.96012325	0.55829826	
0.54518892	0.97905322	0.88730905	0.96030289	0.52540807	0.89808478	0.51899322	0.92529832	0.92186117	0.99734289	0.88258517	0.96451170	0.96650673	0.56431294	0.49357175	0.29863121	0.23987290	0.70792667	0.21356039	0.06285615	0.17685831	0.91837584	0.80024223	0.68489627	0.61103691	0.95272330	0.96012325	0.55829826	
0.54518892	0.97905322	0.87731254	0.96030289	0.52540807	0.67072157	0.72532843	0.92529832	0.94265518	0.99734289	0.88258517	0.96451170	0.96650673	0.56431294	0.49357175	0.29863121	0.03608969	0.74828255	0.24733637	0.30586234	0.47567478	0.91837584	0.80024223	0.68489627	0.61398126	0.95272330	0.96012325	0.55829826	
0.54518892	0.69455866	0.87731254	0.92174888	0.52540807	0.67072157	0.92615086	0.92529832	0.89943226	0.99734289	0.91512128	0.96451170	0.96650673	0.56431294	0.25418385	0.64778914	0.03608969	0.71647985	0.24733637	0.29796652	0.48865632	0.91837584	0.64542207	0.68489627	0.61398126	0.95272330	0.96012325	0.55829826	
0.54518892	0.69455866	0.96507987	0.94740478	0.78187753	0.60438861	0.72086609	0.92529832	0.89943226	0.99734289	0.77790242	0.96451170	0.96650673	0.56431294	0.25418385	0.64778914	0.10347763	0.71647985	0.24733637	0.41678914	0.48865632	0.68446937	0.74378245	0.68489627	0.61398126	0.95272330	0.96012325	0.55829826	
0.54518892	0.69455866	0.57957738	0.94740478	0.77782574	0.56911029	0.65690421	0.93853639	0.89943226	0.99734289	0.70692401	0.96451170	0.96650673	0.56431294	0.25418385	0.64778914	0.13449844	0.71647985	0.06066915	0.29228435	0.37499381	0.58612285	0.81560896	0.68489627	0.61398126	0.95272330	0.96012325	0.55829826	
0.54518892	0.69455866	0.80329180	0.94740478	0.77782574	0.57511538	0.65690421	0.93853639	0.89943226	0.99734289	0.70692401	0.96451170	0.96650673	0.56431294	0.19545529	0.58143028	0.17700946	0.71647985	0.29094790	0.01154094	0.55711119	0.58612285	0.81560896	0.68489627	0.61398126	0.95272330	0.96012325	0.55829826	
0.54518892	0.69455866	0.80329180	0.91865059	0.80531044	0.85388362	0.68590246	0.93853639	0.89943226	0.99734289	0.70692401	0.96451170	0.96650673	0.56431294	0.21336378	0.58143028	0.17700946	0.71647985	0.28465591	0.01154094	0.19000159	0.58612285	0.73535779	0.68489627	0.61398126	0.95272330	0.96012325	0.55829826	
0.54518892	0.69455866	0.55993407	0.82463890	0.81415502	0.57429422	0.68590246	0.93853639	0.89943226	0.99734289	0.70692401	0.96451170	0.96650673	0.56431294	0.21336378	0.58143028	0.44297780	0.71647985	0.65715085	0.12242421	0.00915388	0.58612285	0.77355865	0.68489627	0.61398126	0.95272330	0.93591255	0.55829826	
0.54518892	0.92345693	0.73471502	0.82463890	0.81415502	0.57429422	0.85248570	0.93853639	0.89943226	0.99734289	0.70692401	0.96451170	0.96650673	0.56431294	0.21336378	0.58143028	0.73254516	0.71647985	0.78251686	0.12242421	0.01098346	0.56434207	0.77355865	0.68489627	0.61398126	0.95272330	0.93591255	0.55829826	
0.54518892	0.72236755	0.73471502	0.82463890	0.81415502	0.57429422	0.85248570	0.93853639	0.93247297	0.99734289	0.73063538	0.96451170	0.96650673	0.56431294	0.21336378	0.58143028	0.73254516	0.65743060	0.73386514	0.50652260	0.15468243	0.56434207	0.60323954	0.98620263	0.61398126	0.95272330	0.87059183	0.55829826	
0.54518892	0.72236755	0.90210466	0.68300267	0.85204531	0.71171261	0.62071794	0.93853639	0.93247297	0.99734289	0.73063538	0.96451170	0.96650673	0.56431294	0.21336378	0.48585005	0.41898115	0.65743060	0.78285935	0.66292411	0.36154122	0.56434207	0.60323954	0.82504766	0.61398126	0.95272330	0.88493055	0.55829826	
0.54518892	0.72236755	0.84810842	0.78974099	0.85204531	0.71171261	0.59479674	0.93853639	0.79242912	0.99734289	0.67353742	0.96451170	0.96650673	0.56431294	0.21336378	0.48585005	0.12862026	0.65743060	0.78285935	0.66292411	0.33027725	0.56434207	0.55963668	0.82504766	0.61398126	0.95272330	0.92088028	0.55829826	
0.54518892	0.72236755	0.58198887	0.78974099	0.85204531	0.79915406	0.97046451	0.96668827	0.79242912	0.99734289	0.67353742	0.96451170	0.96650673	0.56431294	0.35139361	0.48585005	0.48758357	0.65743060	0.78285935	0.77586991	0.65641451	0.56434207	0.65172749	0.82504766	0.61398126	0.95272330	0.92088028	0.55829826	
0.54518892	0.85446544	0.58198887	0.71934697	0.85204531	0.79915406	0.97941393	0.96668827	0.79242912	0.99734289	0.80691439	0.97382049	0.96650673	0.56431294	0.48294687	0.78190555	0.48758357	0.65743060	0.77949320	0.77586991	0.84667491	0.56434207	0.76740470	0.82504766	0.61398126	0.95272330	0.92088028	0.54821103	
0.54518892	0.78759889	0.58198887	0.79528276	0.85204531	0.79915406	0.97941393	0.91027288	0.79242912	0.99734289	0.80691439	0.97382049	0.96650673	0.56431294	0.48294687	0.78190555	0.26866714	0.65743060	0.84681176	0.77586991	0.84667491	0.56434207	0.76740470	0.74687967	0.61398126	0.95272330	0.92088028	0.54821103	
0.54518892	0.78759889	0.61571547	0.79528276	0.96405488	0.79915406	0.97941393	0.91027288	0.79242912	0.99734289	0.80691439	0.97382049	0.95246831	0.56431294	0.48294687	0.78190555	0.26866714	0.65743060	0.61362455	0.77586991	0.75271210	0.56434207	0.76740470	0.77008318	0.69832461	0.95272330	0.92088028	0.54821103	
0.54518892	0.79026016	0.69172255	0.83569802	0.96405488	0.88294253	0.97941393	0.91027288	0.79242912	0.99734289	0.80691439	0.97382049	0.95246831	0.56431294	0.30516023	0.78190555	0.26866714	0.65743060	0.50882296	0.83541330	0.61847672	0.56434207	0.76740470	0.77008318	0.69832461	0.95272330	0.92088028	0.54821103	
0.54518892	0.79026016	0.69172255	0.89208876	0.93877347	0.91108435	0.81086843	0.99832455	0.79242912	0.99734289	0.80691439	0.97382049	0.95246831	0.56431294	0.49558464	0.78190555	0.31826566	0.65743060	0.73983745	0.83541330	0.65844292	0.59878414	0.76740470	0.77008318	0.65213109	0.95272330	0.92088028	0.54821103	
0.54518892	0.79026016	0.52832048	0.89208876	0.93877347	0.91108435	0.65987562	0.99832455	0.79242912	0.99734289	0.80691439	0.97382049	0.95246831	0.56431294	0.49558464	0.46356195	0.31826566	0.65743060	0.86517389	0.77994086	0.50457330	0.62845060	0.76740470	0.77008318	0.65213109	0.95272330	0.92088028	0.54821103	
0.50707576	0.90547319	0.67377281	0.85454830	0.93877347	0.91082889	0.88323494	0.99832455	0.79242912	0.99734289	0.73236836	0.97382049	0.95246831	0.56431294	0.50108697	0.46356195	0.66534751	0.65743060	0.51621629	0.50012056	0.45457555	0.62845060	0.76740470	0.77008318	0.65213109	0.95272330	0.92088028	0.54821103	
0.54850232	0.90547319	0.80860656	0.85454830	0.93877347	0.91082889	0.82112141	0.72971214	0.79242912	0.99734289	0.73236836	0.97382049	0.95246831	0.56431294	0.44992523	0.10154729	0.30038184	0.65743060	0.51314304	0.39323675	0.28188184	0.62845060	0.76740470	0.77008318	0.60469846	0.95272330	0.92088028	0.54821103	
0.54850232	0.67334758	0.80860656	0.69387733	0.93877347	0.68627556	0.82112141	0.72971214	0.79242912	0.99734289	0.73236836	0.97382049	0.95246831	0.56431294	0.44992523	0.10154729	0.31389290	0.63687850	0.26521865	0.57993761	0.01508312	0.62845060	0.76740470	0.77008318	0.60469846	0.95272330	0.92088028	0.54821103	
0.54850232	0.74150202	0.67805198	0.69387733	0.99283437	0.81877861	0.82112141	0.72971214	0.79242912	0.99734289	0.73236836	0.97382049	0.95246831	0.56431294	0.44992523	0.06992186	0.58141994	0.58345479	0.16048323	0.27619518	0.01508312	0.62845060	0.76740470	0.77008318	0.60469846	0.94530024	0.92088028	0.54821103	
0.59716570	0.74150202	0.67805198	0.69387733	0.99283437	0.81877861	0.75022512	0.72971214	0.79242912	0.99734289	0.71990960	0.97382049	0.95246831	0.56431294	0.44992523	0.06992186	0.57096320	0.58345479	0.10626143	0.00220544	0.14865756	0.62845060	0.76740470	0.77008318	0.60469846	0.94530024	0.92088028	0.54821103	
0.59716570	0.74150202	0.77931321	0.92841455	0.99283437	0.81877861	0.64689708	0.82693065	0.79242912	0.92172585	0.76822720	0.97382049	0.95246831	0.56431294	0.44992523	0.24358551	0.32145941	0.58345479	0.10626143	0.00220544	0.44205685	0.62845060	0.76740470	0.77008318	0.60469846	0.94530024	0.92088028	0.54821103	
0.59716570	0.56864795	0.77931321	0.92841455	0.99283437	0.91819872	0.73230100	0.82693065	0.79242912	0.85454974	0.65577784	0.97382049	0.95246831	0.56431294	0.44992523	0.34498060	0.47882589	0.66422198	0.13426211	0.00220544	0.53697119	0.67173596	0.60348075	0.77008318	0.60469846	0.94530024	0.92088028	0.54821103	
0.59716570	0.56864795	0.77931321	0.92841455	0.89411523	0.52494944	0.96846522	0.82693065	0.79242912	0.85454974	0.65577784	0.97382049	0.95246831	0.56431294	0.47865665	0.34498060	0.15814548	0.66422198	0.20246864	0.13108599	0.35370446	0.67173596	0.60348075	0.77008318	0.54610117	0.94530024	0.92088028	0.54821103	
0.59716570	0.74780133	0.76207510	0.92841455	0.88034351	0.52494944	0.96846522	0.93923575	0.79242912	0.85454974	0.65577784	0.97382049	0.95246831	0.56431294	0.47865665	0.49575295	0.49482922	0.44984131	0.16041225	0.25012975	0.35370446	0.77821059	0.60348075	0.77008318	0.54610117	0.94530024	0.92088028	0.53220430	
0.59716570	0.74780133	0.76207510	0.89397837	0.75747810	0.90993505	0.76380571	0.86332603	0.79242912	0.85454974	0.97323319	0.97382049	0.95246831	0.56431294	0.47865665	0.49575295	0.66524377	0.36048636	0.39601452	0.30117725	0.60234376	0.77821059	0.60348075	0.81505508	0.54610117	0.94530024	0.92088028	0.53220430	
0.59716570	0.97532618	0.76207510	0.74655773	0.77744545	0.90993505	0.84456793	0.86332603	0.79242912	0.85454974	0.97323319	0.97382049	0.95246831	0.55123771	0.47865665	0.74178158	0.66524377	0.58197184	0.15638652	0.14239478	0.69269920	0.77821059	0.60348075	0.81505508	0.54610117	0.94530024	0.89499937	0.53220430	
0.59716570	0.88694577	0.69920303	0.74655773	0.77744545	0.97342486	0.84456793	0.86332603	0.91660743	0.85454974	0.97323319	0.97382049	0.95246831	0.55123771	0.47865665	0.74178158	0.43114847	0.28541510	0.15638652	0.14239478	0.69269920	0.77821059	0.60348075	0.81505508	0.41414629	0.94530024	0.89499937	0.53220430	
0.59716570	0.88694577	0.54192148	0.74655773	0.64157736	0.87141557	0.98726415	0.87577289	0.96288148	0.85454974	0.82334884	0.97382049	0.94387988	0.55123771	0.47865665	0.81221665	0.43114847	0.23661938	0.49654997	0.14239478	0.76466302	0.77821059	0.66407139	0.81505508	0.70948234	0.94530024	0.89499937	0.53220430	
0.59716570	0.81336959	0.61112730	0.74655773	0.63366521	0.87141557	0.98726415	0.87577289	0.96288148	0.85454974	0.82334884	0.97382049	0.94387988	0.55123771	0.49380008	0.78513966	0.43114847	0.23661938	0.16802250	0.14239478	0.87896556	0.77821059	0.66407139	0.81505508	0.33628902	0.94668950	0.89499937	0.48042402	
0.59716570	0.81336959	0.98614477	0.83653303	0.93598450	0.70874279	0.98726415	0.87577289	0.96288148	0.85454974	0.91505558	0.97382049	0.94387988	0.55123771	0.39747749	0.78513966	0.40989286	0.61265202	0.16802250	0.14239478	0.87896556	0.77821059	0.66407139	0.81505508	0.47413775	0.94668950	0.89499937	0.48042402	
0.58953602	0.81336959	0.98614477	0.67256703	0.89731320	0.78519400	0.98726415	0.87162915	0.96288148	0.85454974	0.91505558	0.97382049	0.94387988	0.55123771	0.39747749	0.78513966	0.40989286	0.58174728	0.20386959	0.14239478	0.87896556	0.77821059	0.66407139	0.81505508	0.48045184	0.95429105	0.89849927	0.48042402	
0.57083255	0.81336959	0.60004145	0.95561369	0.89731320	0.51125846	0.98726415	0.87162915	0.96288148	0.85454974	0.91505558	0.99927143	0.94387988	0.55123771	0.42646608	0.57709287	0.50259461	0.58174728	0.20386959	0.32542541	0.87896556	0.77821059	0.66407139	0.81505508	0.48045184	0.95429105	0.89849927	0.48042402	
0.57083255	0.81336959	0.91641801	0.95561369	0.89731320	0.63303842	0.91097184	0.87162915	0.73554108	0.94858662	0.91505558	0.99927143	0.94387988	0.55123771	0.42646608	0.57709287	0.74550265	0.75138535	0.04771060	0.34330929	0.71406132	0.77821059	0.57345299	0.81505508	0.60484752	0.95429105	0.89849927	0.48042402	
0.63118511	0.81336959	0.91641801	0.95561369	0.52198385	0.71166556	0.91097184	0.87162915	0.73554108	0.94858662	0.91505558	0.99927143	0.94387988	0.56485867	0.42646608	0.57709287	0.73062312	0.75138535	0.05335771	0.24426236	0.71406132	0.77821059	0.57824864	0.81505508	0.73726159	0.95429105	0.89849927	0.48042402	
0.63118511	0.81336959	0.83041359	0.95561369	0.52198385	0.99815671	0.91097184	0.87162915	0.73554108	0.94858662	0.91505558	0.99927143	0.94387988	0.56485867	0.43563839	0.55857767	0.73062312	0.75138535	0.05335771	0.63038675	0.52078210	0.77821059	0.57824864	0.81505508	0.73726159	0.95429105	0.89849927	0.48042402	
0.63118511	0.81336959	0.83041359	0.90326088	0.52198385	0.96321405	0.91097184	0.87162915	0.79774724	0.83701039	0.91505558	0.99927143	0.94387988	0.56485867	0.43563839	0.56627028	0.73062312	0.75138535	0.05335771	0.27859457	0.52078210	0.77821059	0.57824864	0.79244586	0.73726159	0.95429105	0.89849927	0.48042402	
0.63118511	0.86043344	0.83041359	0.98447607	0.63787997	0.96321405	0.72334195	0.87162915	0.79774724	0.83701039	0.91505558	0.99927143	0.94387988	0.56485867	0.46186398	0.56627028	0.73062312	0.75138535	0.14695116	0.16104008	0.52078210	0.60555249	0.72214040	0.79244586	0.55652220	0.95429105	0.89849927	0.48042402	
0.52859312	0.86043344	0.83041359	0.98932973	0.92438795	0.80740998	0.63215466	0.87162915	0.79774724	0.83701039	0.72087707	0.99927143	0.94387988	0.56485867	0.46186398	0.56627028	0.40031064	0.75138535	0.36882603	0.10444088	0.52078210	0.60555249	0.77334362	0.79244586	0.55652220	0.95429105	0.89849927	0.48042402	
0.72277178	0.94836115	0.98745024	0.98932973	0.92438795	0.80740998	0.53832157	0.67260116	0.79774724	0.83701039	0.72087707	0.99927143	0.94387988	0.56485867	0.46186398	0.78953250	0.65661488	0.70885351	0.11658088	0.10444088	0.35018440	0.60555249	0.77334362	0.79244586	0.53918939	0.95429105	0.89849927	0.49633144	
0.72277178	0.94836115	0.98745024	0.98932973	0.91680623	0.81648063	0.71632400	0.71400805	0.79774724	0.83701039	0.70189666	0.99621972	0.94387988	0.53745248	0.46186398	0.79874307	0.97789786	0.91127396	0.00617384	0.45719351	0.35018440	0.60555249	0.77334362	0.79244586	0.53918939	0.95429105	0.89849927	0.49633144	
0.72277178	0.94836115	0.98745024	0.98932973	0.75072743	0.81648063	0.71765190	0.71400805	0.79774724	0.83701039	0.70189666	0.99621972	0.94387988	0.53745248	0.46186398	0.75221275	0.65734209	0.59170937	0.34505167	0.19552324	0.26940305	0.60555249	0.77334362	0.79244586	0.53918939	0.95429105	0.84561819	0.49633144	
0.68111456	0.94836115	0.92743478	0.60798100	0.54106114	0.81648063	0.55806778	0.77255771	0.79774724	0.83701039	0.80003523	0.99621972	0.94387988	0.53745248	0.46186398	0.75221275	0.65734209	0.56232960	0.21118812	0.19552324	0.11908144	0.58924783	0.77334362	0.79244586	0.53918939	0.95429105	0.84561819	0.45233219	
0.68330999	0.94836115	0.92743478	0.60798100	0.73058194	0.81648063	0.55806778	0.77255771	0.79774724	0.82394629	0.88774631	0.99621972	0.94387988	0.53745248	0.33092281	0.75006650	0.92660147	0.56232960	0.21118812	0.30053935	0.46352387	0.58924783	0.77334362	0.79244586	0.53918939	0.95429105	0.84561819	0.52399107	
0.68330999	0.94836115	0.92743478	0.87630181	0.82988495	0.82697670	0.55806778	0.77255771	0.79774724	0.82394629	0.88774631	0.99621972	0.94387988	0.53745248	0.33092281	0.75006650	0.55198804	0.34689025	0.47546155	0.62748087	0.20169231	0.58924783	0.77334362	0.76520226	0.53918939	0.95429105	0.84561819	0.52399107	
0.68330999	0.85370154	0.78495627	0.79563538	0.81817414	0.82697670	0.55806778	0.86850570	0.87634638	0.82394629	0.88774631	0.99621972	0.94387988	0.53745248	0.33092281	0.75006650	0.45985443	0.34689025	0.47546155	0.75918664	0.20169231	0.58924783	0.70914369	0.76520226	0.53918939	0.95429105	0.84517631	0.52399107	
0.68330999	0.80191507	0.78495627	0.79563538	0.60617487	0.91921519	0.55806778	0.86850570	0.97674436	0.82394629	0.88774631	0.99621972	0.94387988	0.53745248	0.33092281	0.75006650	0.45985443	0.34689025	0.47546155	0.46858015	0.45657474	0.58924783	0.70914369	0.76520226	0.53918939	0.95429105	0.84517631	0.52399107	
0.68330999	0.80191507	0.78495627	0.88860491	0.91821684	0.74587850	0.73692530	0.86800153	0.97674436	0.82394629	0.88774631	0.99621972	0.94387988	0.53745248	0.33891929	0.75006650	0.45985443	0.63776565	0.48085324	0.46858015	0.35395473	0.48641477	0.70914369	0.76520226	0.53918939	0.95429105	0.84517631	0.52399107	
0.67736130	0.94967831	0.78495627	0.88860491	0.65158668	0.74587850	0.73692530	0.73666444	0.97674436	0.82977133	0.95342111	0.99621972	0.89351244	0.53745248	0.39497107	0.66192528	0.67852664	0.63776565	0.48085324	0.32271281	0.45057339	0.58237749	0.70914369	0.76520226	0.53918939	0.95429105	0.84517631	0.52399107	
0.72955513	0.94967831	0.71704660	0.88860491	0.72636232	0.74587850	0.73692530	0.93626760	0.97674436	0.82977133	0.95342111	0.99621972	0.89351244	0.53745248	0.46041120	0.66192528	0.67852664	0.81630337	0.16192553	0.53721810	0.09113652	0.49736462	0.70914369	0.76520226	0.62871291	0.95429105	0.84517631	0.52399107	
0.72955513	0.94967831	0.90018833	0.98115231	0.72636232	0.74587850	0.70477450	0.93626760	0.97674436	0.82977133	0.95342111	0.99621972	0.89351244	0.53745248	0.42750091	0.66192528	0.84048121	0.70316573	0.42670159	0.53721810	0.25911826	0.49736462	0.70914369	0.76520226	0.62871291	0.95429105	0.84517631	0.52399107	
0.72955513	0.94967831	0.90018833	0.86293459	0.59952193	0.74587850	0.71535273	0.93626760	0.97674436	0.82977133	0.95342111	0.99621972	0.89351244	0.53745248	0.42750091	0.66192528	0.84048121	0.70316573	0.42670159	0.73674028	0.54190112	0.49736462	0.70914369	0.76520226	0.62871291	0.95429105	0.86927128	0.52399107	
0.72985408	0.89771149	0.90018833	0.86293459	0.59952193	0.80834816	0.95124937	0.93626760	0.88955451	0.88453861	0.92956588	0.99621972	0.89351244	0.53745248	0.42750091	0.66192528	0.84048121	0.70996805	0.46932903	0.73674028	0.90893929	0.49736462	0.70914369	0.76520226	0.62871291	0.95429105	0.86927128	0.52399107	
0.72985408	0.89771149	0.95940807	0.93195913	0.92487880	0.80834816	0.95124937	0.87119982	0.88955451	0.88453861	0.92956588	0.99621972	0.89351244	0.53745248	0.51702990	0.26447166	0.73978858	0.42784769	0.77631484	0.80361981	0.90893929	0.68894900	0.70601919	0.76030877	0.62871291	0.95429105	0.87386020	0.52399107	
0.52627297	0.98155164	0.95940807	0.93195913	0.92487880	0.81449293	0.92870768	0.87119982	0.88955451	0.88453861	0.92956588	0.99621972	0.89351244	0.53745248	0.51702990	0.39824429	0.73978858	0.42784769	0.56774998	0.80361981	0.59726942	0.68894900	0.70601919	0.76030877	0.62871291	0.95429105	0.78862892	0.52399107	
0.52627297	0.96642538	0.95940807	0.81269336	0.84810950	0.98446210	0.70039800	0.87119982	0.88955451	0.88453861	0.92956588	0.99621972	0.89351244	0.53745248	0.51702990	0.53802398	0.73978858	0.21768970	0.82036217	0.47586483	0.59726942	0.68894900	0.70601919	0.76030877	0.62871291	0.95429105	0.78862892	0.52399107	
0.54457437	0.96642538	0.95940807	0.81269336	0.85642700	0.98446210	0.93696647	0.87119982	0.72704959	0.88453861	0.92956588	0.99621972	0.89808396	0.53745248	0.51702990	0.53802398	0.73978858	0.19010219	0.70749186	0.52186216	0.59726942	0.64268096	0.70601919	0.76030877	0.62871291	0.95429105	0.78862892	0.52399107	
0.55877795	0.71824238	0.74659359	0.81269336	0.91579551	0.88344907	0.93696647	0.87119982	0.72704959	0.88453861	0.92956588	0.99621972	0.91714151	0.53745248	0.51702990	0.56716076	0.73978858	0.19010219	0.53263294	0.46806393	0.71665995	0.64268096	0.70601919	0.76030877	0.62871291	0.95429105	0.78862892	0.52399107	
0.55877795	0.98783029	0.74659359	0.82914464	0.91579551	0.72040015	0.93696647	0.97421985	0.72704959	0.88453861	0.92956588	0.99621972	0.91714151	0.53745248	0.51702990	0.56716076	0.73978858	0.51176492	0.83875893	0.27484571	0.71665995	0.83731465	0.70601919	0.76030877	0.62871291	0.95429105	0.86228425	0.52399107	
0.55877795	0.63104858	0.74659359	0.78154302	0.91579551	0.83322171	0.93696647	0.97421985	0.72704959	0.88453861	0.73326478	0.99621972	0.86299780	0.53745248	0.44099293	0.56716076	0.66951874	0.51176492	0.70062529	0.59637710	0.33828485	0.83731465	0.70601919	0.80986884	0.51038246	0.95429105	0.86228425	0.52399107	
0.55877795	0.63104858	0.74659359	0.87262813	0.78405313	0.63921389	0.93696647	0.97421985	0.95747468	0.82413160	0.81375380	0.99621972	0.86299780	0.53745248	0.44099293	0.56716076	0.66951874	0.48257108	0.46671380	0.35935170	0.48086825	0.75213267	0.70601919	0.80986884	0.63928974	0.95429105	0.86228425	0.52399107	
0.55877795	0.63104858	0.91148496	0.78976022	0.78405313	0.57868027	0.96090544	0.89334773	0.95747468	0.97296464	0.80702840	0.99621972	0.86299780	0.53745248	0.44099293	0.39091879	0.66951874	0.48257108	0.41980870	0.01071014	0.48086825	0.75213267	0.70601919	0.80986884	0.73009484	0.95429105	0.86228425	0.52399107	
0.55877795	0.66121493	0.91148496	0.69679906	0.72029859	0.57868027	0.96090544	0.89334773	0.95747468	0.97296464	0.93782066	0.99621972	0.86299780	0.53745248	0.44099293	0.36108903	0.71764489	0.48257108	0.34560179	0.33006187	0.58310345	0.75213267	0.70601919	0.80986884	0.73009484	0.95429105	0.86228425	0.52399107	
0.56814188	0.66121493	0.91148496	0.69679906	0.72029859	0.57868027	0.96090544	0.97822065	0.95747468	0.97296464	0.93782066	0.99621972	0.86299780	0.53745248	0.42347012	0.36108903	0.71764489	0.62687791	0.49259445	0.26536333	0.30238919	0.92819123	0.81000974	0.80986884	0.49698554	0.95429105	0.86228425	0.52399107	
0.56814188	0.66121493	0.73692881	0.65751371	0.81695093	0.88798478	0.96090544	0.97822065	0.95747468	0.94255361	0.93782066	0.99621972	0.94093123	0.53745248	0.42347012	0.16841025	0.71764489	0.62687791	0.20603672	0.17052693	0.22170750	0.75461445	0.81000974	0.80986884	0.49698554	0.95429105	0.86228425	0.52399107	
0.56814188	0.68294075	0.73692881	0.65751371	0.81695093	0.52719346	0.92973844	0.97822065	0.95747468	0.94255361	0.93782066	0.99621972	0.94093123	0.53745248	0.42347012	0.16841025	0.71764489	0.62687791	0.22762225	0.21547425	0.16337357	0.75461445	0.81000974	0.80986884	0.54261476	0.95429105	0.86228425	0.52399107	
0.56814188	0.68294075	0.73692881	0.65751371	0.81695093	0.91090437	0.76024772	0.97822065	0.95747468	0.94255361	0.85888501	0.99621972	0.94093123	0.53745248	0.42347012	0.16841025	0.71764489	0.61023821	0.19562943	0.21547425	0.16337357	0.75066063	0.81000974	0.80986884	0.54261476	0.95429105	0.86228425	0.52399107	
0.56814188	0.68294075	0.73692881	0.65751371	0.80958976	0.66054502	0.76024772	0.97822065	0.95747468	0.94255361	0.78945371	0.99621972	0.94093123	0.53533429	0.39343384	0.16841025	0.71764489	0.61023821	0.33752513	0.21547425	0.06389305	0.74635349	0.71780883	0.80986884	0.54261476	0.95429105	0.89333734	0.52399107	
0.66482513	0.68294075	0.73692881	0.85139512	0.80958976	0.83308062	0.76024772	0.97822065	0.94727611	0.94255361	0.78945371	0.99621972	0.94093123	0.53533429	0.39343384	0.35590122	0.71764489	0.80632648	0.53524197	0.58156534	0.07717861	0.67806039	0.83681739	0.87322545	0.54261476	0.95429105	0.89333734	0.52399107	
0.66482513	0.75339395	0.73692881	0.85139512	0.80958976	0.66856713	0.76024772	0.97822065	0.94727611	0.94255361	0.78945371	0.99621972	0.94093123	0.53533429	0.64711882	0.47683956	0.46649704	0.80899754	0.36955976	0.46216738	0.07717861	0.67806039	0.61029861	0.87322545	0.54261476	0.95429105	0.89333734	0.52399107	
0.69036775	0.75339395	0.85140616	0.95589223	0.55798064	0.95549430	0.72514216	0.81243258	0.94727611	0.94255361	0.78945371	0.99621972	0.94093123	0.53533429	0.64711882	0.27171968	0.43818390	0.80899754	0.43070707	0.11557572	0.07717861	0.67806039	0.64338832	0.87322545	0.51948807	0.95429105	0.89333734	0.52399107	
0.69036775	0.75851210	0.85140616	0.95589223	0.78060429	0.57085894	0.63851950	0.81048003	0.94727611	0.94255361	0.78945371	0.99621972	0.94093123	0.53533429	0.57971965	0.19247136	0.36734188	0.76175545	0.52554296	0.29084954	0.07717861	0.67806039	0.64338832	0.87322545	0.51948807	0.95429105	0.89333734	0.52399107	
0.69036775	0.98273278	0.85140616	0.86061311	0.86736772	0.57085894	0.63851950	0.81584834	0.94727611	0.96693997	0.78945371	0.99621972	0.94093123	0.53533429	0.57971965	0.17212996	0.53654035	0.76175545	0.17961781	0.29084954	0.10748961	0.67806039	0.68057997	0.87322545	0.47950979	0.95429105	0.89333734	0.52399107	
0.69036775	0.98273278	0.55526315	0.86061311	0.52946888	0.55966595	0.56898412	0.81584834	0.94727611	0.96693997	0.76073800	0.99621972	0.94093123	0.53533429	0.57971965	0.17212996	0.53654035	0.76175545	0.08770395	0.42958606	0.07531747	0.57745873	0.60438760	0.87322545	0.47950979	0.95429105	0.89333734	0.52399107	
0.69036775	0.98273278	0.55526315	0.86061311	0.69666263	0.55966595	0.56898412	0.61506486	0.94727611	0.96693997	0.76073800	0.98199090	0.94093123	0.53533429	0.57971965	0.17212996	0.53654035	0.76175545	0.18129118	0.35897070	0.35337169	0.57745873	0.52307876	0.87322545	0.47950979	0.95429105	0.89333734	0.52399107	
0.75121509	0.98273278	0.55526315	0.86061311	0.96424498	0.55966595	0.56898412	0.61506486	0.94727611	0.96693997	0.76073800	0.98199090	0.94093123	0.53533429	0.66746226	0.27072095	0.48462765	0.76175545	0.40876382	0.06629983	0.35337169	0.57745873	0.25950018	0.87322545	0.47950979	0.95429105	0.89333734	0.52399107	
0.78520900	0.98273278	0.68936163	0.86061311	0.96424498	0.55966595	0.56898412	0.61506486	0.94727611	0.96693997	0.76073800	0.98199090	0.94093123	0.53533429	0.62162589	0.27072095	0.23229453	0.76175545	0.12115837	0.05288737	0.19966961	0.57496370	0.25950018	0.93120448	0.68851732	0.95429105	0.89333734	0.52399107	
0.83289597	0.65114424	0.68936163	0.86061311	0.94235249	0.55966595	0.56898412	0.61506486	0.69960130	0.98438485	0.76073800	0.98199090	0.94093123	0.53533429	0.39150564	0.26029986	0.25175607	0.76175545	0.12115837	0.05288737	0.14833747	0.57496370	0.25950018	0.93120448	0.68851732	0.95429105	0.89333734	0.52399107	
0.83022557	0.66080102	0.68936163	0.86061311	0.77919986	0.55966595	0.56898412	0.75856587	0.92663389	0.98438485	0.80868255	0.98199090	0.94093123	0.53533429	0.61485054	0.20646396	0.10872613	0.76175545	0.26448708	0.06660312	0.52176743	0.57496370	0.09955051	0.93120448	0.68851732	0.95429105	0.89333734	0.52399107	
0.83022557	0.66080102	0.91715404	0.86061311	0.55190781	0.72895019	0.76347111	0.75856587	0.92663389	0.98438485	0.69096897	0.98199090	0.94093123	0.53533429	0.61485054	0.18004154	0.16166281	0.76175545	0.45867705	0.36627764	0.52176743	0.57496370	0.12591293	0.93120448	0.68851732	0.95429105	0.89333734	0.52399107	
0.83022557	0.54039406	0.88498822	0.86061311	0.53821277	0.72895019	0.76347111	0.75856587	0.92663389	0.98438485	0.69096897	0.98199090	0.94093123	0.53533429	0.61485054	0.18004154	0.16166281	0.76175545	0.45867705	0.36627764	0.52176743	0.57496370	0.19896353	0.93120448	0.68851732	0.95429105	0.89333734	0.52399107	
0.83022557	0.54039406	0.90887422	0.86061311	0.54881676	0.72102548	0.76347111	0.75856587	0.92663389	0.98438485	0.72377529	0.98199090	0.92472941	0.53533429	0.61485054	0.19566974	0.16166281	0.76175545	0.43033249	0.03680376	0.41625421	0.57496370	0.19896353	0.93120448	0.62525677	0.95429105	0.91392119	0.52399107	
0.83022557	0.61529522	0.90887422	0.86061311	0.69356812	0.72102548	0.83948736	0.75856587	0.90910399	0.98438485	0.72377529	0.98199090	0.92472941	0.53533429	0.61485054	0.53482725	0.21194784	0.76175545	0.20493310	0.03680376	0.79775165	0.57496370	0.19896353	0.93120448	0.58205523	0.97352376	0.91392119	0.52399107	
0.83022557	0.61529522	0.99593686	0.86061311	0.70926415	0.72102548	0.83948736	0.63470955	0.90910399	0.98438485	0.72377529	0.98199090	0.92472941	0.53533429	0.29716188	0.53482725	0.09396222	0.76175545	0.24002114	0.40478655	0.79775165	0.57496370	0.19896353	0.93120448	0.58205523	0.97352376	0.91392119	0.52399107	
0.83022557	0.72390752	0.60281257	0.82625183	0.70926415	0.82419179	0.83948736	0.63470955	0.63026015	0.98438485	0.72377529	0.98199090	0.92472941	0.53533429	0.45514678	0.27340189	0.09396222	0.70495173	0.24002114	0.40478655	0.73173669	0.57496370	0.25862124	0.93120448	0.58205523	0.97352376	0.91392119	0.52399107	
0.79905734	0.70493676	0.58594771	0.82625183	0.80045898	0.82419179	0.97683906	0.63470955	0.63026015	0.98438485	0.72377529	0.98199090	0.93061291	0.53533429	0.45514678	0.27340189	0.09396222	0.70495173	0.49255924	0.40069995	0.84182880	0.57496370	0.25862124	0.93120448	0.61213187	0.97352376	0.91392119	0.52399107	
0.74371757	0.70493676	0.61749335	0.76650248	0.60320503	0.73118714	0.97683906	0.63470955	0.63026015	0.98438485	0.72377529	0.98199090	0.93061291	0.53533429	0.63043268	0.40472740	0.09396222	0.70495173	0.10369725	0.35562582	0.84182880	0.57496370	0.25862124	0.93120448	0.61213187	0.97352376	0.91392119	0.52399107	
0.74371757	0.70493676	0.55215859	0.97311516	0.72150334	0.78607865	0.97683906	0.63470955	0.63026015	0.98438485	0.72377529	0.98199090	0.93061291	0.53533429	0.63043268	0.68087258	0.09396222	0.70495173	0.10369725	0.32291156	0.55205425	0.57496370	0.25862124	0.93120448	0.61213187	0.97352376	0.91392119	0.52399107	
0.74371757	0.70493676	0.80564086	0.97311516	0.72150334	0.96056682	0.97683906	0.63470955	0.63026015	0.98438485	0.77815404	0.98199090	0.93061291	0.53533429	0.63043268	0.68087258	0.09396222	0.70495173	0.10369725	0.03149615	0.91940819	0.57496370	0.25862124	0.93120448	0.59907766	0.97352376	0.91392119	0.52399107	
0.74371757	0.70493676	0.95973054	0.97311516	0.72150334	0.96056682	0.97683906	0.63470955	0.63026015	0.94561055	0.76625204	0.97405847	0.93061291	0.53533429	0.67510277	0.60241392	0.42929523	0.70495173	0.01604865	0.05386297	0.86365600	0.57496370	0.25862124	0.93120448	0.59907766	0.97352376	0.91392119	0.52399107	
0.74371757	0.70493676	0.98911903	0.97311516	0.95209844	0.96056682	0.95422275	0.77935944	0.63026015	0.94956743	0.76625204	0.97405847	0.94034252	0.53533429	0.67510277	0.60241392	0.59155097	0.70495173	0.23016693	0.33934432	0.95116508	0.57496370	0.25862124	0.93120448	0.59907766	0.97352376	0.91392119	0.52399107	
0.74371757	0.70493676	0.88118294	0.97311516	0.76393472	0.96056682	0.95422275	0.61286516	0.63026015	0.94956743	0.76625204	0.97405847	0.94034252	0.53533429	0.67510277	0.60241392	0.84751278	0.64375591	0.19015429	0.62549095	0.95116508	0.59453546	0.25862124	0.93120448	0.58846995	0.97352376	0.91392119	0.51620887	
0.74371757	0.97158441	0.88118294	0.96759491	0.89538558	0.96056682	0.95422275	0.61286516	0.63026015	0.94956743	0.76625204	0.97405847	0.94803880	0.53323554	0.67510277	0.45550858	0.84751278	0.64375591	0.52809665	0.79683237	0.95116508	0.60363283	0.25963615	0.93120448	0.73986861	0.97352376	0.91392119	0.51620887	
0.74371757	0.96012476	0.88118294	0.96759491	0.65794975	0.96056682	0.95422275	0.61286516	0.63026015	0.94956743	0.76625204	0.97405847	0.94803880	0.53323554	0.67510277	0.45550858	0.84751278	0.64375591	0.52809665	0.79683237	0.86499759	0.60363283	0.25963615	0.93120448	0.73986861	0.97352376	0.91392119	0.51620887	
0.64316282	0.68325404	0.90321504	0.96759491	0.65794975	0.96056682	0.95422275	0.77442363	0.63026015	0.94956743	0.76625204	0.97405847	0.94803880	0.53323554	0.59911947	0.22670710	0.45607758	0.64375591	0.26287611	0.76153380	0.86499759	0.60363283	0.23863212	0.93120448	0.73986861	0.97352376	0.91392119	0.51620887	
0.64316282	0.74049724	0.90321504	0.82319958	0.65794975	0.86509689	0.91977936	0.77442363	0.63026015	0.94956743	0.76625204	0.97405847	0.94803880	0.53323554	0.59911947	0.36243812	0.28574602	0.64375591	0.24153496	0.45925579	0.80709845	0.60363283	0.26328148	0.93120448	0.73986861	0.97352376	0.91392119	0.51620887	
0.64316282	0.74049724	0.90321504	0.82319958	0.65794975	0.94644278	0.81916674	0.77442363	0.63026015	0.94956743	0.95473471	0.97405847	0.94803880	0.53323554	0.59911947	0.70707427	0.48033101	0.64375591	0.39091762	0.76163245	0.61171604	0.60363283	0.53972014	0.84993668	0.73986861	0.97352376	0.91392119	0.51620887	
0.64316282	0.70769150	0.69760627	0.82319958	0.65794975	0.94644278	0.67448831	0.77442363	0.80687408	0.94956743	0.95473471	0.97405847	0.94803880	0.53323554	0.59911947	0.42892082	0.40720484	0.64375591	0.27090974	0.65033496	0.61171604	0.60363283	0.53972014	0.84993668	0.73986861	0.97352376	0.91392119	0.51620887	
0.64316282	0.73786916	0.61458455	0.82319958	0.50245279	0.67194668	0.61826749	0.77442363	0.80687408	0.94956743	0.98487434	0.99228030	0.94803880	0.53323554	0.59911947	0.42892082	0.53811392	0.64375591	0.34848579	0.65033496	0.61171604	0.60363283	0.53972014	0.84993668	0.73986861	0.98717645	0.91127518	0.51620887	
0.64316282	0.73786916	0.61458455	0.82319958	0.50245279	0.98414830	0.61826749	0.77442363	0.80687408	0.95314779	0.98487434	0.99228030	0.94803880	0.53323554	0.59911947	0.49471300	0.53811392	0.69918371	0.34848579	0.36676230	0.38574201	0.60363283	0.53972014	0.84993668	0.73986861	0.98717645	0.91127518	0.51620887	
0.68152240	0.70596348	0.61458455	0.82319958	0.50245279	0.58646295	0.58878526	0.77442363	0.80687408	0.95314779	0.98487434	0.99228030	0.94803880	0.53323554	0.59911947	0.49471300	0.50353469	0.68457213	0.32400350	0.36676230	0.01618074	0.73617587	0.59644608	0.84993668	0.73986861	0.98717645	0.91127518	0.51620887	
0.68152240	0.70596348	0.71119540	0.95958090	0.50245279	0.58071253	0.98134517	0.77442363	0.80687408	0.95314779	0.98487434	0.99228030	0.94803880	0.51929742	0.59911947	0.49616518	0.50353469	0.68457213	0.35066091	0.36676230	0.08091139	0.73617587	0.59644608	0.84993668	0.84727355	0.98717645	0.91127518	0.51620887	
0.68152240	0.70596348	0.70937248	0.89380400	0.50245279	0.58071253	0.98134517	0.77442363	0.80687408	0.95314779	0.98487434	0.99228030	0.94803880	0.51747438	0.66357453	0.49616518	0.18888597	0.68457213	0.12641063	0.36676230	0.24911137	0.77302140	0.59644608	0.84993668	0.65651999	0.98717645	0.91289682	0.51620887	
0.68152240	0.70596348	0.57578398	0.89380400	0.50245279	0.58071253	0.98134517	0.77442363	0.80687408	0.95314779	0.98487434	0.99228030	0.94803880	0.51747438	0.66357453	0.58282211	0.41412493	0.68229455	0.15173084	0.36676230	0.10583467	0.77302140	0.59644608	0.91564811	0.65651999	0.98717645	0.91289682	0.51620887	
0.68152240	0.70596348	0.65267221	0.88261080	0.50245279	0.81961648	0.66666048	0.83791685	0.80687408	0.95314779	0.74794415	0.99228030	0.94803880	0.51747438	0.67870432	0.45730509	0.53393090	0.53011312	0.39035690	0.70237107	0.13216432	0.77302140	0.59644608	0.91564811	0.64318133	0.98717645	0.91289682	0.51620887	
0.68152240	0.87665664	0.87069761	0.88261080	0.50245279	0.81961648	0.66666048	0.83791685	0.80687408	0.95314779	0.74794415	0.99228030	0.94803880	0.51747438	0.67870432	0.45730509	0.53017509	0.53011312	0.26254072	0.76585701	0.48641533	0.77302140	0.59644608	0.91564811	0.64318133	0.98717645	0.91289682	0.51620887	
0.68152240	0.52071411	0.87069761	0.95710644	0.50245279	0.81961648	0.66666048	0.83791685	0.76323223	0.95314779	0.85706336	0.99228030	0.94803880	0.52315229	0.30414874	0.45730509	0.75158501	0.75902367	0.46972236	0.76585701	0.39555307	0.77302140	0.59644608	0.91564811	0.56306974	0.98717645	0.91289682	0.51620887	
0.68152240	0.52071411	0.87069761	0.95710644	0.57612759	0.81961648	0.66666048	0.83791685	0.87530634	0.99384931	0.84037165	0.99228030	0.94803880	0.52315229	0.33201361	0.45730509	0.75158501	0.75902367	0.39057756	0.58700653	0.38395322	0.77302140	0.59644608	0.92727574	0.56306974	0.98717645	0.91289682	0.51620887	
0.68152240	0.52071411	0.87069761	0.95710644	0.76684949	0.64184924	0.66666048	0.83791685	0.87530634	0.99384931	0.84037165	0.99228030	0.94803880	0.52315229	0.64132169	0.22669338	0.77791060	0.82660858	0.39057756	0.62384555	0.20397218	0.77302140	0.59644608	0.92727574	0.56306974	0.98717645	0.91289682	0.51620887	
0.68152240	0.74173489	0.87069761	0.95710644	0.72435617	0.91432023	0.66666048	0.83791685	0.85736365	0.99384931	0.84037165	0.99228030	0.94803880	0.52315229	0.64132169	0.20359075	0.46594566	0.82660858	0.42000595	0.66320827	0.02136464	0.77302140	0.66435822	0.92727574	0.53428093	0.98717645	0.92192403	0.51620887	
0.85860160	0.74173489	0.74086137	0.95710644	0.72435617	0.91432023	0.66666048	0.97880062	0.85736365	0.99384931	0.77790864	0.99228030	0.94803880	0.52315229	0.64132169	0.41423091	0.46594566	0.82660858	0.40693971	0.66320827	0.36724645	0.73116482	0.66435822	0.92727574	0.53428093	0.98717645	0.92192403	0.51620887	
0.76526808	0.81519550	0.74086137	0.95710644	0.57045644	0.91432023	0.66666048	0.97880062	0.85736365	0.99384931	0.90859581	0.99228030	0.94803880	0.52315229	0.64132169	0.43121975	0.34278948	0.95397031	0.28291944	0.39641913	0.15406471	0.76766320	0.66435822	0.92727574	0.53428093	0.98717645	0.92192403	0.51620887	
0.76526808	0.59400435	0.50427207	0.95710644	0.72030914	0.91432023	0.66666048	0.84518392	0.85736365	0.99384931	0.95173637	0.99228030	0.94803880	0.52315229	0.64132169	0.16801883	0.43618543	0.95397031	0.22163960	0.67548439	0.15406471	0.76766320	0.66435822	0.94913503	0.53428093	0.98717645	0.92737395	0.51620887	
0.76526808	0.83885453	0.86678776	0.95710644	0.73253959	0.91432023	0.66666048	0.84518392	0.85736365	0.99384931	0.65795880	0.99228030	0.94803880	0.52315229	0.64132169	0.16801883	0.05732900	0.95397031	0.22163960	0.41220438	0.31579551	0.76766320	0.61937671	0.94913503	0.53428093	0.98717645	0.94342602	0.51620887	
0.76526808	0.66026795	0.78376899	0.95710644	0.55964394	0.91243307	0.66666048	0.84518392	0.86982676	0.99384931	0.65795880	0.99228030	0.94803880	0.52315229	0.64132169	0.16801883	0.05732900	0.95397031	0.07102654	0.12303128	0.63894209	0.76766320	0.68808453	0.85636373	0.53428093	0.98717645	0.94342602	0.51620887	
0.79524271	0.66026795	0.76418825	0.95710644	0.56802125	0.91243307	0.66666048	0.84518392	0.90205604	0.98248027	0.65795880	0.99228030	0.94803880	0.52315229	0.68001007	0.16801883	0.40632611	0.95397031	0.07102654	0.12303128	0.64592029	0.76766320	0.68808453	0.85636373	0.53428093	0.98717645	0.94342602	0.51620887	
0.80155967	0.66026795	0.55462530	0.95710644	0.76716054	0.78500074	0.66666048	0.84518392	0.98591655	0.98248027	0.65795880	0.99228030	0.94803880	0.52315229	0.68001007	0.21158176	0.46368262	0.95397031	0.01964584	0.12303128	0.54125680	0.76766320	0.68808453	0.85636373	0.53428093	0.98717645	0.94342602	0.51620887	
0.80827325	0.56655678	0.55462530	0.95710644	0.76716054	0.78500074	0.66666048	0.84518392	0.98591655	0.98248027	0.65795880	0.99228030	0.94803880	0.52315229	0.68001007	0.21158176	0.42018284	0.70079295	0.09731206	0.04671531	0.37442756	0.76766320	0.68808453	0.80316226	0.53428093	0.98717645	0.94342602	0.51620887	
0.89625141	0.56655678	0.55462530	0.95710644	0.63068010	0.78500074	0.66666048	0.84518392	0.98591655	0.98248027	0.65795880	0.99228030	0.94803880	0.52315229	0.68001007	0.49339784	0.27454584	0.89200226	0.09731206	0.43041904	0.08394838	0.76766320	0.95872775	0.80316226	0.32075310	0.98717645	0.94342602	0.51620887	
0.89625141	0.56655678	0.87875809	0.95710644	0.63068010	0.62315888	0.80520808	0.84518392	0.98591655	0.98248027	0.73161350	0.99228030	0.94803880	0.52315229	0.68001007	0.48407091	0.27454584	0.95022669	0.09731206	0.31317192	0.08394838	0.76766320	0.95872775	0.80316226	0.32075310	0.98717645	0.94342602	0.51620887	
0.89625141	0.59978630	0.87875809	0.95710644	0.60144094	0.62315888	0.74388854	0.99160744	0.98591655	0.98248027	0.81601080	0.99228030	0.94803880	0.52315229	0.74411853	0.48407091	0.62457004	0.95022669	0.09731206	0.31317192	0.41538651	0.76766320	0.95872775	0.80316226	0.32075310	0.98717645	0.94342602	0.51620887	
0.76767394	0.59978630	0.87875809	0.95710644	0.57145748	0.98026406	0.74388854	0.99160744	0.98591655	0.98248027	0.81601080	0.99228030	0.94803880	0.52315229	0.74411853	0.32648155	0.62457004	0.88000224	0.46433449	0.51739387	0.41538651	0.76766320	0.95872775	0.80316226	0.30475311	0.98717645	0.94342602	0.51620887	
0.76767394	0.59978630	0.81745578	0.95710644	0.57145748	0.98026406	0.52729896	0.96592696	0.98591655	0.98248027	0.68539381	0.99228030	0.94803880	0.52315229	0.67798350	0.32648155	0.28888655	0.88000224	0.46433449	0.47864279	0.41538651	0.67298524	0.95872775	0.83161281	0.30475311	0.98717645	0.94342602	0.51620887	
0.76767394	0.51339854	0.81745578	0.95710644	0.92401992	0.70910508	0.52729896	0.96592696	0.98591655	0.94978685	0.68539381	0.99228030	0.94803880	0.53384461	0.67798350	0.32648155	0.28888655	0.88000224	0.78705328	0.61143692	0.26203381	0.66382613	0.95872775	0.83161281	0.30475311	0.98717645	0.94342602	0.51620887	
0.76767394	0.51339854	0.87764026	0.95710644	0.92401992	0.70910508	0.76467351	0.96592696	0.98591655	0.93598970	0.59131203	0.99228030	0.94803880	0.53384461	0.67798350	0.21864344	0.46397508	0.89650705	0.78705328	0.61143692	0.26203381	0.66382613	0.95872775	0.83161281	0.30475311	0.98717645	0.94342602	0.51620887	
0.76767394	0.51339854	0.87764026	0.95710644	0.92401992	0.90541596	0.62682131	0.96592696	0.98591655	0.98493928	0.59131203	0.99228030	0.94803880	0.53384461	0.67798350	0.05463671	0.82544334	0.89650705	0.51778031	0.61143692	0.47455563	0.66382613	0.81959883	0.83161281	0.30475311	0.98717645	0.94342602	0.51620887	
0.76767394	0.51339854	0.92545294	0.95710644	0.92401992	0.90541596	0.62682131	0.96592696	0.93262411	0.92467429	0.59131203	0.99228030	0.94803880	0.53384461	0.67798350	0.32637005	0.82544334	0.89650705	0.14795911	0.38780829	0.47455563	0.66382613	0.81959883	0.80991345	0.30475311	0.98717645	0.94342602	0.51620887	
0.69972112	0.72513329	0.92545294	0.95710644	0.92401992	0.88868494	0.62682131	0.96592696	0.93262411	0.92467429	0.63312590	0.99228030	0.94803880	0.53384461	0.67798350	0.32637005	0.76402841	0.89650705	0.14795911	0.72662496	0.13725872	0.70046047	0.81959883	0.80991345	0.30475311	0.98717645	0.94342602	0.51620887	
0.67493204	0.72513329	0.92545294	0.95710644	0.92401992	0.88868494	0.69874865	0.96592696	0.93262411	0.92467429	0.63312590	0.99228030	0.94803880	0.53384461	0.61671634	0.32637005	0.61568054	0.89650705	0.47736796	0.72662496	0.19204953	0.71950176	0.81959883	0.80991345	0.30475311	0.98717645	0.94342602	0.51620887	
0.67493204	0.99357164	0.86081402	0.97834795	0.61179365	0.88868494	0.69361686	0.99457352	0.93262411	0.93618457	0.63312590	0.99228030	0.94803880	0.53384461	0.61671634	0.32637005	0.61568054	0.89650705	0.33443271	0.86314725	0.47074205	0.71950176	0.59114822	0.80991345	0.43533517	0.98717645	0.94341257	0.51620887	
0.67493204	0.99357164	0.75495069	0.96594502	0.61179365	0.88868494	0.69361686	0.99457352	0.99858768	0.93618457	0.63312590	0.99228030	0.94803880	0.53384461	0.61671634	0.42432035	0.34890644	0.61507507	0.49525981	0.81289850	0.41779118	0.82966726	0.80464687	0.80991345	0.23525545	0.98717645	0.94341257	0.51620887	
0.67493204	0.99357164	0.76253769	0.96594502	0.61179365	0.88868494	0.91771485	0.99457352	0.99858768	0.93618457	0.51426613	0.99228030	0.94803880	0.53384461	0.61671634	0.64315959	0.47956665	0.61507507	0.10920710	0.84352110	0.72441004	0.82966726	0.47782859	0.80991345	0.33801351	0.98717645	0.94341257	0.51620887	
0.67493204	0.99357164	0.74595134	0.70936566	0.61179365	0.88868494	0.79237361	0.99457352	0.99858768	0.93618457	0.51426613	0.99228030	0.94803880	0.53384461	0.61671634	0.57945529	0.52932022	0.61507507	0.10920710	0.44506452	0.50128634	0.82966726	0.40110472	0.80991345	0.33801351	0.98717645	0.94341257	0.51620887	
0.67493204	0.96623686	0.99045094	0.83469593	0.61179365	0.83586038	0.79237361	0.99457352	0.99858768	0.93618457	0.51426613	0.99228030	0.94803880	0.53384461	0.61671634	0.87477457	0.87635764	0.31428123	0.05467675	0.34227818	0.25006461	0.74708437	0.49891616	0.80991345	0.46947079	0.98717645	0.94341257	0.51620887	
0.67493204	0.96623686	0.99045094	0.83469593	0.61179365	0.91964241	0.79237361	0.99457352	0.88460452	0.93618457	0.63733732	0.99228030	0.94803880	0.53384461	0.61671634	0.52517731	0.87635764	0.60386314	0.30153398	0.68078042	0.11359072	0.74708437	0.49891616	0.80991345	0.58972611	0.98717645	0.94341257	0.51620887	
0.67493204	0.98404424	0.99045094	0.60460624	0.83977727	0.91964241	0.79237361	0.99457352	0.88460452	0.93618457	0.63733732	0.99228030	0.94803880	0.53384461	0.61671634	0.78759107	0.90994457	0.55393272	0.46958587	0.87075487	0.36691722	0.74708437	0.49891616	0.80991345	0.58972611	0.98717645	0.94341257	0.51620887	
0.67493204	0.98404424	0.99045094	0.76915056	0.91115989	0.91964241	0.79237361	0.99457352	0.88460452	0.96301010	0.63733732	0.99228030	0.94803880	0.53384461	0.61671634	0.89310496	0.90994457	0.72263432	0.51694137	0.48913755	0.29594838	0.74708437	0.49891616	0.80991345	0.58972611	0.98717645	0.94341257	0.51620887	
0.67493204	0.91373660	0.99045094	0.76915056	0.91115989	0.77992213	0.79237361	0.99457352	0.86215130	0.96301010	0.63733732	0.99228030	0.94803880	0.53384461	0.49941557	0.89310496	0.90374356	0.51758312	0.64553293	0.22366291	0.26614583	0.78352416	0.49891616	0.80991345	0.58972611	0.98717645	0.94341257	0.51620887	
0.67493204	0.91373660	0.99045094	0.76915056	0.72735339	0.56135332	0.93310995	0.99457352	0.73919956	0.98316772	0.69407858	0.99228030	0.94803880	0.53384461	0.52866167	0.88503117	0.90374356	0.51758312	0.64553293	0.10484639	0.26614583	0.78352416	0.49891616	0.80991345	0.58972611	0.98717645	0.94341257	0.51620887	
0.57393362	0.91373660	0.99045094	0.83231137	0.72735339	0.56135332	0.93310995	0.99457352	0.57171019	0.98316772	0.69407858	0.99228030	0.94803880	0.53384461	0.54006800	0.88503117	0.90374356	0.51758312	0.64553293	0.47912981	0.15777455	0.83783857	0.49891616	0.94112780	0.48314751	0.98717645	0.94341257	0.51620887	
0.57393362	0.91373660	0.99045094	0.83231137	0.91504622	0.56135332	0.93310995	0.99457352	0.57171019	0.98316772	0.95088256	0.99228030	0.94803880	0.53384461	0.54006800	0.66710169	0.90916237	0.51758312	0.64553293	0.14252579	0.20338067	0.94250834	0.49891616	0.94112780	0.48314751	0.98717645	0.89975237	0.51620887	
0.57393362	0.91373660	0.92695787	0.76225958	0.91504622	0.74711709	0.80704774	0.99457352	0.57171019	0.98316772	0.91735278	0.99228030	0.94803880	0.53384461	0.54006800	0.86403612	0.90916237	0.51758312	0.64553293	0.10545903	0.15816671	0.94250834	0.49891616	0.94112780	0.55308772	0.98717645	0.89975237	0.51620887	
0.57393362	0.91373660	0.92695787	0.88200349	0.91504622	0.62925063	0.80704774	0.99457352	0.57171019	0.98316772	0.91735278	0.99228030	0.94803880	0.53384461	0.54006800	0.87435519	0.90916237	0.51758312	0.35232750	0.36356246	0.27777223	0.79848072	0.49891616	0.96776191	0.55308772	0.98717645	0.89975237	0.51620887	
0.57393362	0.91373660	0.92695787	0.88200349	0.91504622	0.62925063	0.74841535	0.99457352	0.57171019	0.98316772	0.91735278	0.99228030	0.94803880	0.53384461	0.54006800	0.87435519	0.90916237	0.36851935	0.16150986	0.26138910	0.63630340	0.79848072	0.49891616	0.96776191	0.55308772	0.98717645	0.89975237	0.51620887	
0.57393362	0.91373660	0.92695787	0.88200349	0.77301562	0.62925063	0.74841535	0.99457352	0.57171019	0.98316772	0.91735278	0.99228030	0.94803880	0.53384461	0.54006800	0.72266023	0.90916237	0.54202728	0.16150986	0.59513535	0.63630340	0.79848072	0.49891616	0.96776191	0.55308772	0.98717645	0.89975237	0.51620887	
0.72966596	0.94446287	0.92695787	0.88200349	0.82692904	0.62925063	0.74841535	0.84801788	0.57171019	0.98316772	0.91735278	0.99228030	0.94803880	0.53384461	0.54006800	0.72266023	0.90916237	0.63981784	0.09406124	0.59513535	0.63014324	0.79848072	0.49891616	0.96776191	0.55308772	0.98717645	0.89975237	0.51620887	
0.66447481	0.94446287	0.92695787	0.88200349	0.82692904	0.84621495	0.74841535	0.84801788	0.63077571	0.98316772	0.91735278	0.99228030	0.94803880	0.53384461	0.54006800	0.87038523	0.90916237	0.45306900	0.25413397	0.46475497	0.63014324	0.79848072	0.50720398	0.96776191	0.55308772	0.98717645	0.89975237	0.51620887	
0.66447481	0.94446287	0.92695787	0.88200349	0.87032913	0.60588611	0.74841535	0.84801788	0.59920760	0.98316772	0.91735278	0.99228030	0.94803880	0.53384461	0.54006800	0.79663151	0.90916237	0.15167681	0.61685337	0.46475497	0.54573783	0.79848072	0.50720398	0.96776191	0.55497364	0.98717645	0.89975237	0.51620887	
0.66447481	0.94446287	0.92695787	0.88200349	0.62954296	0.60588611	0.74841535	0.84801788	0.55790625	0.98316772	0.91735278	0.99228030	0.94803880	0.51746131	0.61450991	0.79663151	0.90916237	0.15167681	0.52727493	0.46475497	0.20620111	0.79848072	0.50720398	0.96776191	0.55497364	0.98717645	0.89975237	0.51620887	
0.66447481	0.94446287	0.92695787	0.60875185	0.61735524	0.94603135	0.74841535	0.84801788	0.55790625	0.98316772	0.91735278	0.99228030	0.94803880	0.51746131	0.65408571	0.61926405	0.90916237	0.14835104	0.52727493	0.46475497	0.20620111	0.79848072	0.50720398	0.96776191	0.55497364	0.98717645	0.89975237	0.51620887	
0.66447481	0.94446287	0.92695787	0.60875185	0.61735524	0.94603135	0.87552486	0.84801788	0.55790625	0.98316772	0.91735278	0.99228030	0.97270702	0.51746131	0.65408571	0.61926405	0.90916237	0.14835104	0.52727493	0.19132378	0.20620111	0.79848072	0.46472153	0.96776191	0.55497364	0.98717645	0.89975237	0.51620887	
0.66447481	0.94446287	0.92695787	0.68281855	0.95784383	0.60164211	0.87528570	0.84801788	0.55790625	0.98316772	0.91735278	0.99228030	0.97270702	0.51746131	0.47955016	0.61926405	0.90916237	0.14835104	0.19366460	0.00254849	0.24930214	0.79848072	0.46472153	0.94372799	0.55497364	0.98717645	0.89975237	0.51620887	
0.66447481	0.94446287	0.91816604	0.67104408	0.67273806	0.60164211	0.83403912	0.84801788	0.55790625	0.98316772	0.91735278	0.99228030	0.97270702	0.51746131	0.47955016	0.61926405	0.90916237	0.14835104	0.52458905	0.00254849	0.20779557	0.79848072	0.46472153	0.94372799	0.50664215	0.98717645	0.89975237	0.51620887	
0.66447481	0.71958492	0.91816604	0.75556636	0.60740101	0.60164211	0.87636225	0.86787968	0.55790625	0.98316772	0.91735278	0.99228030	0.97270702	0.51746131	0.53169811	0.61926405	0.90916237	0.14835104	0.52458905	0.04040521	0.22325493	0.79848072	0.53962285	0.94372799	0.50664215	0.98717645	0.89975237	0.51620887	
0.66447481	0.68424095	0.91687762	0.63779520	0.60740101	0.60164211	0.87636225	0.86787968	0.76866229	0.98316772	0.91422899	0.99228030	0.97270702	0.51746131	0.53169811	0.61926405	0.90916237	0.14835104	0.31714771	0.35857772	0.11098740	0.79848072	0.61014483	0.94372799	0.47930332	0.98717645	0.87082708	0.51620887	
0.66447481	0.68424095	0.91687762	0.63779520	0.60740101	0.60164211	0.94092376	0.86787968	0.73803208	0.98316772	0.91422899	0.99228030	0.97270702	0.51746131	0.53169811	0.61926405	0.90916237	0.18393396	0.09329411	0.56735074	0.07295013	0.79848072	0.61014483	0.94372799	0.47930332	0.98717645	0.87082708	0.51620887	
0.66264806	0.68424095	0.91687762	0.93277311	0.69509484	0.60164211	0.94092376	0.88299617	0.73803208	0.98316772	0.91422899	0.99228030	0.97270702	0.51746131	0.43010794	0.61926405	0.90916237	0.18393396	0.09329411	0.56735074	0.22076813	0.79848072	0.61014483	0.94372799	0.52315258	0.98717645	0.87082708	0.51620887	
0.66264806	0.68121225	0.91687762	0.58428877	0.69509484	0.64159212	0.94092376	0.88299617	0.73803208	0.95261044	0.91422899	0.99228030	0.97270702	0.51746131	0.43010794	0.67890917	0.90916237	0.18393396	0.02131258	0.20680575	0.08385519	0.87520646	0.61014483	0.89020069	0.52315258	0.98717645	0.87082708	0.51620887	
0.66264806	0.68121225	0.91687762	0.85111927	0.86938861	0.88396202	0.94092376	0.88367347	0.73803208	0.95261044	0.91422899	0.99228030	0.97270702	0.51746131	0.53109342	0.33407774	0.90916237	0.18393396	0.16183219	0.28303852	0.07005390	0.87520646	0.58629346	0.89020069	0.52315258	0.98717645	0.87082708	0.51620887	
0.66264806	0.68121225	0.91687762	0.78552831	0.91958497	0.88396202	0.94092376	0.88367347	0.73803208	0.95261044	0.89425170	0.99228030	0.97270702	0.51746131	0.61325651	0.19046714	0.90916237	0.10656147	0.35991357	0.12704754	0.09415951	0.87520646	0.44434223	0.89020069	0.49902782	0.98717645	0.87082708	0.51620887	
0.66264806	0.68121225	0.97431924	0.78552831	0.91958497	0.61759848	0.81069461	0.88367347	0.73803208	0.95261044	0.80634179	0.99228030	0.97270702	0.51746131	0.61325651	0.58165353	0.90916237	0.10656147	0.30313721	0.12704754	0.32827245	0.87520646	0.44434223	0.89020069	0.43251230	0.98717645	0.87082708	0.51620887	
0.83977368	0.88091581	0.97431924	0.78552831	0.95839444	0.78460367	0.67324429	0.88367347	0.74042734	0.95261044	0.80634179	0.99228030	0.98728353	0.51746131	0.61325651	0.58165353	0.94627030	0.10656147	0.59199300	0.00556192	0.53032860	0.87520646	0.36388140	0.89020069	0.43251230	0.98717645	0.87082708	0.51620887	
0.83977368	0.88091581	0.97431924	0.93783307	0.95839444	0.84257765	0.67324429	0.88367347	0.68970342	0.95261044	0.80634179	0.99228030	0.98728353	0.51746131	0.61325651	0.58165353	0.65169270	0.19008889	0.83063114	0.00556192	0.37272550	0.87520646	0.36388140	0.89020069	0.43251230	0.98717645	0.87082708	0.51620887	
0.83977368	0.88091581	0.97431924	0.64690780	0.95839444	0.84257765	0.67324429	0.88367347	0.68970342	0.95261044	0.80634179	0.99228030	0.98728353	0.51746131	0.61325651	0.58165353	0.52965802	0.19008889	0.86238287	0.31124218	0.37272550	0.87520646	0.36388140	0.89020069	0.43251230	0.98717645	0.87082708	0.51620887	
0.83977368	0.88091581	0.97431924	0.64690780	0.95839444	0.62695016	0.75421645	0.88367347	0.78944940	0.95261044	0.80634179	0.99228030	0.98728353	0.51746131	0.61325651	0.51213343	0.64733417	0.43465022	0.86238287	0.46181764	0.57418944	0.87520646	0.36388140	0.85367965	0.43251230	0.98717645	0.87082708	0.51620887	
0.83977368	0.88091581	0.99775202	0.70335358	0.95839444	0.62695016	0.75421645	0.88367347	0.88312332	0.95261044	0.80634179	0.99228030	0.98728353	0.51746131	0.61325651	0.34262309	0.87154646	0.43465022	0.88475399	0.20032076	0.71251142	0.87520646	0.46387838	0.85367965	0.43251230	0.98717645	0.93815858	0.51620887	
0.87691583	0.56102772	0.99775202	0.91909778	0.95839444	0.62695016	0.75421645	0.88367347	0.88312332	0.95261044	0.61015407	0.99228030	0.98728353	0.51746131	0.78384519	0.34262309	0.93333325	0.29290724	0.49247601	0.18424624	0.71251142	0.87520646	0.44611401	0.85367965	0.43251230	0.98717645	0.93815858	0.51620887	
0.87691583	0.78990357	0.99775202	0.91909778	0.95031846	0.71767749	0.75421645	0.88367347	0.81612586	0.95261044	0.62218734	0.99228030	0.98728353	0.51746131	0.78384519	0.47652547	0.93333325	0.29290724	0.16254845	0.14848022	0.71251142	0.87520646	0.44611401	0.85367965	0.43251230	0.98717645	0.93815858	0.51620887	
0.87691583	0.82964062	0.99775202	0.91909778	0.63708032	0.71767749	0.75421645	0.88367347	0.81612586	0.95261044	0.62218734	0.99228030	0.98728353	0.51746131	0.71869783	0.47652547	0.93333325	0.29290724	0.20981480	0.54184973	0.71251142	0.87520646	0.44611401	0.85367965	0.43251230	0.98717645	0.93815858	0.51620887	
0.87691583	0.63339285	0.99775202	0.92389356	0.63708032	0.86180230	0.75421645	0.88367347	0.97742664	0.95261044	0.51094117	0.99228030	0.98728353	0.51746131	0.79737921	0.47652547	0.91535224	0.14748083	0.45729818	0.34964072	0.71251142	0.87520646	0.44611401	0.85367965	0.43251230	0.98717645	0.93815858	0.51620887	
0.87691583	0.63339285	0.99775202	0.56045205	0.53337361	0.77255114	0.78297594	0.88367347	0.98166756	0.95261044	0.51094117	0.99228030	0.98728353	0.51746131	0.77246353	0.35378067	0.91535224	0.14748083	0.33034038	0.23428927	0.71251142	0.87520646	0.62972916	0.85367965	0.32152629	0.98717645	0.93815858	0.51620887	
0.87691583	0.72071129	0.99775202	0.56045205	0.53337361	0.51247331	0.78297594	0.97768257	0.98166756	0.95261044	0.51094117	0.99228030	0.98728353	0.51746131	0.77246353	0.15198327	0.89926976	0.49820496	0.33034038	0.08497475	0.73302465	0.87520646	0.62972916	0.85367965	0.33345877	0.98717645	0.93815858	0.51620887	
0.87469771	0.69233984	0.99775202	0.56045205	0.53337361	0.51247331	0.82094228	0.97768257	0.98166756	0.95261044	0.51094117	0.99228030	0.98728353	0.51746131	0.77246353	0.47603429	0.89926976	0.14555829	0.21825646	0.00616654	0.61211208	0.87520646	0.62972916	0.85367965	0.33345877	0.98717645	0.93815858	0.51620887	
0.87469771	0.60684796	0.99775202	0.67105274	0.76180731	0.51247331	0.81044841	0.97768257	0.98469138	0.95261044	0.51094117	0.99228030	0.98728353	0.51746131	0.77246353	0.45214771	0.96516556	0.53932926	0.30707371	0.00616654	0.59807066	0.87520646	0.51530599	0.85367965	0.27501845	0.98717645	0.93815858	0.51620887	
0.87469771	0.61441044	0.99775202	0.91368537	0.79701226	0.81339716	0.81044841	0.88168074	0.98469138	0.95261044	0.51094117	0.99228030	0.98728353	0.51746131	0.52778775	0.45214771	0.96516556	0.53932926	0.18502260	0.00616654	0.59807066	0.87520646	0.51530599	0.85367965	0.27501845	0.98717645	0.93815858	0.51620887	
0.87469771	0.61441044	0.99775202	0.71583338	0.52623288	0.76682305	0.68246348	0.88168074	0.98469138	0.95261044	0.64155474	0.99228030	0.98728353	0.51746131	0.62523626	0.45214771	0.78190387	0.53932926	0.18502260	0.11616273	0.49792304	0.87520646	0.62836798	0.86630971	0.27501845	0.98717645	0.93985071	0.51620887	
0.87469771	0.81990958	0.81774821	0.88271985	0.52623288	0.83444150	0.68246348	0.88168074	0.98469138	0.95261044	0.64155474	0.99228030	0.98728353	0.51746131	0.76142751	0.25823598	0.78190387	0.53932926	0.18502260	0.11616273	0.27188399	0.86722650	0.67592922	0.86630971	0.40149648	0.98717645	0.93985071	0.51620887	
0.87469771	0.79208109	0.86554575	0.73124040	0.52623288	0.50399888	0.53342904	0.88168074	0.98469138	0.95261044	0.77376539	0.99228030	0.98728353	0.51746131	0.84137272	0.25823598	0.78190387	0.53932926	0.41348325	0.11616273	0.43120066	0.66837656	0.67592922	0.84892248	0.40149648	0.98717645	0.93985071	0.51620887	
0.87469771	0.79208109	0.86554575	0.86183357	0.52623288	0.50399888	0.53342904	0.80057131	0.98469138	0.95261044	0.77376539	0.99228030	0.98728353	0.51746131	0.84137272	0.48765877	0.78190387	0.29937408	0.41907412	0.11616273	0.43269343	0.66837656	0.77728420	0.84892248	0.40149648	0.98717645	0.93985071	0.51620887	
0.85856085	0.88408285	0.86554575	0.87760018	0.82257528	0.67374934	0.64919493	0.71294509	0.92410470	0.95261044	0.77376539	0.99228030	0.98728353	0.51746131	0.84137272	0.87458311	0.85609362	0.01685762	0.68704598	0.09052532	0.23694906	0.66837656	0.78134072	0.84892248	0.48693950	0.98717645	0.93985071	0.51620887	
0.85856085	0.88408285	0.89455550	0.91952615	0.75156036	0.73747249	0.97691286	0.71294509	0.92410470	0.95261044	0.77376539	0.99228030	0.98728353	0.51746131	0.84137272	0.87458311	0.85609362	0.22484119	0.55361355	0.34939560	0.23694906	0.62980280	0.78134072	0.84892248	0.48693950	0.98717645	0.93985071	0.51620887	
0.85856085	0.88408285	0.89455550	0.95225047	0.75156036	0.68679323	0.97691286	0.83046840	0.92410470	0.95261044	0.77376539	0.99228030	0.98728353	0.51746131	0.84137272	0.87458311	0.85609362	0.14766447	0.62742618	0.34464014	0.43142017	0.51470146	0.78134072	0.84892248	0.48693950	0.98717645	0.93985071	0.51620887	
0.85856085	0.88408285	0.89455550	0.97471519	0.75156036	0.91578928	0.97691286	0.83046840	0.92410470	0.95261044	0.77376539	0.99228030	0.98728353	0.51746131	0.81001346	0.87458311	0.85609362	0.22232319	0.62742618	0.67310269	0.30914473	0.76540718	0.79626496	0.81980585	0.48693950	0.98717645	0.93985071	0.51620887	
0.85856085	0.88408285	0.89455550	0.97471519	0.93174023	0.91578928	0.97691286	0.83046840	0.92410470	0.95261044	0.77376539	0.99228030	0.98728353	0.51746131	0.81001346	0.88124010	0.70325948	0.22232319	0.49859009	0.72549195	0.29426872	0.76540718	0.65199632	0.83840539	0.48693950	0.98717645	0.93985071	0.51620887	
0.85856085	0.88408285	0.92293853	0.97471519	0.93174023	0.73961680	0.97691286	0.83046840	0.92410470	0.95261044	0.77376539	0.99228030	0.98728353	0.51746131	0.81001346	0.87588052	0.75227856	0.34522949	0.49859009	0.67450356	0.59359536	0.78338135	0.65199632	0.88281517	0.43882351	0.98717645	0.92965642	0.51620887	
0.85856085	0.88408285	0.92293853	0.85301762	0.93174023	0.73961680	0.97691286	0.83046840	0.92410470	0.95261044	0.97396703	0.99228030	0.98728353	0.51746131	0.81001346	0.61769861	0.88627275	0.34522949	0.30162448	0.67450356	0.59359536	0.74878400	0.65199632	0.88281517	0.40974620	0.98717645	0.92965642	0.51620887	
0.85856085	0.88408285	0.92293853	0.97984023	0.61305304	0.73961680	0.97691286	0.82193739	0.92410470	0.95261044	0.82147973	0.99228030	0.96878082	0.51746131	0.81001346	0.86145542	0.85640327	0.34522949	0.32924376	0.67450356	0.63164678	0.74878400	0.65199632	0.88281517	0.42415106	0.98717645	0.92965642	0.51620887	
0.85856085	0.88408285	0.92293853	0.97825861	0.76012482	0.87951447	0.97691286	0.82193739	0.77587079	0.95261044	0.82147973	0.99228030	0.96878082	0.51746131	0.81001346	0.76785353	0.91153099	0.61482971	0.64410060	0.54820052	0.63164678	0.57013241	0.65199632	0.88281517	0.42415106	0.98717645	0.92965642	0.51620887	
0.85856085	0.88408285	0.92293853	0.97825861	0.79258402	0.82399654	0.97691286	0.80773342	0.77587079	0.95261044	0.82147973	0.99228030	0.96878082	0.51746131	0.84621075	0.76458725	0.86618109	0.61482971	0.26138957	0.61043927	0.90342421	0.57013241	0.65199632	0.88281517	0.42973360	0.98717645	0.92965642	0.51620887	
0.85856085	0.83407685	0.92293853	0.97825861	0.79258402	0.82399654	0.97162817	0.80773342	0.77587079	0.99009685	0.82147973	0.99228030	0.96878082	0.51746131	0.84621075	0.72113646	0.48566345	0.61482971	0.26138957	0.31016407	0.90342421	0.57013241	0.65199632	0.88281517	0.42973360	0.98717645	0.92965642	0.51620887	
0.85856085	0.83407685	0.92293853	0.72680168	0.55246395	0.59061820	0.98363745	0.80773342	0.76740537	0.99009685	0.82147973	0.99228030	0.96878082	0.51746131	0.84621075	0.38303424	0.57644180	0.61482971	0.48775306	0.19083533	0.90342421	0.57013241	0.70749277	0.88281517	0.22649101	0.98717645	0.92965642	0.51620887	
0.85856085	0.83407685	0.92293853	0.72680168	0.91723660	0.60259966	0.98363745	0.71039600	0.76740537	0.99009685	0.61024885	0.99228030	0.96878082	0.51746131	0.84621075	0.38303424	0.27219803	0.61482971	0.44677513	0.50449562	0.62337366	0.57013241	0.70749277	0.88281517	0.17366134	0.98717645	0.92965642	0.51620887	
0.85856085	0.83407685	0.95655895	0.72680168	0.91723660	0.74633934	0.83384596	0.71039600	0.76740537	0.99009685	0.76217135	0.99228030	0.96878082	0.51746131	0.84621075	0.74212714	0.56361304	0.49987291	0.73654176	0.73794772	0.48560118	0.57013241	0.69444693	0.88281517	0.17366134	0.98717645	0.92965642	0.51620887	
0.85856085	0.83407685	0.95655895	0.72680168	0.82765489	0.74633934	0.62833528	0.71257435	0.76740537	0.99009685	0.94449668	0.99228030	0.96878082	0.51746131	0.84621075	0.64560480	0.22382932	0.49987291	0.73654176	0.73794772	0.48560118	0.57013241	0.69444693	0.88281517	0.47675053	0.98717645	0.92965642	0.51620887	
0.85856085	0.83407685	0.79077230	0.72680168	0.82765489	0.76359465	0.62833528	0.71257435	0.80074495	0.99009685	0.94449668	0.99228030	0.96878082	0.51746131	0.84621075	0.64560480	0.25204169	0.45017221	0.66956898	0.73794772	0.48560118	0.66400042	0.69444693	0.88281517	0.37246786	0.98717645	0.92965642	0.51620887	
0.85856085	0.83407685	0.79077230	0.72680168	0.83563267	0.76359465	0.62833528	0.71257435	0.80091012	0.99009685	0.94449668	0.99228030	0.95202973	0.51622666	0.84621075	0.36363788	0.33295638	0.45017221	0.66705984	0.73794772	0.22002224	0.66400042	0.69444693	0.88281517	0.37246786	0.98717645	0.92965642	0.51620887	
0.85856085	0.95816296	0.79077230	0.59985120	0.83563267	0.76359465	0.62833528	0.66734816	0.80091012	0.99009685	0.94449668	0.99228030	0.95202973	0.51622666	0.79948200	0.36363788	0.33295638	0.45017221	0.66705984	0.73794772	0.46654950	0.66400042	0.74124446	0.88281517	0.37246786	0.98717645	0.92965642	0.51620887	
0.85856085	0.76885384	0.79077230	0.59393180	0.83127445	0.84771293	0.62833528	0.66734816	0.83802565	0.99009685	0.81077526	0.99228030	0.95202973	0.51622666	0.79948200	0.21751559	0.64409562	0.26349917	0.47873200	0.35472625	0.38034428	0.66400042	0.79854643	0.88281517	0.37246786	0.98717645	0.92965642	0.51620887	
0.85856085	0.93607627	0.79077230	0.59393180	0.83127445	0.84771293	0.62833528	0.69820694	0.83802565	0.99009685	0.81077526	0.99228030	0.95202973	0.51622666	0.79948200	0.21751559	0.64409562	0.22940289	0.36703631	0.35472625	0.61379543	0.61546291	0.79854643	0.88281517	0.37246786	0.98717645	0.92965642	0.51620887	
0.85856085	0.93607627	0.79077230	0.59393180	0.71514470	0.84771293	0.74348661	0.75169942	0.83802565	0.99753617	0.81077526	0.99228030	0.95202973	0.51622666	0.79948200	0.11612193	0.64409562	0.22940289	0.26323552	0.12166390	0.69826070	0.61546291	0.79854643	0.88281517	0.37246786	0.98717645	0.92965642	0.51620887	
0.85856085	0.93607627	0.79077230	0.59393180	0.71514470	0.84771293	0.83052729	0.75169942	0.83802565	0.99753617	0.81077526	0.99228030	0.95202973	0.51622666	0.79948200	0.11612193	0.65326597	0.35359512	0.44754679	0.42894396	0.69826070	0.61546291	0.71315330	0.88281517	0.55616997	0.98717645	0.92965642	0.51620887	
0.85856085	0.84423204	0.74561140	0.73201155	0.64999857	0.80853074	0.70994590	0.75169942	0.95497111	0.99753617	0.81077526	0.99228030	0.95202973	0.51622666	0.79948200	0.48882876	0.65326597	0.35359512	0.10964020	0.66126534	0.46090415	0.62044835	0.71315330	0.88281517	0.55616997	0.98717645	0.92965642	0.51620887	
0.87647401	0.62557277	0.74561140	0.73201155	0.57124832	0.80853074	0.70994590	0.75169942	0.92724157	0.99753617	0.76506926	0.99228030	0.95202973	0.51622666	0.79948200	0.44425493	0.26419863	0.64757230	0.06705530	0.69284396	0.30089359	0.62044835	0.71315330	0.88281517	0.55616997	0.98717645	0.92965642	0.51620887	
0.87647401	0.62557277	0.88427471	0.73201155	0.60584273	0.99757728	0.70994590	0.75169942	0.92724157	0.97873638	0.76506926	0.99228030	0.95202973	0.51622666	0.79948200	0.38131226	0.36707445	0.64757230	0.03352847	0.80907220	0.40274815	0.66056680	0.71315330	0.88281517	0.55616997	0.98717645	0.92965642	0.51620887	
0.87647401	0.67614626	0.88427471	0.73201155	0.60584273	0.99757728	0.70994590	0.75169942	0.92724157	0.97873638	0.76506926	0.99228030	0.95202973	0.51622666	0.79948200	0.29907802	0.11212811	0.64757230	0.03352847	0.80907220	0.44332082	0.66056680	0.79276737	0.61899785	0.55616997	0.98717645	0.92965642	0.51620887	
0.87647401	0.67614626	0.88427471	0.73499527	0.71200637	0.85592149	0.70994590	0.86829144	0.99658991	0.97873638	0.76506926	0.99228030	0.95202973	0.51622666	0.79948200	0.44451866	0.30855781	0.52203394	0.04721815	0.80907220	0.26129007	0.66056680	0.79276737	0.61899785	0.61690464	0.98717645	0.92965642	0.51620887	
0.87647401	0.67614626	0.88427471	0.73499527	0.71200637	0.97326620	0.52738676	0.86829144	0.99658991	0.73004367	0.78062117	0.99228030	0.95202973	0.51622666	0.79243201	0.10447649	0.31103045	0.52203394	0.03676324	0.92762119	0.26129007	0.66056680	0.79276737	0.61899785	0.61690464	0.98717645	0.91659576	0.51620887	
0.82128429	0.67614626	0.76501268	0.73499527	0.62083348	0.97326620	0.52738676	0.86829144	0.99658991	0.73004367	0.78062117	0.99228030	0.95202973	0.51622666	0.79243201	0.06856421	0.31103045	0.52203394	0.11073371	0.92762119	0.52069929	0.66056680	0.82875571	0.61899785	0.61690464	0.98717645	0.91659576	0.51620887	
0.82128429	0.51615049	0.78732119	0.73499527	0.64900108	0.97326620	0.52738676	0.89150915	0.99658991	0.74303728	0.78062117	0.99228030	0.95202973	0.51622666	0.79243201	0.14358436	0.06324483	0.52203394	0.03664319	0.92762119	0.52069929	0.66056680	0.82875571	0.61899785	0.60007370	0.98717645	0.91659576	0.51620887	
0.82128429	0.51615049	0.61907730	0.73499527	0.82930925	0.97326620	0.52738676	0.89150915	0.99658991	0.74303728	0.78062117	0.99228030	0.95202973	0.51622666	0.79243201	0.16426559	0.06324483	0.48434986	0.43612623	0.65675044	0.20349135	0.66056680	0.82875571	0.61899785	0.60007370	0.98717645	0.91659576	0.51620887	
0.82128429	0.51615049	0.78158160	0.73499527	0.82930925	0.97326620	0.52738676	0.73324940	0.99658991	0.74303728	0.78062117	0.99228030	0.95202973	0.51622666	0.79243201	0.47234971	0.43912674	0.48434986	0.43612623	0.65675044	0.20349135	0.57771151	0.82875571	0.61899785	0.60007370	0.98717645	0.91659576	0.51620887	
0.82128429	0.82067305	0.72746528	0.57478908	0.66008892	0.94680514	0.52738676	0.73324940	0.99658991	0.74303728	0.78062117	0.99228030	0.95202973	0.51622666	0.77471193	0.23125111	0.43912674	0.48434986	0.18039366	0.65675044	0.07444095	0.57771151	0.82875571	0.61899785	0.61997694	0.98717645	0.91659576	0.51620887	
0.82128429	0.82067305	0.72746528	0.70007811	0.66008892	0.94680514	0.52738676	0.73324940	0.99658991	0.86201539	0.78062117	0.99228030	0.95202973	0.51622666	0.77471193	0.23125111	0.43912674	0.45658351	0.19578042	0.52226254	0.11784231	0.57771151	0.89699264	0.61899785	0.61997694	0.98717645	0.91659576	0.51620887	
0.82128429	0.73208731	0.72746528	0.70007811	0.66008892	0.55654384	0.52738676	0.62298318	0.99658991	0.86201539	0.94712156	0.99228030	0.95202973	0.51622666	0.77471193	0.41243115	0.59665054	0.51441417	0.19578042	0.52226254	0.11784231	0.57771151	0.98862568	0.61899785	0.61997694	0.98717645	0.91659576	0.51620887	
0.82128429	0.82015571	0.72746528	0.70007811	0.66008892	0.55654384	0.72679462	0.62298318	0.99658991	0.86201539	0.94712156	0.99228030	0.95202973	0.51622666	0.77471193	0.41571092	0.59665054	0.51441417	0.08030704	0.52226254	0.11784231	0.57771151	0.98862568	0.60457148	0.61997694	0.98717645	0.91659576	0.51620887	
0.82128429	0.82916710	0.72746528	0.70007811	0.66008892	0.55654384	0.54608387	0.93360033	0.99658991	0.64788450	0.94712156	0.99228030	0.95202973	0.51622666	0.77471193	0.41571092	0.25889695	0.51441417	0.24573132	0.52226254	0.09441448	0.68636073	0.98862568	0.60457148	0.61997694	0.98717645	0.91659576	0.51620887	
0.82128429	0.55139766	0.53309931	0.70007811	0.66008892	0.55654384	0.54608387	0.93360033	0.99658991	0.64788450	0.89930011	0.99228030	0.95202973	0.51622666	0.77471193	0.46375052	0.25889695	0.51441417	0.21677044	0.52226254	0.25411004	0.68636073	0.98862568	0.63707617	0.64059328	0.98717645	0.91659576	0.51620887	
0.82128429	0.55139766	0.53309931	0.70007811	0.66008892	0.55654384	0.54608387	0.93360033	0.99658991	0.82264718	0.89930011	0.99228030	0.95202973	0.51622666	0.77471193	0.46375052	0.38980687	0.37673982	0.21677044	0.52226254	0.22930350	0.68636073	0.98862568	0.63707617	0.64059328	0.98717645	0.91659576	0.51620887	
0.82128429	0.74299621	0.60835643	0.70007811	0.76724132	0.70914334	0.54608387	0.73928468	0.99658991	0.82264718	0.89930011	0.99228030	0.95202973	0.51622666	0.77471193	0.67033295	0.38980687	0.48362411	0.28225428	0.70825606	0.49383199	0.54941128	0.98862568	0.63707617	0.64059328	0.98717645	0.91659576	0.51620887	
0.82128429	0.77769048	0.78476164	0.70007811	0.67386344	0.70914334	0.86448699	0.88864100	0.99658991	0.78600877	0.89930011	0.99228030	0.95202973	0.51622666	0.77471193	0.50986484	0.38980687	0.48362411	0.28225428	0.55529804	0.23801604	0.54941128	0.98862568	0.63707617	0.64059328	0.98717645	0.91659576	0.51620887	
0.82128429	0.71760582	0.78476164	0.94904012	0.54700822	0.56893222	0.92280087	0.88864100	0.99658991	0.78600877	0.89930011	0.99228030	0.95202973	0.51622666	0.77471193	0.50986484	0.38980687	0.78601057	0.43241258	0.31756860	0.37394283	0.37185819	0.98862568	0.63707617	0.64059328	0.98717645	0.91659576	0.51620887	
0.82128429	0.71760582	0.92174081	0.94904012	0.54700822	0.58190936	0.76219027	0.88864100	0.99658991	0.94616616	0.89930011	0.99228030	0.95202973	0.51622666	0.77471193	0.26224176	0.06797740	0.78601057	0.43241258	0.57024475	0.20500608	0.37185819	0.98862568	0.82413001	0.64059328	0.98717645	0.91659576	0.51620887	
0.82128429	0.71760582	0.75914740	0.78638046	0.54700822	0.89723718	0.79054945	0.88864100	0.99658991	0.94616616	0.95947394	0.99228030	0.95202973	0.51622666	0.77471193	0.26224176	0.06797740	0.78601057	0.43241258	0.60351182	0.11636822	0.37185819	0.98862568	0.82413001	0.62696448	0.98717645	0.91659576	0.51620887	
0.82128429	0.71760582	0.75914740	0.85234488	0.54700822	0.82728787	0.79054945	0.88864100	0.99658991	0.94616616	0.95947394	0.99228030	0.95202973	0.51622666	0.77471193	0.60710558	0.06797740	0.78601057	0.53527864	0.60351182	0.11636822	0.37185819	0.98862568	0.82413001	0.62696448	0.98717645	0.91659576	0.51620887	
0.82128429	0.71760582	0.75914740	0.94177086	0.54304995	0.74633293	0.70239058	0.88864100	0.99658991	0.85202377	0.95947394	0.99228030	0.95202973	0.51622666	0.77471193	0.35238349	0.34625528	0.78601057	0.38484919	0.54032167	0.15908713	0.37185819	0.98862568	0.82413001	0.69971606	0.98717645	0.91659576	0.51620887	
0.82128429	0.71760582	0.58435848	0.94177086	0.54304995	0.74633293	0.66341470	0.88864100	0.99658991	0.85202377	0.95947394	0.99228030	0.95202973	0.51622666	0.77471193	0.35238349	0.17129556	0.78601057	0.04529045	0.54032167	0.21335790	0.37185819	0.98862568	0.82413001	0.41271834	0.98717645	0.91659576	0.51620887	
0.82128429	0.74194424	0.69490548	0.94177086	0.91836856	0.74633293	0.66341470	0.98876333	0.99658991	0.85202377	0.74943506	0.99228030	0.96833090	0.51622666	0.77471193	0.25571206	0.08635996	0.78601057	0.30809864	0.22123183	0.21335790	0.37185819	0.98862568	0.82413001	0.41271834	0.98717645	0.91659576	0.51620887	
0.82128429	0.74194424	0.56556665	0.94177086	0.91836856	0.87277170	0.66341470	0.80618309	0.99658991	0.90204649	0.83192595	0.99228030	0.96833090	0.51622666	0.77471193	0.51348968	0.41420982	0.78601057	0.48598622	0.22123183	0.21335790	0.37185819	0.98862568	0.82413001	0.32340075	0.98717645	0.96820181	0.51620887	
0.82128429	0.74194424	0.75987183	0.94177086	0.91836856	0.87277170	0.66971513	0.66318916	0.99658991	0.90204649	0.83192595	0.99228030	0.96833090	0.51622666	0.77471193	0.45521621	0.70873790	0.78601057	0.34246455	0.41823165	0.52680905	0.37185819	0.98862568	0.82413001	0.32340075	0.98717645	0.96820181	0.51620887	
0.98808952	0.70404681	0.75987183	0.85207590	0.93991985	0.87277170	0.66971513	0.66318916	0.99658991	0.90204649	0.83192595	0.99228030	0.96833090	0.51622666	0.77471193	0.35082621	0.70663892	0.59643806	0.58694809	0.31338992	0.62423021	0.42180003	0.98445585	0.82413001	0.32340075	0.98717645	0.96820181	0.51620887	
0.98808952	0.70404681	0.75987183	0.85207590	0.84249031	0.87277170	0.66971513	0.75108549	0.99658991	0.90204649	0.84480786	0.99228030	0.98576919	0.51622666	0.77471193	0.43029394	0.38545451	0.59643806	0.33997326	0.31338992	0.62423021	0.42180003	0.98445585	0.82413001	0.42851819	0.98717645	0.96820181	0.51620887	
0.98808952	0.72997103	0.75987183	0.85207590	0.84249031	0.95034171	0.66971513	0.52956482	0.99658991	0.90204649	0.84480786	0.99228030	0.98576919	0.51622666	0.98761759	0.43029394	0.50275477	0.41464835	0.50099860	0.71336444	0.55376165	0.42180003	0.98445585	0.82413001	0.42851819	0.98717645	0.96820181	0.51620887	
0.98808952	0.63112225	0.75987183	0.85207590	0.82685167	0.95034171	0.76939435	0.53372788	0.99658991	0.90204649	0.84480786	0.99228030	0.98576919	0.51622666	0.93399657	0.59817109	0.50275477	0.43993665	0.14028258	0.71336444	0.55376165	0.42180003	0.98445585	0.82413001	0.42851819	0.98717645	0.96820181	0.51620887	
0.98808952	0.63112225	0.75987183	0.85207590	0.82685167	0.95034171	0.65674961	0.76470418	0.99658991	0.90204649	0.84480786	0.99228030	0.98576919	0.51622666	0.96649010	0.59817109	0.60866826	0.30233893	0.40737404	0.71336444	0.54813124	0.44622114	0.98445585	0.82413001	0.42851819	0.98717645	0.96820181	0.51620887	
0.98808952	0.89362981	0.65021684	0.85207590	0.60195644	0.95034171	0.65674961	0.71406998	0.99658991	0.90204649	0.76437034	0.99228030	0.98576919	0.51622666	0.96649010	0.59817109	0.29509412	0.30233893	0.14574191	0.94967315	0.20700625	0.38895094	0.98445585	0.82413001	0.42851819	0.98717645	0.96820181	0.51608268	
0.98808952	0.89362981	0.61189803	0.96755328	0.50375096	0.95034171	0.77999891	0.71406998	0.99658991	0.90204649	0.76437034	0.99228030	0.98576919	0.51622666	0.85856466	0.76692533	0.43730089	0.51878358	0.14574191	0.94967315	0.18854484	0.25565742	0.98445585	0.82387069	0.42851819	0.98717645	0.96820181	0.51608268	
0.96229668	0.89362981	0.61189803	0.96755328	0.86427714	0.95034171	0.77999891	0.71406998	0.99658991	0.90204649	0.76437034	0.99228030	0.98576919	0.51622666	0.92360881	0.58550108	0.16738502	0.51878358	0.20265249	0.55187841	0.18854484	0.25565742	0.98445585	0.82387069	0.35688702	0.98717645	0.96820181	0.51608268	
0.96229668	0.89362981	0.59414498	0.78424737	0.94648452	0.67191862	0.66467545	0.69707855	0.99658991	0.90204649	0.76437034	0.99228030	0.98576919	0.51622666	0.92360881	0.69815826	0.56541402	0.25482257	0.08220604	0.35903177	0.02860619	0.35437537	0.98445585	0.82387069	0.35688702	0.98717645	0.96820181	0.51608268	
0.96229668	0.89362981	0.87251934	0.52423151	0.94648452	0.98180686	0.66467545	0.54512219	0.99658991	0.90204649	0.76437034	0.99228030	0.98576919	0.51622666	0.92360881	0.36363742	0.35204407	0.25482257	0.47744924	0.35903177	0.02860619	0.39759558	0.98445585	0.82387069	0.35688702	0.98717645	0.96820181	0.51608268	
0.96229668	0.89362981	0.96730685	0.52423151	0.94648452	0.96086355	0.66467545	0.54512219	0.99658991	0.96098287	0.76437034	0.99228030	0.98576919	0.51701699	0.92360881	0.38371887	0.59578986	0.11701439	0.79503052	0.73166962	0.02860619	0.39759558	0.98445585	0.95402311	0.35688702	0.98717645	0.96820181	0.51608268	
0.96229668	0.72569665	0.63721772	0.52423151	0.94648452	0.76357290	0.66467545	0.54512219	0.99658991	0.96098287	0.76437034	0.99228030	0.98576919	0.51701699	0.92360881	0.38371887	0.59578986	0.11701439	0.79503052	0.73166962	0.42328694	0.39759558	0.89117688	0.76613873	0.42676594	0.98717645	0.96820181	0.51608268	
0.96229668	0.72569665	0.63721772	0.78440062	0.94648452	0.76357290	0.66467545	0.54512219	0.99658991	0.96098287	0.76437034	0.99228030	0.98576919	0.51701699	0.92360881	0.38371887	0.59578986	0.11701439	0.62818913	0.41948655	0.42328694	0.39759558	0.89117688	0.95433020	0.42676594	0.98717645	0.96820181	0.51608268	
0.96229668	0.84245910	0.63721772	0.78440062	0.67939710	0.60040018	0.66467545	0.54512219	0.99658991	0.97337431	0.76437034	0.99228030	0.98692870	0.51701699	0.92360881	0.38371887	0.59578986	0.31052793	0.45094395	0.09277326	0.42328694	0.39759558	0.89117688	0.95433020	0.42676594	0.98717645	0.96820181	0.51608268	
0.96229668	0.77423531	0.63721772	0.78440062	0.64966693	0.60040018	0.66467545	0.54512219	0.99462565	0.97337431	0.76437034	0.99228030	0.98692870	0.51701699	0.92360881	0.38371887	0.35970896	0.23580740	0.43973839	0.13249360	0.61428746	0.39759558	0.89117688	0.95433020	0.53118122	0.98717645	0.96820181	0.51608268	
0.96229668	0.77423531	0.63721772	0.92312702	0.50114738	0.60040018	0.66467545	0.54512219	0.99462565	0.97337431	0.76437034	0.99228030	0.98692870	0.51701699	0.92360881	0.54756005	0.18827399	0.14880527	0.43973839	0.51996606	0.61428746	0.39759558	0.89117688	0.94446266	0.53118122	0.98717645	0.96820181	0.51608268	
0.96229668	0.99572037	0.66335259	0.68862316	0.54245332	0.60040018	0.68691625	0.71424853	0.99462565	0.97337431	0.76437034	0.99228030	0.98692870	0.51701699	0.92360881	0.54756005	0.18827399	0.43840782	0.14623825	0.59378015	0.41702192	0.24814155	0.89117688	0.94446266	0.40214461	0.98717645	0.96820181	0.51608268	
0.96229668	0.80034538	0.79662583	0.55473955	0.54245332	0.81228454	0.68691625	0.71424853	0.99462565	0.97337431	0.76437034	0.99228030	0.98692870	0.51701699	0.92360881	0.32951642	0.41730225	0.43840782	0.48797389	0.59378015	0.41702192	0.42385248	0.89117688	0.94446266	0.40214461	0.98717645	0.96125009	0.51608268	
0.96229668	0.80034538	0.79662583	0.81528674	0.54245332	0.81228454	0.63343565	0.80078468	0.97122893	0.97337431	0.76437034	0.99228030	0.96789413	0.51701699	0.92360881	0.32951642	0.64968106	0.35054644	0.48797389	0.59378015	0.61417928	0.48887093	0.89117688	0.91976052	0.40214461	0.98717645	0.96125009	0.51608268	
0.96229668	0.73727760	0.73509125	0.81528674	0.61679381	0.63187748	0.63343565	0.80078468	0.97122893	0.97337431	0.76437034	0.99228030	0.96789413	0.51701699	0.92360881	0.09265370	0.64968106	0.68105304	0.48797389	0.31738882	0.61417928	0.46565805	0.89117688	0.92055192	0.40214461	0.98717645	0.96125009	0.51608268	
0.96539091	0.74747821	0.73509125	0.81528674	0.92374852	0.63187748	0.80264470	0.80078468	0.97122893	0.97337431	0.76437034	0.99228030	0.96789413	0.51701699	0.87786000	0.09265370	0.70801051	0.68105304	0.29275498	0.31738882	0.75584399	0.49262242	0.87918330	0.92055192	0.40214461	0.98717645	0.96125009	0.51608268	
0.96539091	0.74747821	0.76983918	0.98252649	0.72576127	0.63187748	0.88656821	0.92171109	0.94261192	0.92252929	0.76437034	0.99228030	0.96789413	0.51701699	0.87786000	0.09265370	0.70801051	0.62038936	0.04593816	0.12853925	0.75584399	0.46825721	0.87918330	0.92055192	0.40214461	0.98717645	0.96125009	0.51608268	
0.92785964	0.74747821	0.76983918	0.65837806	0.72576127	0.63187748	0.88656821	0.65573082	0.94261192	0.96163652	0.89494078	0.99228030	0.96789413	0.51701699	0.90587364	0.09265370	0.34810546	0.35791942	0.20534961	0.11721683	0.75584399	0.46825721	0.87918330	0.92055192	0.40214461	0.98717645	0.92747109	0.51608268	
0.92785964	0.55951473	0.76983918	0.92786380	0.53190814	0.63187748	0.93812144	0.65573082	0.94261192	0.96163652	0.92948650	0.99228030	0.96789413	0.51701699	0.90587364	0.33466998	0.65541431	0.06924062	0.20534961	0.11965148	0.75584399	0.56679647	0.77739539	0.92055192	0.40214461	0.98717645	0.92747109	0.51608268	
0.92785964	0.55951473	0.96304024	0.76161740	0.53190814	0.60104569	0.93812144	0.65573082	0.94261192	0.96163652	0.92948650	0.99228030	0.98093473	0.51701699	0.90587364	0.49817037	0.82158190	0.06924062	0.07961172	0.11965148	0.75584399	0.56679647	0.68506812	0.92055192	0.40214461	0.98717645	0.92747109	0.51608268	
0.92785964	0.55951473	0.96304024	0.66951705	0.53190814	0.60104569	0.96273155	0.62073499	0.94261192	0.96163652	0.74161552	0.99228030	0.98093473	0.51701699	0.85000941	0.44096424	0.72118865	0.06924062	0.26204068	0.08723776	0.91324337	0.56679647	0.68506812	0.96005168	0.40214461	0.98717645	0.92747109	0.51608268	
0.92785964	0.60358566	0.96304024	0.63089018	0.53190814	0.60104569	0.96273155	0.73816828	0.94261192	0.96163652	0.74161552	0.99228030	0.98093473	0.51701699	0.85000941	0.44096424	0.72786555	0.37193383	0.06117381	0.08723776	0.91324337	0.56679647	0.68506812	0.96005168	0.40214461	0.98717645	0.92747109	0.51608268	
0.92785964	0.60358566	0.96304024	0.79356419	0.53190814	0.95443900	0.96273155	0.65149237	0.94261192	0.96163652	0.74161552	0.99228030	0.98093473	0.51701699	0.72851320	0.23732817	0.73913976	0.61731211	0.27841661	0.08723776	0.91324337	0.56679647	0.68506812	0.96005168	0.40214461	0.98717645	0.92747109	0.51608268	
0.92785964	0.60358566	0.96304024	0.79356419	0.53190814	0.95443900	0.96273155	0.65149237	0.99271948	0.96163652	0.74161552	0.99228030	0.98093473	0.51701699	0.72851320	0.23732817	0.50161280	0.70692684	0.07680883	0.13852815	0.91532438	0.56679647	0.68506812	0.96005168	0.40214461	0.98717645	0.95846789	0.51608268	
0.92785964	0.53199678	0.96304024	0.79356419	0.53190814	0.57751333	0.96273155	0.86443205	0.99271948	0.96163652	0.55578036	0.99228030	0.98093473	0.51701699	0.66166106	0.16992637	0.18287094	0.70692684	0.19993094	0.00849557	0.91532438	0.56679647	0.64095863	0.96005168	0.40214461	0.98717645	0.97813250	0.51608268	
0.92785964	0.53199678	0.96304024	0.82772515	0.57126536	0.69212582	0.96273155	0.73815166	0.99271948	0.96163652	0.55578036	0.99228030	0.98093473	0.51701699	0.66166106	0.16992637	0.35239724	0.70692684	0.19993094	0.01982277	0.91532438	0.56679647	0.64095863	0.95542732	0.40214461	0.98717645	0.97813250	0.51608268	
0.79781832	0.53199678	0.96304024	0.75225962	0.68476275	0.54665089	0.96381657	0.73815166	0.99271948	0.96163652	0.55578036	0.99228030	0.98093473	0.51701699	0.66166106	0.14251200	0.03264211	0.70692684	0.19466792	0.01982277	0.91532438	0.55767588	0.64095863	0.95542732	0.40214461	0.98717645	0.97813250	0.51608268	
0.79781832	0.53199678	0.78391584	0.75225962	0.68476275	0.54665089	0.98295189	0.73815166	0.99271948	0.96163652	0.55578036	0.99228030	0.98093473	0.51701699	0.66166106	0.25000287	0.03264211	0.70692684	0.19466792	0.01982277	0.91532438	0.55767588	0.66949542	0.95542732	0.40214461	0.98717645	0.97813250	0.51608268	
0.79781832	0.79834247	0.78391584	0.75225962	0.89922609	0.54665089	0.98295189	0.60182003	0.99271948	0.96163652	0.55578036	0.99228030	0.98093473	0.51701699	0.66166106	0.02931182	0.02351151	0.70692684	0.19466792	0.01982277	0.91532438	0.55767588	0.66949542	0.95542732	0.40214461	0.98717645	0.97813250	0.51608268	
0.96911492	0.51659763	0.78391584	0.75225962	0.89922609	0.59381480	0.98295189	0.60182003	0.87407894	0.96163652	0.62793063	0.99228030	0.98093473	0.51701699	0.66166106	0.32447800	0.15263674	0.70692684	0.55047201	0.25415351	0.60069222	0.55767588	0.66949542	0.95542732	0.40214461	0.98717645	0.97813250	0.51608268	
0.96911492	0.51659763	0.62505066	0.75225962	0.89922609	0.59381480	0.96942132	0.60182003	0.87407894	0.96163652	0.72262170	0.99228030	0.98173663	0.51701699	0.87742344	0.26173262	0.45647135	0.58941196	0.57137486	0.25415351	0.64982984	0.55767588	0.66949542	0.95542732	0.40214461	0.98717645	0.97813250	0.51608268	
0.98612687	0.51659763	0.96823320	0.75225962	0.98181152	0.59381480	0.99198351	0.66714112	0.87407894	0.96163652	0.76688372	0.99228030	0.98173663	0.51701699	0.71363437	0.00754126	0.55110146	0.58941196	0.76772315	0.25415351	0.66018501	0.55767588	0.66949542	0.95542732	0.40214461	0.98717645	0.97813250	0.50920063	
0.98612687	0.53894316	0.96823320	0.75225962	0.96038958	0.59381480	0.99198351	0.66714112	0.87407894	0.96163652	0.50554263	0.99228030	0.98173663	0.51701699	0.70946781	0.07403518	0.66200299	0.58941196	0.72625181	0.08735468	0.66018501	0.55767588	0.66949542	0.95542732	0.50455134	0.98717645	0.97813250	0.50920063	
0.98612687	0.53894316	0.96823320	0.75225962	0.85722711	0.59381480	0.99198351	0.83640362	0.87407894	0.96163652	0.50554263	0.99228030	0.98173663	0.51701699	0.75636435	0.39597206	0.63690326	0.58941196	0.56592501	0.21040632	0.66018501	0.55767588	0.71701326	0.95542732	0.50455134	0.98717645	0.97813250	0.50920063	
0.98612687	0.53894316	0.96823320	0.75225962	0.72326068	0.81601492	0.88754684	0.99662447	0.87407894	0.96163652	0.50554263	0.99228030	0.98173663	0.51701699	0.70410447	0.39597206	0.94937762	0.58941196	0.56592501	0.51938529	0.41195753	0.55767588	0.78924791	0.88756632	0.50455134	0.98717645	0.97813250	0.50920063	
0.82634577	0.53894316	0.96823320	0.60218258	0.72326068	0.81601492	0.74562537	0.99662447	0.87407894	0.96163652	0.65610260	0.99228030	0.98173663	0.51701699	0.70410447	0.35921085	0.77863663	0.58941196	0.33019546	0.51938529	0.15852668	0.60138673	0.78924791	0.88756632	0.50455134	0.98717645	0.97813250	0.50920063	
0.82634577	0.53894316	0.96823320	0.73164014	0.72326068	0.81601492	0.87101600	0.99662447	0.83271829	0.96163652	0.65610260	0.99228030	0.98173663	0.51701699	0.70410447	0.06894948	0.65600218	0.58941196	0.65826114	0.73770796	0.37519025	0.60138673	0.78406567	0.88756632	0.50627690	0.98717645	0.97813250	0.50920063	
0.82634577	0.65596904	0.91506902	0.73164014	0.72326068	0.96720656	0.98283291	0.99662447	0.83271829	0.96163652	0.75619021	0.99228030	0.98173663	0.51701699	0.70410447	0.06894948	0.65600218	0.53993940	0.40927821	0.48425310	0.37519025	0.73556821	0.78406567	0.88756632	0.50627690	0.98717645	0.97813250	0.50920063	
0.82634577	0.58309540	0.91506902	0.73164014	0.72326068	0.59442342	0.98283291	0.96888439	0.79096922	0.96163652	0.75619021	0.99228030	0.98173663	0.51701699	0.70410447	0.06894948	0.65600218	0.71342158	0.08755278	0.16904118	0.14072109	0.73556821	0.78406567	0.88756632	0.40527585	0.98717645	0.97813250	0.50920063	
0.82634577	0.58309540	0.72534504	0.73164014	0.72326068	0.60143437	0.65843244	0.96888439	0.79096922	0.96163652	0.75619021	0.99228030	0.98173663	0.51701699	0.70410447	0.06894948	0.35002028	0.71342158	0.48254730	0.16904118	0.35560232	0.73556821	0.76367441	0.88756632	0.58867032	0.98717645	0.97813250	0.50920063	
0.74798693	0.58309540	0.72534504	0.73164014	0.72326068	0.57737847	0.73924169	0.96888439	0.79096922	0.96163652	0.75619021	0.99228030	0.98173663	0.51701699	0.70410447	0.06894948	0.52757168	0.56885994	0.42695020	0.10496318	0.35560232	0.73556821	0.76367441	0.88756632	0.58867032	0.98717645	0.97813250	0.50920063	
0.74798693	0.56767004	0.72534504	0.73164014	0.65297797	0.56969187	0.73924169	0.96888439	0.79096922	0.96163652	0.75619021	0.99228030	0.98173663	0.51701699	0.70410447	0.06894948	0.54628814	0.56885994	0.20559240	0.16811164	0.28981256	0.73556821	0.71902663	0.88756632	0.58867032	0.98717645	0.97813250	0.50920063	
0.74798693	0.56767004	0.73224906	0.93781950	0.65297797	0.56969187	0.73924169	0.90432692	0.79096922	0.96688603	0.75619021	0.99228030	0.98173663	0.51701699	0.70410447	0.06894948	0.54628814	0.56885994	0.18847689	0.16811164	0.61579433	0.73556821	0.71902663	0.87743048	0.60299328	0.98717645	0.97813250	0.50920063	
0.75101415	0.56767004	0.73224906	0.93781950	0.96072937	0.70780931	0.80194765	0.78888893	0.79096922	0.96688603	0.68384049	0.99228030	0.98173663	0.51701699	0.70410447	0.08544244	0.54628814	0.56885994	0.18847689	0.12775693	0.73623886	0.73556821	0.62328140	0.87743048	0.60299328	0.98717645	0.97813250	0.50920063	
0.75101415	0.72647078	0.73224906	0.57624522	0.66028157	0.70780931	0.80194765	0.94105988	0.72740453	0.96688603	0.62676599	0.99228030	0.98173663	0.51701699	0.70410447	0.03016846	0.33413249	0.56885994	0.37061125	0.22224555	0.72637922	0.73556821	0.69258375	0.87743048	0.60299328	0.98717645	0.97813250	0.50920063	
0.75101415	0.97830267	0.73224906	0.64304764	0.69849134	0.54491219	0.80194765	0.94105988	0.83895028	0.96688603	0.62676599	0.99228030	0.98173663	0.51701699	0.70410447	0.03016846	0.33413249	0.56885994	0.12809335	0.22224555	0.72637922	0.73556821	0.69258375	0.87743048	0.60299328	0.98717645	0.97813250	0.50920063	
0.75101415	0.97830267	0.87465280	0.91341751	0.65126770	0.54491219	0.80194765	0.75540042	0.83895028	0.96688603	0.78062838	0.99228030	0.98173663	0.51701699	0.70410447	0.40540194	0.33413249	0.50629368	0.43535688	0.33548958	0.70408861	0.73556821	0.69258375	0.87743048	0.60299328	0.98717645	0.97813250	0.50920063	
0.75101415	0.80323494	0.63071158	0.91341751	0.90920610	0.54491219	0.76439038	0.91994833	0.83895028	0.96688603	0.78062838	0.99228030	0.98173663	0.51701699	0.69828221	0.26577877	0.48086011	0.50629368	0.19811240	0.43282507	0.62138463	0.73556821	0.69258375	0.92757975	0.60299328	0.98717645	0.97813250	0.50920063	
0.75101415	0.57276239	0.63071158	0.71947077	0.90920610	0.55246984	0.77865131	0.91994833	0.83895028	0.96688603	0.78062838	0.99228030	0.98173663	0.51701699	0.69828221	0.34617829	0.30294545	0.41928557	0.34777540	0.03841112	0.42697678	0.73556821	0.69258375	0.92757975	0.60299328	0.98717645	0.97813250	0.50920063	
0.75101415	0.91414154	0.63071158	0.80018353	0.85366023	0.59236058	0.65713164	0.91994833	0.83479702	0.96688603	0.78062838	0.99228030	0.98173663	0.51701699	0.69828221	0.19712791	0.30294545	0.52592993	0.54008440	0.35548116	0.42697678	0.73556821	0.69258375	0.92757975	0.60299328	0.98717645	0.97813250	0.50920063	
0.74952513	0.77492528	0.71627992	0.98371931	0.54581179	0.59236058	0.77474087	0.91994833	0.83479702	0.96688603	0.78062838	0.99228030	0.98173663	0.51701699	0.69828221	0.03233288	0.44423041	0.53845508	0.54008440	0.45443354	0.76097234	0.67104903	0.69258375	0.92757975	0.60299328	0.98429323	0.97813250	0.50920063	
0.74952513	0.97496474	0.86216472	0.61373189	0.54581179	0.53363921	0.77474087	0.91994833	0.83479702	0.96688603	0.76184262	0.99228030	0.98115885	0.51701699	0.64301488	0.27256132	0.15928436	0.53845508	0.54008440	0.45443354	0.76097234	0.67104903	0.73495348	0.92757975	0.60299328	0.98429323	0.97813250	0.50920063	
0.68850822	0.97496474	0.84790914	0.82086689	0.61044232	0.92246082	0.86408901	0.74834551	0.88578829	0.96688603	0.76184262	0.99228030	0.98115885	0.51701699	0.64301488	0.20191979	0.27907014	0.53845508	0.59530554	0.30830552	0.75396422	0.67104903	0.73495348	0.80130324	0.60299328	0.98429323	0.97813250	0.50920063	
0.65893755	0.76214852	0.63180352	0.82086689	0.86023847	0.91236385	0.86408901	0.74834551	0.85242350	0.96688603	0.76184262	0.99323981	0.98115885	0.51701699	0.64301488	0.20191979	0.27907014	0.53845508	0.35288378	0.56547197	0.83236110	0.67104903	0.73495348	0.80130324	0.60299328	0.98429323	0.97813250	0.50920063	
0.73658544	0.85297539	0.50188184	0.82086689	0.86023847	0.91236385	0.99613993	0.69692944	0.85242350	0.96688603	0.76184262	0.99323981	0.98115885	0.51701699	0.64301488	0.03474387	0.27907014	0.53845508	0.45555663	0.84310767	0.85922368	0.58001181	0.73495348	0.80130324	0.60299328	0.98429323	0.97813250	0.50920063	
0.73658544	0.61729764	0.50188184	0.82086689	0.65600023	0.99292183	0.99613993	0.65408521	0.85242350	0.96688603	0.76686633	0.99323981	0.98115885	0.51701699	0.64301488	0.18992375	0.02805905	0.62596375	0.23338270	0.54182327	0.83393713	0.44822936	0.73495348	0.80130324	0.60299328	0.98429323	0.97813250	0.50920063	
0.73658544	0.61729764	0.71024674	0.82086689	0.65600023	0.99292183	0.99613993	0.65408521	0.85242350	0.96688603	0.76686633	0.99323981	0.98115885	0.51701699	0.64301488	0.18992375	0.02805905	0.62596375	0.51248537	0.36006160	0.93523274	0.44822936	0.73495348	0.80130324	0.60299328	0.98429323	0.97813250	0.50920063	
0.73658544	0.61729764	0.91083114	0.84134469	0.65600023	0.99292183	0.99613993	0.65408521	0.80129728	0.96688603	0.76686633	0.99323981	0.98115885	0.51701699	0.64301488	0.18992375	0.24327788	0.62596375	0.63732422	0.01110676	0.93523274	0.44822936	0.73495348	0.80130324	0.60299328	0.98429323	0.97813250	0.50920063	
0.73658544	0.61729764	0.78187845	0.84134469	0.84543015	0.60103789	0.99613993	0.65408521	0.80129728	0.96688603	0.76686633	0.99323981	0.98115885	0.51701699	0.64301488	0.36248937	0.24327788	0.62596375	0.50788915	0.06112098	0.83326050	0.44822936	0.73495348	0.71778345	0.60299328	0.98429323	0.97813250	0.50920063	
0.73658544	0.52978460	0.78187845	0.84134469	0.65358068	0.80564280	0.99613993	0.54635891	0.84106812	0.96688603	0.76686633	0.99323981	0.98115885	0.51701699	0.64301488	0.06660020	0.52882829	0.44756383	0.16841878	0.20090480	0.82666136	0.42750434	0.73495348	0.71778345	0.60299328	0.98896124	0.97813250	0.50920063	
0.73658544	0.83588893	0.80604550	0.74165378	0.65954815	0.58188665	0.99613993	0.54635891	0.84106812	0.96688603	0.76686633	0.99323981	0.98115885	0.51701699	0.64301488	0.02750669	0.62425201	0.48668179	0.20553311	0.23863461	0.60258427	0.47260241	0.73495348	0.71778345	0.60299328	0.98896124	0.97813250	0.50920063	
0.73658544	0.74252400	0.80604550	0.62273711	0.72585690	0.58188665	0.99613993	0.66864054	0.84106812	0.96688603	0.76929134	0.99323981	0.98115885	0.51701699	0.64301488	0.30348921	0.62425201	0.36783096	0.06289445	0.43615366	0.39044091	0.47260241	0.78180888	0.71778345	0.60299328	0.98896124	0.97813250	0.50920063	
0.73658544	0.74252400	0.80604550	0.81384965	0.87707868	0.58188665	0.97550074	0.55268344	0.84106812	0.96688603	0.92096676	0.99323981	0.98115885	0.51701699	0.64301488	0.22474841	0.62425201	0.39942111	0.31729688	0.41078014	0.52875254	0.38316213	0.77793073	0.71778345	0.60299328	0.98896124	0.97813250	0.50920063	
0.73658544	0.75689169	0.85432328	0.81384965	0.87707868	0.58188665	0.78835647	0.55268344	0.84106812	0.96688603	0.92096676	0.99323981	0.98115885	0.51701699	0.64301488	0.22474841	0.57593850	0.39942111	0.31729688	0.47204038	0.61046283	0.38316213	0.77793073	0.71778345	0.76982803	0.98896124	0.97813250	0.50920063	
0.73658544	0.64104042	0.85432328	0.81384965	0.87707868	0.58188665	0.99143965	0.55268344	0.84106812	0.96688603	0.92096676	0.99323981	0.98115885	0.51701699	0.64301488	0.22474841	0.85370438	0.58700759	0.11190408	0.29237890	0.61046283	0.38316213	0.79305941	0.59562930	0.76982803	0.98896124	0.97813250	0.50920063	
0.73658544	0.64104042	0.85432328	0.81384965	0.60398706	0.87397168	0.99143965	0.58957686	0.84106812	0.96688603	0.92096676	0.99323981	0.98115885	0.51701699	0.64301488	0.22474841	0.71268711	0.58567901	0.50123004	0.29237890	0.69010019	0.38316213	0.79305941	0.59562930	0.76982803	0.98896124	0.97813250	0.50920063	
0.73658544	0.64104042	0.82131868	0.96221446	0.60398706	0.87397168	0.82847443	0.58957686	0.83891607	0.80213233	0.92096676	0.99323981	0.98115885	0.51701699	0.59970912	0.22474841	0.71268711	0.23719726	0.48396259	0.68946513	0.69010019	0.38316213	0.79305941	0.59562930	0.72517666	0.98896124	0.97813250	0.50920063	
0.73658544	0.64104042	0.82548054	0.96221446	0.80487272	0.87397168	0.82847443	0.84330731	0.90203477	0.80213233	0.92096676	0.99323981	0.98115885	0.51701699	0.64329302	0.13314394	0.69763001	0.23719726	0.17987870	0.68946513	0.69010019	0.38316213	0.79305941	0.59562930	0.72517666	0.98896124	0.97813250	0.50920063	
0.70417501	0.64104042	0.82548054	0.96221446	0.84920961	0.69027462	0.82847443	0.84330731	0.90203477	0.64808624	0.81266205	0.99323981	0.98115885	0.51701699	0.64329302	0.44093257	0.64866533	0.23719726	0.57059250	0.68946513	0.69010019	0.38316213	0.79305941	0.59562930	0.72517666	0.98896124	0.97813250	0.50920063	
0.70417501	0.50008743	0.82548054	0.96221446	0.84920961	0.69027462	0.82847443	0.84330731	0.90203477	0.83071746	0.81266205	0.99323981	0.98115885	0.51701699	0.64329302	0.44093257	0.64866533	0.23719726	0.36941911	0.68946513	0.69010019	0.38316213	0.79305941	0.63097326	0.72709301	0.98896124	0.97813250	0.50920063	
0.70417501	0.85178537	0.82548054	0.57423353	0.99693663	0.69027462	0.82847443	0.66261164	0.90203477	0.83071746	0.82787413	0.99323981	0.98115885	0.51701699	0.64329302	0.44093257	0.51745817	0.23719726	0.75437013	0.68560778	0.38923753	0.39291360	0.78530359	0.63097326	0.72709301	0.98896124	0.97813250	0.50920063	
0.70417501	0.92846787	0.68940900	0.57423353	0.79782085	0.82898178	0.82847443	0.66261164	0.90203477	0.83071746	0.82787413	0.99323981	0.98115885	0.51701699	0.64329302	0.44093257	0.22099372	0.23719726	0.75437013	0.66495043	0.38923753	0.39291360	0.78530359	0.66445284	0.72709301	0.98896124	0.97813250	0.50920063	
0.70417501	0.95301932	0.68940900	0.76135352	0.79782085	0.82898178	0.84469136	0.66261164	0.90203477	0.83071746	0.82787413	0.99323981	0.98115885	0.51701699	0.64329302	0.47203468	0.30840227	0.40717180	0.75437013	0.44986992	0.38923753	0.39291360	0.78530359	0.66445284	0.82137684	0.98896124	0.97813250	0.50920063	
0.70417501	0.95174844	0.75322715	0.76135352	0.79782085	0.82898178	0.84469136	0.77788606	0.91469839	0.83071746	0.82787413	0.99323981	0.98115885	0.51114149	0.64329302	0.79736961	0.30840227	0.50087324	0.60695177	0.44986992	0.38923753	0.47089877	0.78530359	0.58237693	0.82137684	0.98896124	0.97020323	0.50920063	
0.70417501	0.95174844	0.59961874	0.76135352	0.79782085	0.82898178	0.76541877	0.77788606	0.91469839	0.83071746	0.91484860	0.99323981	0.98115885	0.51114149	0.64329302	0.62727647	0.32462655	0.60958907	0.60695177	0.72301100	0.05413094	0.47089877	0.78530359	0.45571942	0.82137684	0.98896124	0.97020323	0.50920063	
0.70417501	0.95174844	0.59961874	0.76135352	0.77022206	0.80203125	0.84984946	0.77788606	0.91469839	0.84180054	0.91484860	0.99323981	0.98115885	0.51114149	0.64329302	0.63846720	0.32462655	0.60958907	0.76609312	0.72301100	0.00399066	0.47089877	0.91232860	0.45571942	0.74721247	0.98896124	0.97020323	0.50920063	
0.70417501	0.95174844	0.86341726	0.71246335	0.77022206	0.80203125	0.85765980	0.90216210	0.91469839	0.84180054	0.91484860	0.99323981	0.98115885	0.51114149	0.64329302	0.63846720	0.22553102	0.60958907	0.76609312	0.72301100	0.00399066	0.47089877	0.87067123	0.45571942	0.74721247	0.98896124	0.97020323	0.50920063	
0.71074469	0.74059938	0.84207571	0.71246335	0.77022206	0.90544686	0.85765980	0.90216210	0.91469839	0.94497291	0.91484860	0.99323981	0.98115885	0.51114149	0.64329302	0.67819904	0.22553102	0.60958907	0.76609312	0.83837463	0.00399066	0.36775018	0.87067123	0.45571942	0.91101856	0.98896124	0.97020323	0.50920063	
0.71074469	0.74059938	0.84207571	0.71246335	0.85092654	0.88177867	0.61964392	0.80475810	0.91469839	0.94497291	0.91484860	0.99323981	0.98115885	0.51114149	0.50973706	0.66277291	0.48655560	0.49536287	0.57437280	0.59713738	0.00399066	0.36775018	0.87067123	0.45571942	0.91101856	0.98896124	0.97020323	0.50920063	
0.74887042	0.74059938	0.83675826	0.78514691	0.85092654	0.88177867	0.61964392	0.66142732	0.91469839	0.94497291	0.91484860	0.99323981	0.98115885	0.51114149	0.50973706	0.66277291	0.48655560	0.49536287	0.32996613	0.59713738	0.00399066	0.03371959	0.87067123	0.45571942	0.91101856	0.98896124	0.97020323	0.50920063	
0.82219406	0.74059938	0.83675826	0.72830581	0.85092654	0.97711621	0.61964392	0.58673527	0.91469839	0.94497291	0.91484860	0.99323981	0.98115885	0.51114149	0.50973706	0.66277291	0.36599760	0.49536287	0.69671016	0.26215626	0.00399066	0.39759192	0.87067123	0.45571942	0.91101856	0.98896124	0.97020323	0.50786271	
0.82219406	0.95253056	0.98066718	0.72830581	0.85092654	0.82474577	0.61964392	0.58328109	0.91469839	0.94497291	0.91484860	0.99323981	0.98115885	0.51114149	0.58996902	0.66277291	0.47372105	0.49536287	0.69671016	0.32212945	0.00399066	0.44922938	0.87067123	0.45571942	0.91101856	0.98896124	0.97020323	0.50786271	
0.89970227	0.89153422	0.98066718	0.89459939	0.90196250	0.91121450	0.61964392	0.80151585	0.91469839	0.94497291	0.91484860	0.99323981	0.98115885	0.51114149	0.58996902	0.66277291	0.65225439	0.49536287	0.69671016	0.36875150	0.09036596	0.50427928	0.87067123	0.45571942	0.79213883	0.98896124	0.97020323	0.50786271	
0.77272325	0.89153422	0.69075382	0.83526528	0.90196250	0.91121450	0.61964392	0.57859414	0.91469839	0.94497291	0.88811979	0.99323981	0.98115885	0.51114149	0.67661587	0.69428866	0.65225439	0.49536287	0.41144008	0.36875150	0.09036596	0.50427928	0.87067123	0.45571942	0.79213883	0.98896124	0.97020323	0.50786271	
0.77272325	0.89153422	0.93860351	0.83526528	0.62014296	0.83062598	0.61964392	0.51362509	0.91469839	0.94497291	0.88811979	0.99323981	0.98115885	0.51114149	0.67661587	0.43629781	0.61110247	0.49536287	0.43889379	0.41997580	0.10617736	0.50427928	0.87067123	0.45571942	0.79213883	0.98896124	0.97020323	0.50786271	
0.88087152	0.87469404	0.99499809	0.83526528	0.62014296	0.83062598	0.61964392	0.54154231	0.99268203	0.94497291	0.88811979	0.99323981	0.98115885	0.51114149	0.71271919	0.43629781	0.73936393	0.31188820	0.36396750	0.30473778	0.16884944	0.50427928	0.87067123	0.45571942	0.79213883	0.98896124	0.97020323	0.50786271	
0.86155721	0.90195862	0.96618331	0.83526528	0.62014296	0.67141417	0.61964392	0.69452737	0.99268203	0.94497291	0.88811979	0.99323981	0.98115885	0.51114149	0.71271919	0.43629781	0.73936393	0.63879413	0.60297221	0.30473778	0.09343407	0.50427928	0.87067123	0.55137367	0.79213883	0.98896124	0.97020323	0.50786271	
0.86155721	0.90195862	0.96618331	0.83526528	0.62014296	0.83087472	0.53783423	0.55577762	0.99268203	0.80503637	0.88811979	0.99323981	0.98115885	0.51114149	0.69447945	0.42430688	0.61396025	0.63879413	0.20604765	0.00057190	0.07417602	0.52702831	0.87067123	0.49484012	0.81856518	0.98896124	0.97020323	0.50786271	
0.86155721	0.90195862	0.66283588	0.83526528	0.62014296	0.64871838	0.53783423	0.73940261	0.96530104	0.80503637	0.88811979	0.99323981	0.98115885	0.51114149	0.69447945	0.80995851	0.33730378	0.55844983	0.18088201	0.23827303	0.37125322	0.52702831	0.89498589	0.49484012	0.81856518	0.98896124	0.97020323	0.50786271	
0.82726585	0.93908685	0.66283588	0.83526528	0.62014296	0.98594182	0.53783423	0.73940261	0.96530104	0.80503637	0.88811979	0.99323981	0.98115885	0.51114149	0.69447945	0.75091332	0.49119623	0.55844983	0.40662982	0.11257350	0.37125322	0.54002433	0.89498589	0.67298837	0.81856518	0.98896124	0.97020323	0.50786271	
0.82726585	0.93908685	0.77215846	0.80956421	0.51330209	0.98594182	0.53783423	0.94537927	0.96530104	0.78541395	0.88811979	0.99323981	0.98115885	0.51114149	0.69447945	0.75091332	0.43250206	0.70537283	0.28214399	0.11257350	0.37125322	0.54002433	0.89498589	0.67298837	0.82278086	0.98896124	0.97020323	0.50786271	
0.85205369	0.93908685	0.50619917	0.80956421	0.75119549	0.73254068	0.53783423	0.94537927	0.93582537	0.78541395	0.88811979	0.99323981	0.97480589	0.51114149	0.71009340	0.75091332	0.42482846	0.40057577	0.36883250	0.11257350	0.37125322	0.40891926	0.89498589	0.67298837	0.82278086	0.98896124	0.97020323	0.50786271	
0.85205369	0.93908685	0.52542500	0.80956421	0.75119549	0.74719753	0.53783423	0.87039727	0.93582537	0.78541395	0.88811979	0.99323981	0.97480589	0.51114149	0.71009340	0.80268779	0.42482846	0.40057577	0.35135803	0.21618821	0.37125322	0.40891926	0.89498589	0.67298837	0.82278086	0.98896124	0.97020323	0.50786271	
0.85205369	0.93908685	0.52542500	0.61889444	0.74667453	0.58698281	0.53783423	0.87039727	0.93582537	0.78541395	0.88811979	0.99323981	0.97865026	0.52404739	0.80993299	0.57244528	0.42482846	0.40057577	0.61397212	0.55920563	0.51796176	0.40891926	0.89498589	0.67298837	0.82278086	0.98896124	0.97020323	0.50786271	
0.85205369	0.93908685	0.74734061	0.61889444	0.74667453	0.69627578	0.53783423	0.87039727	0.93582537	0.77828175	0.88811979	0.99323981	0.97865026	0.52404739	0.80993299	0.70324977	0.66802262	0.40057577	0.61397212	0.55920563	0.43871440	0.40891926	0.89498589	0.72674001	0.82278086	0.98896124	0.97020323	0.50786271	
0.85205369	0.93908685	0.74734061	0.60222190	0.74667453	0.69627578	0.50942274	0.87039727	0.93582537	0.87828958	0.88811979	0.99323981	0.97865026	0.52404739	0.84306126	0.62323199	0.66802262	0.33035709	0.33503457	0.55920563	0.18612750	0.49599390	0.89498589	0.72674001	0.82278086	0.98896124	0.97020323	0.50786271	
0.85095653	0.93908685	0.89889103	0.60222190	0.74667453	0.69515086	0.50942274	0.89564249	0.93582537	0.98038376	0.88811979	0.99323981	0.97865026	0.52404739	0.84306126	0.62323199	0.40022795	0.33035709	0.65394942	0.63285559	0.25041173	0.49599390	0.89498589	0.72674001	0.82278086	0.98896124	0.97020323	0.50786271	
0.85095653	0.63788922	0.59795363	0.60222190	0.77921881	0.69515086	0.50942274	0.89564249	0.89603115	0.80064955	0.88811979	0.99323981	0.97865026	0.52404739	0.84306126	0.62323199	0.09936964	0.50939511	0.62532018	0.32111113	0.23994382	0.49599390	0.89498589	0.45377355	0.82278086	0.98896124	0.97020323	0.50786271	
0.85095653	0.88964648	0.59795363	0.93071902	0.82760374	0.69515086	0.50942274	0.89564249	0.89603115	0.55466190	0.95341807	0.99323981	0.97865026	0.52404739	0.84306126	0.62323199	0.02647930	0.59791714	0.62532018	0.46544147	0.23994382	0.68131807	0.89498589	0.43576060	0.82278086	0.98896124	0.97020323	0.50786271	
0.85095653	0.88964648	0.59795363	0.90432346	0.82760374	0.57121773	0.50942274	0.89564249	0.89603115	0.70663701	0.95341807	0.99323981	0.97865026	0.52404739	0.84306126	0.78949130	0.04962777	0.59791714	0.49524528	0.46544147	0.25975137	0.49162637	0.84416199	0.59536387	0.82278086	0.98896124	0.97020323	0.50786271	
0.87447629	0.88964648	0.66641870	0.90432346	0.82760374	0.54824616	0.50942274	0.89564249	0.89603115	0.70663701	0.95341807	0.99323981	0.97865026	0.52404739	0.84306126	0.78949130	0.04962777	0.52428819	0.70961093	0.46544147	0.42576146	0.49162637	0.84416199	0.59536387	0.82278086	0.98896124	0.97020323	0.50786271	
0.87447629	0.88964648	0.56849856	0.90432346	0.84333698	0.78455797	0.65803811	0.64876195	0.89603115	0.67625388	0.95341807	0.99323981	0.97865026	0.52404739	0.84306126	0.78949130	0.31347472	0.37495014	0.38280110	0.34611106	0.42576146	0.49162637	0.84416199	0.59536387	0.82278086	0.98896124	0.97020323	0.50786271	
0.87447629	0.86459830	0.64535220	0.99684655	0.89724862	0.78455797	0.65803811	0.64876195	0.89603115	0.67625388	0.97993482	0.99323981	0.97865026	0.52404739	0.84306126	0.77540582	0.25793874	0.67371314	0.55306701	0.62457137	0.22965198	0.49162637	0.84416199	0.59536387	0.82278086	0.98896124	0.97020323	0.50786271	
0.87447629	0.86459830	0.64535220	0.99684655	0.89724862	0.81168790	0.95544056	0.64876195	0.89603115	0.76454416	0.97993482	0.99323981	0.97865026	0.52404739	0.63946878	0.66851145	0.25793874	0.67371314	0.68914737	0.62457137	0.43932736	0.56155886	0.84416199	0.59536387	0.82278086	0.98896124	0.97020323	0.50786271	
0.77322728	0.98795734	0.56252322	0.91162929	0.89724862	0.81168790	0.95544056	0.64876195	0.89603115	0.76454416	0.95310443	0.99323981	0.97865026	0.52404739	0.63946878	0.66851145	0.12065237	0.67371314	0.63799993	0.65174033	0.36438180	0.56155886	0.84416199	0.59536387	0.69080784	0.98896124	0.97020323	0.50786271	
0.77322728	0.98795734	0.56252322	0.91162929	0.89724862	0.93537475	0.91206200	0.89578583	0.87844485	0.76454416	0.95310443	0.99323981	0.97865026	0.52404739	0.63946878	0.79308642	0.14174208	0.67371314	0.41188312	0.65174033	0.32058216	0.56155886	0.84416199	0.59536387	0.69080784	0.98896124	0.91446207	0.50786271	
0.77322728	0.98795734	0.68468871	0.80168465	0.87363397	0.93537475	0.71198651	0.64823122	0.87844485	0.85437796	0.95310443	0.99323981	0.97865026	0.52404739	0.63900700	0.71934386	0.34668793	0.67371314	0.02888024	0.56523663	0.30520187	0.56155886	0.84416199	0.59536387	0.66685578	0.98896124	0.91177820	0.50786271	
0.77322728	0.98854102	0.70352293	0.68553882	0.87363397	0.83539339	0.71198651	0.99327243	0.87844485	0.85437796	0.97020067	0.99323981	0.97865026	0.52404739	0.63900700	0.71934386	0.34668793	0.67371314	0.02888024	0.47316155	0.30520187	0.56155886	0.84416199	0.81505468	0.66685578	0.98896124	0.91177820	0.50786271	
0.77322728	0.98854102	0.67950993	0.68553882	0.87297875	0.96951525	0.56346844	0.99327243	0.87844485	0.85437796	0.97020067	0.99323981	0.97865026	0.52404739	0.63900700	0.93624212	0.04152375	0.67371314	0.39423174	0.40582134	0.06707724	0.55571293	0.84416199	0.81505468	0.59674978	0.98896124	0.91177820	0.50786271	
0.82209617	0.98854102	0.99079470	0.68553882	0.81033149	0.80142083	0.54345976	0.72901780	0.87844485	0.85437796	0.97020067	0.99323981	0.97865026	0.52404739	0.63900700	0.72354216	0.11574265	0.67371314	0.18907155	0.48516215	0.06707724	0.55571293	0.84416199	0.79619553	0.34904372	0.98896124	0.91177820	0.50786271	
0.82209617	0.72973150	0.91733070	0.92964011	0.62717706	0.80142083	0.54345976	0.72901780	0.87844485	0.80721224	0.97020067	0.99323981	0.97865026	0.52404739	0.78367955	0.46526982	0.09693671	0.74048443	0.18907155	0.20793606	0.25573556	0.55571293	0.84416199	0.79619553	0.54750629	0.98896124	0.94197036	0.50786271	
0.82209617	0.99343225	0.89483189	0.80950963	0.97329080	0.80142083	0.54345976	0.72901780	0.88960936	0.93342266	0.97020067	0.99323981	0.97865026	0.52404739	0.78367955	0.46526982	0.03743818	0.74048443	0.18907155	0.06063933	0.25573556	0.55571293	0.84416199	0.84191558	0.54750629	0.98835886	0.94197036	0.50786271	
0.82209617	0.99343225	0.89483189	0.80950963	0.97329080	0.80142083	0.54345976	0.72901780	0.88960936	0.93342266	0.97020067	0.99323981	0.97865026	0.52404739	0.78367955	0.46526982	0.40895032	0.74048443	0.18907155	0.06063933	0.38935825	0.42626126	0.84416199	0.84191558	0.54750629	0.98835886	0.94197036	0.50786271	
0.82209617	0.99343225	0.89483189	0.89259132	0.75096671	0.53716607	0.72118834	0.72901780	0.93605055	0.93342266	0.61148628	0.99323981	0.97865026	0.52404739	0.78367955	0.46526982	0.07035123	0.83944122	0.40157629	0.06063933	0.08222849	0.42626126	0.84416199	0.84191558	0.54750629	0.98835886	0.94197036	0.50786271	
0.82209617	0.99343225	0.89483189	0.89259132	0.75096671	0.53716607	0.72118834	0.72901780	0.93605055	0.93342266	0.96232176	0.99323981	0.97865026	0.52404739	0.78367955	0.46526982	0.46182000	0.83944122	0.40157629	0.06063933	0.08222849	0.42527007	0.84416199	0.84191558	0.54558304	0.98835886	0.94197036	0.50786271	
0.82209617	0.99343225	0.89483189	0.89259132	0.75096671	0.60278353	0.68528475	0.72901780	0.84843930	0.93342266	0.96232176	0.99323981	0.97865026	0.52404739	0.78367955	0.42378712	0.77194151	0.84136505	0.13499857	0.11580394	0.43294845	0.40033871	0.84416199	0.84191558	0.54558304	0.98835886	0.94197036	0.50786271	
0.82209617	0.85223386	0.89483189	0.89259132	0.55441614	0.60278353	0.68528475	0.72901780	0.84843930	0.93342266	0.94902409	0.99323981	0.97865026	0.52404739	0.78367955	0.71046974	0.77194151	0.86772875	0.25466716	0.08843384	0.58143535	0.40033871	0.84416199	0.84191558	0.54558304	0.98835886	0.94197036	0.50786271	
0.82209617	0.85223386	0.89211111	0.89259132	0.76975941	0.60278353	0.68528475	0.72901780	0.84843930	0.93342266	0.91311671	0.99323981	0.97865026	0.52404739	0.78367955	0.59228478	0.77194151	0.86772875	0.25466716	0.08843384	0.58143535	0.37597652	0.84416199	0.84191558	0.54558304	0.98835886	0.94197036	0.50786271	
0.82209617	0.72644197	0.89211111	0.89259132	0.52391429	0.60278353	0.68528475	0.72901780	0.86573882	0.85954032	0.91311671	0.99323981	0.97865026	0.52404739	0.78367955	0.41635442	0.58194907	0.86772875	0.52285935	0.08973605	0.58143535	0.37597652	0.84416199	0.84191558	0.57456628	0.98835886	0.94197036	0.50786271	
0.82209617	0.72644197	0.88836557	0.89259132	0.52391429	0.60278353	0.77296852	0.55941286	0.86573882	0.85954032	0.84898940	0.99323981	0.97865026	0.52404739	0.78367955	0.41635442	0.36688460	0.86772875	0.52285935	0.43463509	0.58143535	0.02894689	0.84416199	0.84191558	0.57456628	0.98835886	0.94197036	0.50786271	
0.82209617	0.72644197	0.93429958	0.89259132	0.62152338	0.62859143	0.73519326	0.65623944	0.86573882	0.85954032	0.84898940	0.99323981	0.97865026	0.52404739	0.78367955	0.41635442	0.36766235	0.89250313	0.33628183	0.49350200	0.58143535	0.25515939	0.84416199	0.74708582	0.44059162	0.98835886	0.94197036	0.50786271	
0.82209617	0.72644197	0.53954534	0.89259132	0.62152338	0.65210841	0.73519326	0.65623944	0.87577231	0.85954032	0.84898940	0.99323981	0.97865026	0.52404739	0.80124979	0.24017230	0.03829572	0.89250313	0.33628183	0.49350200	0.20335588	0.41368361	0.84416199	0.83367152	0.44059162	0.98835886	0.94197036	0.50786271	
0.82209617	0.72644197	0.53954534	0.89259132	0.68082442	0.57503441	0.73519326	0.60408021	0.87577231	0.85954032	0.84898940	0.99323981	0.97865026	0.52404739	0.80124979	0.36726058	0.03434430	0.89250313	0.44583268	0.43599847	0.20335588	0.41368361	0.84416199	0.83133175	0.44059162	0.98835886	0.94197036	0.50786271	
0.82209617	0.72644197	0.53954534	0.89259132	0.82691504	0.57503441	0.73519326	0.78513397	0.87577231	0.85954032	0.84898940	0.99323981	0.97865026	0.52404739	0.80124979	0.36726058	0.41767871	0.89250313	0.20984785	0.04695646	0.20335588	0.41368361	0.84416199	0.83133175	0.44059162	0.98835886	0.94197036	0.50786271	
0.82209617	0.75098757	0.53954534	0.89259132	0.99476702	0.54974942	0.73519326	0.78513397	0.95423254	0.85954032	0.70888206	0.99323981	0.97865026	0.52404739	0.80124979	0.26910459	0.03592501	0.89250313	0.01922649	0.18839751	0.20335588	0.41368361	0.84416199	0.83133175	0.44059162	0.98835886	0.94197036	0.50786271	
0.82209617	0.75098757	0.67366569	0.89259132	0.99476702	0.54974942	0.73519326	0.56883133	0.95423254	0.89175354	0.70888206	0.99323981	0.97865026	0.52404739	0.80124979	0.13058135	0.03592501	0.89250313	0.07524097	0.18839751	0.08185253	0.41368361	0.84416199	0.83133175	0.44059162	0.98835886	0.95081255	0.50786271	
0.82209617	0.73732574	0.58928289	0.89259132	0.65468154	0.62391012	0.73519326	0.56883133	0.95423254	0.89175354	0.71355562	0.99323981	0.97865026	0.52404739	0.74215655	0.13058135	0.16043002	0.89250313	0.33090814	0.18587885	0.08185253	0.41368361	0.84416199	0.83133175	0.50993819	0.98835886	0.95081255	0.50786271	
0.82209617	0.73732574	0.84243857	0.89259132	0.65468154	0.56950214	0.73519326	0.56883133	0.95423254	0.83510916	0.71355562	0.99323981	0.97865026	0.52404739	0.74215655	0.25377050	0.23301851	0.79653139	0.33090814	0.18587885	0.02692171	0.41368361	0.84416199	0.83133175	0.49268369	0.98835886	0.95081255	0.50786271	
0.82209617	0.56710740	0.78316183	0.89259132	0.65468154	0.56950214	0.70703251	0.56883133	0.95423254	0.83510916	0.83287921	0.99323981	0.97865026	0.52404739	0.74215655	0.25377050	0.00985722	0.79653139	0.33090814	0.18587885	0.03250228	0.41368361	0.84416199	0.83133175	0.49268369	0.98835886	0.95081255	0.50786271	
0.91122489	0.91750658	0.66908809	0.87769126	0.77956009	0.77713744	0.70703251	0.56883133	0.95423254	0.83510916	0.83287921	0.99323981	0.97865026	0.52404739	0.74215655	0.23480815	0.12025332	0.79653139	0.32124278	0.18587885	0.03250228	0.45935734	0.84416199	0.83133175	0.49268369	0.98835886	0.97770486	0.50786271	
0.91122489	0.91750658	0.71721226	0.87769126	0.77956009	0.70378495	0.70703251	0.87006784	0.95423254	0.83510916	0.87392773	0.99323981	0.97865026	0.52404739	0.74215655	0.13632460	0.39030110	0.79653139	0.10102082	0.54696168	0.38119851	0.54546220	0.84416199	0.83133175	0.49268369	0.98835886	0.97770486	0.50786271	
0.91122489	0.63897855	0.71721226	0.87769126	0.77956009	0.70378495	0.70703251	0.87006784	0.95423254	0.85989959	0.96309661	0.99323981	0.99627377	0.52404739	0.74215655	0.13632460	0.50478279	0.79653139	0.25533595	0.69764179	0.39297397	0.54546220	0.84416199	0.83133175	0.49268369	0.98835886	0.97964236	0.50786271	
0.91122489	0.62539429	0.71721226	0.87769126	0.52413336	0.70378495	0.95597528	0.87006784	0.95423254	0.85989959	0.96309661	0.99323981	0.99627377	0.52404739	0.74215655	0.12647360	0.59831384	0.85118317	0.44102841	0.69764179	0.43184178	0.68044323	0.84416199	0.78818671	0.49268369	0.98835886	0.97964236	0.50786271	
0.91122489	0.78885481	0.71721226	0.87769126	0.52413336	0.70378495	0.84605970	0.87006784	0.95423254	0.85989959	0.96309661	0.99323981	0.99627377	0.52404739	0.88518629	0.12647360	0.70043205	0.85118317	0.41972038	0.69764179	0.04909296	0.53224489	0.84416199	0.78818671	0.57243129	0.98835886	0.97964236	0.50786271	
0.91122489	0.78885481	0.71721226	0.87769126	0.52413336	0.70378495	0.63623913	0.87006784	0.95423254	0.85989959	0.96309661	0.99323981	0.99627377	0.52404739	0.88518629	0.12647360	0.40926372	0.85118317	0.05228599	0.44846075	0.28782312	0.79259625	0.75902710	0.78818671	0.57243129	0.98835886	0.97964236	0.50786271	
0.91122489	0.78885481	0.66957594	0.87769126	0.52413336	0.78921780	0.65354784	0.87006784	0.95423254	0.85989959	0.96309661	0.99323981	0.99627377	0.52404739	0.88518629	0.12647360	0.65317845	0.85118317	0.05020395	0.31241493	0.30752755	0.52651346	0.87087536	0.78818671	0.57243129	0.98835886	0.97964236	0.50786271	
0.91122489	0.71523902	0.99590100	0.87769126	0.78721265	0.50457464	0.67728760	0.87056219	0.96486048	0.85989959	0.96309661	0.99323981	0.99627377	0.52404739	0.88518629	0.09756545	0.92814726	0.85118317	0.00169663	0.29250648	0.42669744	0.52651346	0.87087536	0.78818671	0.57243129	0.98835886	0.97964236	0.50786271	
0.91122489	0.53197242	0.99590100	0.87769126	0.78721265	0.50457464	0.98177547	0.53916299	0.96486048	0.86051319	0.96309661	0.99323981	0.99627377	0.52404739	0.88518629	0.19398287	0.92814726	0.83369422	0.02442815	0.29250648	0.35633286	0.17331406	0.87087536	0.78818671	0.57243129	0.98835886	0.97964236	0.50786271	
0.93079688	0.50634224	0.99590100	0.87769126	0.78721265	0.84062018	0.98177547	0.53916299	0.96486048	0.86051319	0.96309661	0.99323981	0.99627377	0.52404739	0.88518629	0.19398287	0.69695065	0.85565777	0.33046483	0.43763859	0.35633286	0.40788554	0.87087536	0.78818671	0.57243129	0.98835886	0.97964236	0.50786271	
0.93079688	0.50634224	0.99590100	0.87769126	0.78721265	0.99715901	0.98177547	0.64536755	0.96486048	0.86051319	0.87858450	0.99323981	0.99627377	0.52404739	0.92188390	0.19398287	0.36266788	0.50298430	0.56877737	0.61212043	0.33063081	0.40788554	0.92967767	0.78818671	0.57243129	0.98835886	0.97964236	0.50786271	
0.93079688	0.81961296	0.99590100	0.62482025	0.78721265	0.71780097	0.74846671	0.79109179	0.96486048	0.88712271	0.87858450	0.99323981	0.99627377	0.52404739	0.92188390	0.14428335	0.36266788	0.50298430	0.69081408	0.40761039	0.33768953	0.69473473	0.92967767	0.78818671	0.57243129	0.98835886	0.97964236	0.50786271	
0.93079688	0.86609291	0.99590100	0.62482025	0.78721265	0.96689643	0.74846671	0.79109179	0.96486048	0.88712271	0.77321684	0.99323981	0.99627377	0.52404739	0.92188390	0.41644941	0.20321560	0.50298430	0.68737530	0.11598276	0.09946940	0.69473473	0.67884364	0.78818671	0.57243129	0.98835886	0.97964236	0.50786271	
0.93079688	0.80554882	0.99590100	0.62482025	0.74710385	0.96689643	0.74846671	0.75494105	0.96486048	0.88712271	0.77321684	0.99323981	0.99627377	0.52404739	0.92188390	0.14234076	0.20321560	0.50298430	0.68737530	0.11598276	0.09946940	0.69473473	0.67884364	0.78818671	0.57243129	0.98835886	0.97964236	0.50786271	
0.93079688	0.80554882	0.88860840	0.98848551	0.74710385	0.96689643	0.74846671	0.75494105	0.96486048	0.88712271	0.77321684	0.99323981	0.99627377	0.52404739	0.92188390	0.47550684	0.20321560	0.50298430	0.68737530	0.11598276	0.32402882	0.69473473	0.67884364	0.78818671	0.57243129	0.98835886	0.97964236	0.50786271	
0.93079688	0.80554882	0.76561862	0.97896308	0.86020589	0.76217425	0.74846671	0.75494105	0.96486048	0.88712271	0.77321684	0.99323981	0.99627377	0.52404739	0.92188390	0.18150936	0.48218629	0.50298430	0.33677115	0.47555424	0.32402882	0.69473473	0.67643647	0.78818671	0.57243129	0.98835886	0.97964236	0.50786271	
0.93079688	0.80554882	0.76561862	0.97896308	0.95565006	0.76217425	0.74846671	0.75494105	0.96486048	0.88712271	0.63725044	0.99323981	0.99627377	0.52404739	0.92188390	0.38048825	0.48218629	0.53547953	0.36887795	0.44664814	0.32402882	0.69473473	0.67643647	0.81411629	0.52504680	0.98835886	0.97964236	0.50786271	
0.93079688	0.80554882	0.76561862	0.66375004	0.95565006	0.76217425	0.74846671	0.75494105	0.96486048	0.88712271	0.63725044	0.99323981	0.99627377	0.52404739	0.92188390	0.26291084	0.08795377	0.53547953	0.33839193	0.28319625	0.32402882	0.74504954	0.67643647	0.81411629	0.52504680	0.98835886	0.97964236	0.50786271	
0.93079688	0.99988064	0.76561862	0.97056796	0.84257085	0.76217425	0.74846671	0.75494105	0.96486048	0.88712271	0.63725044	0.99323981	0.99627377	0.52404739	0.92188390	0.26291084	0.08795377	0.53547953	0.33839193	0.28319625	0.50571896	0.58848370	0.67643647	0.81411629	0.52504680	0.98835886	0.97964236	0.50786271	
0.93079688	0.90633550	0.80474266	0.60510317	0.84257085	0.59885168	0.79476282	0.75959794	0.96486048	0.88712271	0.59382096	0.99323981	0.99627377	0.52404739	0.92188390	0.26291084	0.08795377	0.41297601	0.52462870	0.10423650	0.50571896	0.58848370	0.67643647	0.77662715	0.52504680	0.98835886	0.97964236	0.50786271	
0.93079688	0.69354199	0.80474266	0.67151379	0.89586052	0.59885168	0.53057138	0.84961004	0.97170075	0.88712271	0.53370950	0.99323981	0.99627377	0.52404739	0.92188390	0.26291084	0.08795377	0.41297601	0.42912222	0.47629433	0.40185827	0.35909663	0.67643647	0.81111808	0.52504680	0.98835886	0.97964236	0.50786271	
0.93079688	0.74086032	0.80474266	0.67151379	0.83764828	0.77509539	0.53057138	0.54772418	0.97170075	0.97961366	0.53370950	0.99323981	0.99627377	0.52404739	0.81789606	0.64345952	0.08795377	0.41297601	0.30241672	0.47629433	0.07414499	0.32798342	0.67643647	0.81111808	0.52504680	0.98835886	0.97964236	0.50786271	
0.93079688	0.74086032	0.82087904	0.67151379	0.88534600	0.76993464	0.55025209	0.54772418	0.68428079	0.97961366	0.53370950	0.99323981	0.99627377	0.52404739	0.81789606	0.66038355	0.08795377	0.47492861	0.35559838	0.59971255	0.07414499	0.32798342	0.67643647	0.81111808	0.36699079	0.98835886	0.97964236	0.50786271	
0.93079688	0.90527972	0.68759736	0.67151379	0.88534600	0.76993464	0.55025209	0.82407415	0.68428079	0.97961366	0.53370950	0.99323981	0.99627377	0.52404739	0.81789606	0.66038355	0.08795377	0.47492861	0.06813369	0.59971255	0.38249842	0.35961049	0.67643647	0.81111808	0.35765225	0.98835886	0.97964236	0.50786271	
0.93079688	0.66930725	0.71738078	0.67151379	0.52334620	0.76993464	0.55025209	0.82407415	0.68428079	0.97961366	0.53370950	0.99323981	0.99627377	0.52404739	0.81789606	0.66038355	0.08795377	0.47492861	0.06813369	0.59971255	0.15350409	0.35961049	0.67643647	0.81111808	0.35765225	0.98835886	0.97964236	0.50786271	
0.93079688	0.66930725	0.78018572	0.80679259	0.52334620	0.81017930	0.55025209	0.72931902	0.76930037	0.97961366	0.53370950	0.99323981	0.99627377	0.52180331	0.81789606	0.66038355	0.20313928	0.47492861	0.25803436	0.63901647	0.43382441	0.35961049	0.67643647	0.81111808	0.35765225	0.98835886	0.97964236	0.50786271	
0.94717398	0.66930725	0.78018572	0.80679259	0.52334620	0.81017930	0.55025209	0.72931902	0.76930037	0.98108694	0.53370950	0.99323981	0.99627377	0.52180331	0.81789606	0.54342167	0.20313928	0.74263459	0.25803436	0.47561800	0.19510535	0.51004277	0.67643647	0.81111808	0.27552385	0.98835886	0.97964236	0.50786271	
0.90260735	0.65154026	0.76591241	0.80679259	0.57514171	0.67149512	0.53110400	0.72931902	0.76930037	0.98108694	0.53370950	0.99323981	0.99627377	0.52180331	0.81789606	0.54342167	0.48777280	0.61780241	0.25803436	0.53628510	0.31439513	0.51004277	0.70511434	0.95693799	0.27552385	0.98835886	0.95522349	0.50786271	
0.90260735	0.62577506	0.88598531	0.80679259	0.87426305	0.76235025	0.53110400	0.75052328	0.76930037	0.98108694	0.88325671	0.99103855	0.99627377	0.52180331	0.81789606	0.27834325	0.80215380	0.61780241	0.25803436	0.53628510	0.23842202	0.68137604	0.70511434	0.95589160	0.45626488	0.98835886	0.95522349	0.50786271	
0.83654683	0.57717996	0.96953878	0.81572267	0.78586905	0.93677870	0.62593868	0.96212304	0.85836395	0.98108694	0.81868800	0.99103855	0.99627377	0.52180331	0.81789606	0.05572806	0.83958142	0.61780241	0.16654809	0.53628510	0.52914602	0.68137604	0.70511434	0.95589160	0.45626488	0.98835886	0.95522349	0.50786271	
0.83654683	0.57717996	0.96953878	0.63333771	0.78586905	0.93677870	0.62593868	0.96212304	0.85836395	0.98108694	0.92301313	0.99103855	0.99627377	0.52180331	0.81789606	0.43546852	0.92178338	0.32362468	0.16654809	0.14676957	0.30008400	0.68137604	0.70511434	0.97826119	0.54344722	0.98835886	0.95522349	0.50786271	
0.95695154	0.60922132	0.96953878	0.63333771	0.78586905	0.93677870	0.62593868	0.99326851	0.73622952	0.98108694	0.91629099	0.99103855	0.99627377	0.52180331	0.81789606	0.43546852	0.92178338	0.57575940	0.16654809	0.14676957	0.19989595	0.42760531	0.70511434	0.97826119	0.54344722	0.98835886	0.95522349	0.50786271	
0.82775216	0.55502033	0.96953878	0.67741074	0.86142986	0.94862998	0.62593868	0.99326851	0.73622952	0.98108694	0.91629099	0.99103855	0.99627377	0.52180331	0.81789606	0.43546852	0.92178338	0.57575940	0.16654809	0.15104045	0.50670485	0.73938734	0.46217353	0.97826119	0.54344722	0.98835886	0.95522349	0.50786271	
0.82775216	0.55502033	0.96953878	0.82591803	0.86142986	0.95906717	0.54370279	0.99326851	0.73622952	0.98108694	0.91629099	0.99103855	0.99627377	0.52180331	0.59247416	0.43546852	0.77679857	0.42070612	0.19137999	0.15104045	0.50670485	0.73938734	0.35516177	0.97826119	0.58888335	0.98835886	0.95522349	0.50786271	
0.89647364	0.55502033	0.81391513	0.82591803	0.86236623	0.95906717	0.62792662	0.98495234	0.78635151	0.98108694	0.91629099	0.99103855	0.99627377	0.52180331	0.59247416	0.43546852	0.77679857	0.54768504	0.54465571	0.15104045	0.31322090	0.73938734	0.36129547	0.97826119	0.58888335	0.98835886	0.95522349	0.50786271	
0.89647364	0.55502033	0.78347358	0.82591803	0.65794217	0.68970949	0.77161695	0.98495234	0.77956598	0.98108694	0.91629099	0.99103855	0.99627377	0.52180331	0.59247416	0.43546852	0.77679857	0.54768504	0.64529015	0.10442855	0.03075867	0.73938734	0.34947717	0.97826119	0.58888335	0.98835886	0.95522349	0.50786271	
0.89647364	0.55502033	0.81134657	0.77440632	0.88892705	0.57524142	0.68531123	0.98495234	0.84880952	0.98108694	0.91629099	0.99103855	0.99627377	0.52180331	0.62942618	0.43546852	0.77679857	0.48359324	0.67707440	0.48076830	0.03075867	0.49221612	0.34947717	0.97826119	0.58888335	0.98835886	0.95522349	0.50786271	
0.66212359	0.66203423	0.80558105	0.80030700	0.88892705	0.61335344	0.68531123	0.83930113	0.52906361	0.98108694	0.91629099	0.99103855	0.99627377	0.52180331	0.62942618	0.43546852	0.53581522	0.48359324	0.67707440	0.48076830	0.23452882	0.49221612	0.34947717	0.97826119	0.58888335	0.98835886	0.95522349	0.50786271	
0.66212359	0.87300452	0.66664295	0.54782762	0.88892705	0.71629169	0.69514285	0.77029447	0.52906361	0.98108694	0.91629099	0.99103855	0.99627377	0.52180331	0.62942618	0.43546852	0.26188382	0.48359324	0.67707440	0.48535795	0.27790263	0.34305166	0.34947717	0.97826119	0.58888335	0.98835886	0.95522349	0.50786271	
0.66212359	0.68214302	0.66664295	0.54782762	0.88892705	0.71629169	0.65213326	0.99270919	0.52906361	0.98108694	0.91629099	0.99103855	0.99627377	0.52180331	0.62942618	0.43546852	0.26188382	0.48359324	0.67707440	0.60076478	0.01244132	0.37440995	0.33542758	0.97826119	0.58888335	0.98835886	0.95522349	0.50786271	
0.66212359	0.68214302	0.66664295	0.54782762	0.82863027	0.71629169	0.65213326	0.81726663	0.53120106	0.99605106	0.91629099	0.99103855	0.99627377	0.52180331	0.62942618	0.63224815	0.57414720	0.48359324	0.67707440	0.60465861	0.01244132	0.37440995	0.22837130	0.97826119	0.58888335	0.98835886	0.95522349	0.50786271	
0.76167650	0.99005740	0.66664295	0.54782762	0.82863027	0.64376175	0.65213326	0.81726663	0.53120106	0.99605106	0.98179674	0.99103855	0.99627377	0.52180331	0.62942618	0.98357670	0.57414720	0.35530766	0.79229964	0.60465861	0.32120161	0.31812131	0.23827128	0.97826119	0.58888335	0.98835886	0.95522349	0.50786271	
0.68226600	0.99005740	0.61209906	0.56154012	0.82863027	0.64376175	0.65213326	0.81726663	0.53120106	0.99605106	0.98179674	0.99103855	0.99627377	0.52180331	0.62942618	0.98357670	0.57414720	0.42474244	0.79229964	0.60465861	0.27388340	0.48272229	0.11070169	0.97826119	0.58888335	0.98835886	0.95522349	0.50786271	
0.68226600	0.99005740	0.98041746	0.66814595	0.82863027	0.77832937	0.65213326	0.60367892	0.53120106	0.99605106	0.98179674	0.99103855	0.99627377	0.52180331	0.62942618	0.68259489	0.57414720	0.42474244	0.79229964	0.60465861	0.27388340	0.48272229	0.21507499	0.97826119	0.58888335	0.98835886	0.95522349	0.50786271	
0.68226600	0.99005740	0.98041746	0.56229808	0.95641233	0.60801285	0.66046543	0.58735630	0.53120106	0.99605106	0.98179674	0.99103855	0.99627377	0.52180331	0.62942618	0.68259489	0.50925237	0.42474244	0.79229964	0.29961207	0.27388340	0.48272229	0.34738660	0.97826119	0.58888335	0.98835886	0.95522349	0.50786271	
0.68226600	0.99005740	0.98041746	0.56229808	0.95641233	0.59047016	0.70231516	0.58735630	0.51467064	0.99605106	0.98179674	0.99103855	0.99627377	0.52180331	0.49286068	0.85156028	0.73391973	0.46248294	0.55641591	0.21349451	0.33628213	0.48272229	0.34738660	0.97826119	0.33048675	0.98835886	0.95522349	0.50786271	
0.68226600	0.99005740	0.98278651	0.50893125	0.95641233	0.75906941	0.70231516	0.66686956	0.71185267	0.99605106	0.98179674	0.99103855	0.99627377	0.52180331	0.49286068	0.85156028	0.73391973	0.46924917	0.53457717	0.00674757	0.42962325	0.48272229	0.34738660	0.97826119	0.33048675	0.98835886	0.95522349	0.50786271	
0.68226600	0.99005740	0.98278651	0.50893125	0.94828638	0.81015197	0.80546690	0.53990842	0.70959232	0.99605106	0.98179674	0.99103855	0.99627377	0.52180331	0.64326561	0.73107304	0.62505112	0.46924917	0.54832400	0.00674757	0.42962325	0.48272229	0.59307399	0.97826119	0.29805381	0.98835886	0.95522349	0.50786271	
0.68226600	0.99005740	0.98278651	0.50893125	0.63604068	0.78101542	0.80546690	0.53990842	0.69533341	0.99605106	0.98179674	0.99103855	0.99627377	0.52180331	0.64326561	0.69048511	0.56391318	0.46924917	0.54832400	0.38750288	0.20903029	0.48272229	0.51939834	0.97826119	0.29805381	0.98835886	0.95522349	0.50786271	
0.68226600	0.97023993	0.93033346	0.66350863	0.63604068	0.95028230	0.80546690	0.53990842	0.69533341	0.99605106	0.96711413	0.99103855	0.99627377	0.52180331	0.64326561	0.69048511	0.56391318	0.41418975	0.63209578	0.77637991	0.12469489	0.48272229	0.45800927	0.97826119	0.29805381	0.98835886	0.95522349	0.50786271	
0.68226600	0.97023993	0.64233269	0.58546304	0.63604068	0.95028230	0.84130915	0.53990842	0.60508309	0.99605106	0.98279583	0.99103855	0.99627377	0.52180331	0.64326561	0.57358526	0.62705527	0.41418975	0.63209578	0.79370326	0.16818768	0.48272229	0.45800927	0.97826119	0.29805381	0.98835886	0.95522349	0.50786271	
0.68226600	0.97023993	0.64233269	0.58546304	0.63604068	0.95028230	0.63689928	0.53990842	0.60508309	0.99605106	0.98279583	0.99103855	0.99627377	0.52180331	0.64326561	0.94167151	0.62705527	0.04062340	0.63209578	0.46090549	0.16818768	0.48272229	0.45800927	0.97826119	0.43226559	0.98835886	0.95522349	0.50786271	
0.68226600	0.97023993	0.79390069	0.58546304	0.80187548	0.84048741	0.63689928	0.53990842	0.58969833	0.99605106	0.75197469	0.99103855	0.99627377	0.52180331	0.64326561	0.94028080	0.62705527	0.04062340	0.63209578	0.18143267	0.02267248	0.47672177	0.45800927	0.97826119	0.20479064	0.98835886	0.95522349	0.50786271	
0.68226600	0.97023993	0.84552928	0.58546304	0.67765262	0.57868985	0.63689928	0.53990842	0.53076716	0.99605106	0.75197469	0.99103855	0.99627377	0.52180331	0.54266386	0.94028080	0.62705527	0.04062340	0.63209578	0.23903058	0.08574165	0.47672177	0.45800927	0.97826119	0.23427798	0.98835886	0.95522349	0.50786271	
0.68226600	0.97023993	0.74950262	0.58546304	0.67765262	0.57868985	0.63689928	0.53031742	0.53076716	0.99605106	0.55497950	0.99103855	0.99627377	0.52180331	0.54266386	0.94028080	0.35972411	0.10369573	0.63209578	0.23903058	0.08574165	0.47672177	0.45800927	0.97826119	0.23427798	0.98835886	0.95522349	0.50786271	
0.54591021	0.97023993	0.90641439	0.68429157	0.97318184	0.65197723	0.63689928	0.53031742	0.62450655	0.99605106	0.55497950	0.99103855	0.99627377	0.52180331	0.53104482	0.89422336	0.35972411	0.49431811	0.93991058	0.39358315	0.01362687	0.43460649	0.45800927	0.97826119	0.23427798	0.98835886	0.95522349	0.50786271	
0.55595967	0.97023993	0.90641439	0.68429157	0.97318184	0.99295464	0.63689928	0.53031742	0.62450655	0.99605106	0.68869368	0.99103855	0.99627377	0.52180331	0.53104482	0.89422336	0.05690932	0.52245252	0.92033752	0.34389805	0.19837175	0.43460649	0.45800927	0.97826119	0.26268604	0.98835886	0.95522349	0.50786271	
0.55595967	0.97023993	0.90641439	0.68429157	0.97318184	0.99295464	0.63689928	0.53537863	0.62450655	0.99605106	0.68869368	0.99103855	0.99627377	0.52180331	0.53104482	0.96753577	0.05690932	0.21630838	0.92033752	0.34389805	0.30034677	0.43460649	0.28654725	0.97826119	0.26268604	0.98835886	0.95522349	0.50786271	
0.55595967	0.97023993	0.90641439	0.68429157	0.97318184	0.99295464	0.63827217	0.53537863	0.54337635	0.99605106	0.65721397	0.99103855	0.99627377	0.52180331	0.53104482	0.96753577	0.05690932	0.29022610	0.92033752	0.19240748	0.46182978	0.43460649	0.32734928	0.97826119	0.26268604	0.98835886	0.95522349	0.50786271	
0.55595967	0.97023993	0.79008618	0.68429157	0.97318184	0.95703867	0.57760736	0.60332666	0.92407233	0.99605106	0.50790999	0.99103855	0.99627377	0.52180331	0.53104482	0.96753577	0.04183802	0.08743241	0.95628904	0.04026192	0.46182978	0.43460649	0.44471500	0.97826119	0.26616738	0.98835886	0.95522349	0.50786271	
0.55595967	0.97023993	0.79008618	0.78028180	0.96576400	0.77016198	0.57760736	0.76214538	0.61173869	0.99605106	0.52666316	0.99103855	0.99627377	0.52180331	0.53104482	0.96194152	0.06554875	0.02533456	0.95628904	0.04026192	0.09763629	0.53601148	0.44471500	0.84988926	0.26616738	0.98835886	0.95522349	0.50786271	
0.55595967	0.97023993	0.51972142	0.84082866	0.96576400	0.77016198	0.57760736	0.72760702	0.77456557	0.90052210	0.52666316	0.99103855	0.99627377	0.52180331	0.51570441	0.77845010	0.46384938	0.40707089	0.95628904	0.04026192	0.12376274	0.53601148	0.50780433	0.84988926	0.21302919	0.98835886	0.95522349	0.50786271	
0.55595967	0.97023993	0.85859682	0.79606923	0.96576400	0.87463735	0.57760736	0.72760702	0.77456557	0.90052210	0.52666316	0.99103855	0.99627377	0.52180331	0.51570441	0.58571208	0.46384938	0.40707089	0.95628904	0.04026192	0.12376274	0.53601148	0.50780433	0.84988926	0.21302919	0.98835886	0.95522349	0.50786271	
0.55595967	0.97023993	0.87630774	0.79606923	0.96576400	0.70217473	0.62906220	0.54045611	0.77456557	0.90052210	0.52666316	0.99103855	0.99627377	0.51093534	0.51570441	0.36345229	0.33695793	0.69554248	0.56237220	0.04026192	0.49586304	0.53601148	0.33532389	0.84988926	0.21302919	0.98835886	0.95522349	0.50786271	
0.55595967	0.97023993	0.87630774	0.79606923	0.96576400	0.72365782	0.62906220	0.57070122	0.77456557	0.97979539	0.52666316	0.99103855	0.99627377	0.51093534	0.51570441	0.36345229	0.10967973	0.64079417	0.73079291	0.14721417	0.49586304	0.51851694	0.34550504	0.93856415	0.21302919	0.98835886	0.95522349	0.50786271	
0.55595967	0.97023993	0.87630774	0.66065127	0.78467144	0.72365782	0.67912703	0.64288100	0.90497112	0.97979539	0.54151277	0.99103855	0.99627377	0.51093534	0.51570441	0.73747190	0.10967973	0.64079417	0.73079291	0.01945594	0.21623870	0.44862709	0.34550504	0.93856415	0.21302919	0.98835886	0.96383735	0.50786271	
0.52151373	0.97023993	0.87630774	0.81656672	0.92903243	0.72365782	0.67912703	0.64288100	0.96124005	0.97979539	0.70501706	0.99103855	0.99627377	0.51093534	0.47090327	0.73747190	0.04517131	0.64079417	0.56519079	0.04775295	0.45421596	0.51400117	0.34550504	0.93856415	0.11303575	0.98835886	0.96383735	0.50786271	
0.52151373	0.90965826	0.74626994	0.81656672	0.76736203	0.77880239	0.67912703	0.72677611	0.96124005	0.97979539	0.86663193	0.99103855	0.99627377	0.51093534	0.41444795	0.84562411	0.14238692	0.41968350	0.23322151	0.34965493	0.45421596	0.51400117	0.58629025	0.93856415	0.02617948	0.98835886	0.96383735	0.50786271	
0.52151373	0.90965826	0.73958394	0.78209122	0.59803375	0.77880239	0.52173399	0.72677611	0.96124005	0.97979539	0.77627161	0.99546301	0.99627377	0.51093534	0.41444795	0.84562411	0.14238692	0.66579831	0.23322151	0.26214383	0.50802297	0.51400117	0.58629025	0.93856415	0.02617948	0.98835886	0.96383735	0.50786271	
0.52151373	0.90965826	0.50320807	0.86374886	0.59803375	0.75152306	0.75082427	0.72677611	0.96124005	0.97979539	0.53067611	0.99546301	0.99627377	0.51093534	0.41444795	0.82904375	0.15017116	0.61085422	0.40198586	0.40035647	0.60566135	0.49245944	0.84187673	0.93856415	0.02617948	0.98835886	0.96383735	0.50786271	
0.64938818	0.90965826	0.50043132	0.86374886	0.59803375	0.54907598	0.75082427	0.72677611	0.96124005	0.97979539	0.85092532	0.99546301	0.99627377	0.51093534	0.41444795	0.90964709	0.31792728	0.40737009	0.04591172	0.40035647	0.28453367	0.49245944	0.84187673	0.92438306	0.02617948	0.98835886	0.96383735	0.50786271	
0.64938818	0.90965826	0.88144430	0.86374886	0.59803375	0.54907598	0.75082427	0.82159724	0.86768959	0.97979539	0.85092532	0.99546301	0.99627377	0.51093534	0.41444795	0.90964709	0.70334735	0.40737009	0.36011765	0.40035647	0.28453367	0.70956231	0.81937219	0.92438306	0.02617948	0.98835886	0.96383735	0.50786271	
0.64938818	0.90965826	0.90107520	0.86374886	0.64059472	0.91786629	0.77524338	0.82159724	0.82894298	0.97979539	0.85092532	0.99546301	0.99627377	0.51093534	0.59497890	0.90964709	0.68134603	0.40737009	0.36011765	0.12965617	0.10826351	0.51627032	0.81937219	0.92438306	0.28191583	0.98835886	0.96383735	0.50786271	
0.64938818	0.90965826	0.90107520	0.76128793	0.64059472	0.91786629	0.77524338	0.82159724	0.82894298	0.97979539	0.85092532	0.99546301	0.99627377	0.51093534	0.59497890	0.64995316	0.68134603	0.42987300	0.48784787	0.22171840	0.10826351	0.51627032	0.81937219	0.92438306	0.42745634	0.98835886	0.96383735	0.50786271	
0.60889396	0.71911659	0.99588220	0.68161338	0.95635542	0.88525268	0.59292402	0.82159724	0.92436760	0.97979539	0.85092532	0.99546301	0.99627377	0.51093534	0.59497890	0.64995316	0.68134603	0.49796673	0.68210590	0.22171840	0.10826351	0.51627032	0.67828304	0.92438306	0.34257631	0.98835886	0.96383735	0.50786271	
0.60889396	0.72383666	0.90732329	0.68161338	0.75323010	0.88525268	0.72796543	0.82159724	0.68032642	0.97979539	0.98666084	0.99546301	0.99627377	0.51093534	0.59497890	0.64995316	0.90138761	0.49796673	0.72833045	0.04659855	0.10826351	0.51627032	0.62074455	0.92438306	0.27208486	0.98835886	0.96383735	0.50786271	
0.64662669	0.72383666	0.97851226	0.68161338	0.81346305	0.88525268	0.72215346	0.78315515	0.93597993	0.97979539	0.72487902	0.99546301	0.99627377	0.51093534	0.59497890	0.64995316	0.58160812	0.51188527	0.72833045	0.04659855	0.10826351	0.51627032	0.44109797	0.95222514	0.28178210	0.98835886	0.96383735	0.50786271	
0.64662669	0.66264341	0.97509503	0.68161338	0.81346305	0.88525268	0.61112997	0.78315515	0.98505546	0.97979539	0.83177536	0.99546301	0.99627377	0.51093534	0.59497890	0.64995316	0.86116333	0.34546312	0.40243977	0.36101834	0.04153103	0.51627032	0.61054374	0.95222514	0.11717668	0.98835886	0.96383735	0.50786271	
0.64662669	0.74029939	0.97509503	0.68161338	0.63986904	0.74966634	0.61112997	0.78315515	0.98505546	0.97979539	0.83177536	0.99546301	0.99627377	0.51093534	0.59497890	0.64995316	0.86116333	0.20290812	0.45267629	0.36101834	0.35343056	0.51627032	0.61054374	0.92404885	0.13901608	0.98835886	0.96383735	0.50786271	
0.64662669	0.69231297	0.97509503	0.69287044	0.54634158	0.66315653	0.56219270	0.78315515	0.98505546	0.97979539	0.72259948	0.99546301	0.99627377	0.51093534	0.44918963	0.64995316	0.86116333	0.20290812	0.45267629	0.58786643	0.03037378	0.51627032	0.86912971	0.92404885	0.13901608	0.98835886	0.96383735	0.50786271	
0.65252871	0.66034613	0.97509503	0.69287044	0.54634158	0.66315653	0.56219270	0.87003876	0.98505546	0.97979539	0.92673634	0.99546301	0.99627377	0.51093534	0.44918963	0.64259949	0.74027284	0.20290812	0.45267629	0.41321440	0.09559486	0.51627032	0.86912971	0.92404885	0.30186930	0.98835886	0.96383735	0.50786271	
0.69333978	0.66034613	0.97509503	0.66966737	0.54634158	0.81987207	0.63006386	0.87003876	0.98505546	0.97979539	0.75614860	0.99546301	0.99627377	0.51093534	0.44918963	0.64259949	0.74027284	0.39083437	0.06523276	0.31653086	0.40350650	0.51627032	0.86912971	0.92404885	0.30186930	0.98835886	0.96383735	0.50786271	
0.69333978	0.82699858	0.97509503	0.94575153	0.54634158	0.81987207	0.57396914	0.87003876	0.98505546	0.97979539	0.84626609	0.99546301	0.99627377	0.51093534	0.65859579	0.64259949	0.74027284	0.39083437	0.23770853	0.42854571	0.40350650	0.51627032	0.86912971	0.81316363	0.18124988	0.98835886	0.96383735	0.50786271	
0.69333978	0.86870432	0.97509503	0.94575153	0.72610175	0.81987207	0.57396914	0.87003876	0.98505546	0.97979539	0.64769876	0.99546301	0.99627377	0.51093534	0.54153535	0.63045452	0.74027284	0.39083437	0.39201267	0.17843233	0.40350650	0.51627032	0.86912971	0.81316363	0.18124988	0.98835886	0.96383735	0.50786271	
0.56332007	0.86870432	0.87044474	0.94575153	0.68664804	0.94151762	0.57396914	0.87003876	0.90949084	0.97979539	0.64769876	0.99546301	0.99627377	0.51093534	0.54153535	0.66624993	0.74027284	0.69666860	0.04912804	0.44587710	0.36776774	0.54409779	0.86912971	0.86658401	0.18124988	0.98835886	0.96383735	0.50786271	
0.56332007	0.86870432	0.87044474	0.93819448	0.97108041	0.72432736	0.57396914	0.92677340	0.90949084	0.97979539	0.76734500	0.99546301	0.99627377	0.51093534	0.54153535	0.66624993	0.45385647	0.69666860	0.04912804	0.22106893	0.46040998	0.54409779	0.86912971	0.86658401	0.30301520	0.98835886	0.96383735	0.50786271	
0.57078265	0.86870432	0.82090850	0.93952599	0.97108041	0.72432736	0.57396914	0.92126988	0.90949084	0.97979539	0.74431839	0.99546301	0.99627377	0.51093534	0.54153535	0.66624993	0.35338774	0.69666860	0.04912804	0.22106893	0.30147009	0.54409779	0.86912971	0.86658401	0.30301520	0.98835886	0.96383735	0.50786271	
0.57078265	0.86870432	0.88855667	0.93952599	0.97108041	0.72432736	0.57396914	0.92126988	0.90949084	0.97979539	0.50166613	0.99546301	0.99627377	0.51093534	0.54153535	0.33980137	0.35338774	0.69666860	0.12966136	0.22106893	0.30147009	0.54409779	0.86912971	0.85940476	0.30301520	0.98835886	0.96383735	0.50786271	
0.57078265	0.86870432	0.88855667	0.93952599	0.77337311	0.73540689	0.57396914	0.85523606	0.90949084	0.97979539	0.50166613	0.99546301	0.99627377	0.51093534	0.42335973	0.60389580	0.12077677	0.69728687	0.39582150	0.15280257	0.28190129	0.54409779	0.77572613	0.85940476	0.30301520	0.98835886	0.96383735	0.50786271	
0.57078265	0.81980045	0.73645261	0.82115122	0.77337311	0.67500208	0.64715628	0.85523606	0.90949084	0.97979539	0.50166613	0.99546301	0.99627377	0.51093534	0.42335973	0.49847719	0.40464934	0.69728687	0.54423353	0.15280257	0.28190129	0.43950977	0.77572613	0.85940476	0.33366365	0.98835886	0.96383735	0.50786271	
0.57078265	0.62882639	0.73645261	0.82115122	0.77337311	0.78271262	0.64715628	0.86942519	0.79267468	0.97979539	0.50166613	0.99546301	0.99627377	0.51093534	0.42335973	0.50249152	0.40464934	0.69728687	0.50373947	0.24153670	0.28190129	0.43950977	0.77572613	0.85940476	0.33366365	0.98835886	0.96383735	0.50786271	
0.57078265	0.55317605	0.86236332	0.82115122	0.77414117	0.77309762	0.64715628	0.85375253	0.79267468	0.97979539	0.80718023	0.99546301	0.99627377	0.51093534	0.42335973	0.50249152	0.41872007	0.69728687	0.50373947	0.24153670	0.28190129	0.43950977	0.77572613	0.85940476	0.33366365	0.98835886	0.96383735	0.50786271	
0.57078265	0.55317605	0.57332058	0.82115122	0.77414117	0.77309762	0.50885606	0.85375253	0.79267468	0.86249839	0.91079200	0.99546301	0.99627377	0.51093534	0.42335973	0.53697790	0.41872007	0.69728687	0.50373947	0.02182773	0.05022701	0.43950977	0.77572613	0.85940476	0.33366365	0.98835886	0.97339568	0.50786271	
0.57078265	0.56692564	0.57332058	0.99274083	0.77062702	0.77309762	0.50885606	0.84639692	0.79267468	0.86249839	0.55844200	0.99546301	0.99627377	0.51093534	0.42335973	0.53697790	0.41872007	0.69728687	0.50373947	0.04972983	0.05022701	0.53105221	0.51720762	0.85940476	0.33366365	0.98835886	0.97339568	0.50786271	
0.57078265	0.56692564	0.62112680	0.99274083	0.82070902	0.77309762	0.50885606	0.74076010	0.98192575	0.87448449	0.55844200	0.99546301	0.99627377	0.51093534	0.55037563	0.53697790	0.35564720	0.72262973	0.23968385	0.34793317	0.10777363	0.53105221	0.51720762	0.86421810	0.33366365	0.98835886	0.97339568	0.50786271	
0.57078265	0.56692564	0.74518500	0.99274083	0.95164032	0.77309762	0.50885606	0.74076010	0.90601579	0.87448449	0.55844200	0.99546301	0.99778161	0.51093534	0.32182804	0.55867194	0.35564720	0.72262973	0.12979786	0.35241979	0.19446306	0.53105221	0.51720762	0.86421810	0.51328322	0.98835886	0.97339568	0.50786271	
0.64929654	0.59216080	0.72872799	0.84221915	0.95164032	0.77309762	0.50885606	0.74076010	0.90601579	0.87448449	0.55844200	0.99546301	0.99778161	0.51093534	0.32182804	0.55867194	0.35564720	0.72262973	0.34162470	0.65525337	0.39050864	0.53105221	0.64427853	0.86421810	0.51328322	0.98835886	0.97339568	0.50786271	
0.58864854	0.76521706	0.72872799	0.84221915	0.95164032	0.88424370	0.50885606	0.74076010	0.90601579	0.87448449	0.55844200	0.99546301	0.99778161	0.51093534	0.32182804	0.60140000	0.48229044	0.72262973	0.36686713	0.88065160	0.39050864	0.51218328	0.79763009	0.86421810	0.27466950	0.98835886	0.97339568	0.50786271	
0.65822224	0.90838823	0.55876969	0.84221915	0.83517219	0.88424370	0.50885606	0.74076010	0.98094408	0.87448449	0.73874249	0.99546301	0.99778161	0.51093534	0.32182804	0.68387277	0.28015023	0.72262973	0.46518748	0.88065160	0.39050864	0.42898346	0.79763009	0.85641817	0.64377746	0.98835886	0.97339568	0.50786271	
0.65822224	0.90838823	0.55876969	0.84221915	0.83517219	0.88424370	0.59640162	0.88733290	0.98094408	0.87448449	0.73874249	0.99546301	0.99778161	0.51093534	0.29307029	0.68387277	0.13694348	0.72262973	0.65047747	0.78146042	0.30317368	0.42898346	0.90252676	0.77724127	0.50285957	0.98835886	0.97339568	0.50786271	
0.62689989	0.90838823	0.55876969	0.84221915	0.83517219	0.88424370	0.59640162	0.88733290	0.98094408	0.93034355	0.55772149	0.99546301	0.99778161	0.51093534	0.39534009	0.50428879	0.36988337	0.82432286	0.28645423	0.78146042	0.30317368	0.42898346	0.90252676	0.77724127	0.50285957	0.98835886	0.97339568	0.50786271	
0.62689989	0.99008397	0.55876969	0.84221915	0.99194686	0.88424370	0.59640162	0.70609416	0.96649637	0.98881473	0.59297385	0.99546301	0.99778161	0.51093534	0.39534009	0.82772090	0.36988337	0.82432286	0.24891691	0.78146042	0.40711135	0.42898346	0.90252676	0.77724127	0.50285957	0.98835886	0.97339568	0.50786271	
0.62689989	0.99008397	0.55876969	0.84221915	0.82801187	0.93733918	0.59640162	0.70609416	0.96649637	0.98881473	0.71128118	0.99546301	0.99778161	0.51093534	0.39534009	0.82772090	0.41090513	0.79210295	0.63482963	0.92411972	0.40711135	0.42898346	0.90252676	0.77724127	0.50285957	0.98835886	0.97339568	0.50786271	
0.71214704	0.99008397	0.91572954	0.84221915	0.72003341	0.93733918	0.59640162	0.70609416	0.96649637	0.98881473	0.83896010	0.99546301	0.99778161	0.51093534	0.36731188	0.65092178	0.80951269	0.79210295	0.63482963	0.92411972	0.55036329	0.42898346	0.90252676	0.77724127	0.50285957	0.98835886	0.97339568	0.50786271	
0.65488100	0.98804280	0.91572954	0.90432645	0.64595107	0.93733918	0.59640162	0.70609416	0.96649637	0.98881473	0.76465566	0.99546301	0.99778161	0.51093534	0.36731188	0.60710908	0.80951269	0.84693879	0.63482963	0.92411972	0.55036329	0.42898346	0.90252676	0.77724127	0.50196325	0.98835886	0.97339568	0.50786271	
0.65488100	0.91858896	0.91572954	0.90432645	0.64595107	0.93733918	0.68323360	0.72397876	0.96649637	0.98881473	0.96087082	0.99546301	0.99778161	0.51093534	0.56829709	0.21877279	0.72966941	0.85557190	0.50400582	0.92411972	0.55036329	0.56752467	0.81721958	0.84603566	0.52562107	0.98835886	0.97339568	0.50786271	
0.76606371	0.95166154	0.91572954	0.90432645	0.78976224	0.93733918	0.68323360	0.72397876	0.92442899	0.98881473	0.96087082	0.99546301	0.99778161	0.51093534	0.56829709	0.52696111	0.62303432	0.82987911	0.22086483	0.92411972	0.37910650	0.56752467	0.81721958	0.84603566	0.49050250	0.98835886	0.97339568	0.50786271	
0.76606371	0.95166154	0.77503136	0.87026132	0.54492819	0.93733918	0.68323360	0.92997906	0.92442899	0.98881473	0.96087082	0.99546301	0.99778161	0.51093534	0.70644589	0.21873189	0.62324565	0.82987911	0.09299783	0.92411972	0.02553139	0.56752467	0.81721958	0.87417360	0.53905008	0.98835886	0.97339568	0.50786271	
0.76606371	0.95166154	0.77503136	0.87026132	0.55373966	0.93733918	0.68323360	0.92997906	0.96060962	0.98881473	0.96087082	0.99546301	0.99778161	0.51093534	0.70889571	0.56680154	0.76058304	0.82987911	0.25567924	0.92411972	0.02553139	0.56752467	0.81721958	0.87417360	0.53905008	0.98835886	0.97339568	0.50786271	
0.76606371	0.95166154	0.99718314	0.87026132	0.55373966	0.93733918	0.65299351	0.92997906	0.98013181	0.98881473	0.96087082	0.99546301	0.99778161	0.51093534	0.70889571	0.56680154	0.44673059	0.82987911	0.25567924	0.73164476	0.02553139	0.47706027	0.81721958	0.87417360	0.53905008	0.98835886	0.97339568	0.50786271	
0.76606371	0.95166154	0.82660822	0.87026132	0.55373966	0.93733918	0.65299351	0.92997906	0.95315346	0.98881473	0.79646539	0.99546301	0.99778161	0.51093534	0.70889571	0.56680154	0.10586155	0.82987911	0.36628491	0.83043857	0.02553139	0.47706027	0.83144914	0.87417360	0.38536236	0.98835886	0.97339568	0.50786271	
0.76606371	0.95166154	0.82660822	0.97720019	0.59705507	0.93733918	0.64340403	0.85626887	0.95315346	0.98896893	0.79646539	0.99546301	0.99778161	0.51093534	0.70889571	0.68094688	0.10410643	0.79145682	0.35006602	0.56520004	0.33807180	0.47706027	0.83144914	0.87417360	0.58322424	0.98835886	0.97339568	0.50786271	
0.76606371	0.95166154	0.82660822	0.97720019	0.57920613	0.93733918	0.64340403	0.85626887	0.95315346	0.98896893	0.68423438	0.99546301	0.98355832	0.51093534	0.70889571	0.45493030	0.48394093	0.89135944	0.15089924	0.75471971	0.25850148	0.47706027	0.83144914	0.87417360	0.39188302	0.98835886	0.97339568	0.50786271	
0.76606371	0.85719552	0.69065678	0.97720019	0.91782474	0.93733918	0.64340403	0.85626887	0.95315346	0.98896893	0.51771086	0.99546301	0.98355832	0.51093534	0.70889571	0.47917773	0.48394093	0.78789255	0.15089924	0.69447627	0.12814862	0.47706027	0.83144914	0.87417360	0.41977803	0.98835886	0.97339568	0.50786271	
0.76606371	0.72639528	0.74187867	0.97720019	0.91782474	0.93733918	0.64340403	0.85626887	0.98772633	0.98896893	0.51771086	0.99546301	0.98355832	0.51093534	0.70889571	0.47917773	0.61625035	0.78789255	0.15089924	0.69447627	0.23513709	0.43053767	0.71002774	0.87417360	0.41977803	0.98835886	0.97339568	0.50786271	
0.76606371	0.72639528	0.74187867	0.99105271	0.91782474	0.93733918	0.50279874	0.85626887	0.98772633	0.98896893	0.66093448	0.99546301	0.98355832	0.51093534	0.74252480	0.62132662	0.61625035	0.83883919	0.37604967	0.69447627	0.23513709	0.43053767	0.76210345	0.87417360	0.41977803	0.98835886	0.97339568	0.48580340	
0.76606371	0.72639528	0.97850011	0.99105271	0.93472611	0.93733918	0.50279874	0.84902391	0.94331876	0.98896893	0.66093448	0.99546301	0.98355832	0.51093534	0.74252480	0.62132662	0.58689619	0.47422419	0.75744076	0.64831243	0.23513709	0.43053767	0.76210345	0.87417360	0.62363278	0.98835886	0.97339568	0.48580340	
0.79778771	0.72639528	0.97850011	0.99105271	0.93472611	0.95595813	0.50279874	0.84902391	0.81194674	0.98896893	0.66093448	0.99546301	0.98355832	0.51093534	0.74252480	0.27411185	0.93007388	0.44343848	0.67466061	0.64831243	0.23513709	0.43053767	0.76210345	0.87417360	0.62363278	0.98835886	0.97339568	0.48580340	
0.79778771	0.94389192	0.99494011	0.75325445	0.80583064	0.95595813	0.50279874	0.74116872	0.81194674	0.98896893	0.82821136	0.99546301	0.98355832	0.51093534	0.76814212	0.27411185	0.93007388	0.61734814	0.67466061	0.46375211	0.23513709	0.43053767	0.75425873	0.87417360	0.58994465	0.98835886	0.97339568	0.48580340	
0.79778771	0.94389192	0.99494011	0.75325445	0.80583064	0.95595813	0.59413909	0.74116872	0.79586654	0.98896893	0.82821136	0.99546301	0.98355832	0.51093534	0.76814212	0.22105819	0.57308141	0.61734814	0.67466061	0.75664664	0.24542444	0.43053767	0.75425873	0.87417360	0.58994465	0.98835886	0.97339568	0.48580340	
0.79778771	0.94389192	0.99494011	0.93661826	0.80583064	0.95595813	0.59413909	0.74116872	0.79586654	0.98896893	0.67900759	0.99546301	0.98355832	0.51093534	0.76814212	0.24761907	0.61933845	0.84421523	0.67466061	0.55619719	0.24542444	0.43053767	0.78088656	0.87417360	0.48449627	0.98835886	0.97339568	0.48175121	
0.79778771	0.88493887	0.99494011	0.93661826	0.80583064	0.95595813	0.59413909	0.74116872	0.79586654	0.98896893	0.88875152	0.99546301	0.98355832	0.51093534	0.77095494	0.35678857	0.60667107	0.84421523	0.67466061	0.72719477	0.24542444	0.47126883	0.78088656	0.87417360	0.40446048	0.98835886	0.97339568	0.48175121	
0.79778771	0.60421122	0.83887902	0.93661826	0.80583064	0.95595813	0.59413909	0.74116872	0.79586654	0.98896893	0.68095808	0.99546301	0.98355832	0.51093534	0.68420497	0.28846072	0.60667107	0.74952358	0.58425296	0.62662487	0.24542444	0.47126883	0.78088656	0.87417360	0.65866411	0.98835886	0.97339568	0.48175121	
0.79778771	0.82564734	0.83887902	0.97604184	0.80583064	0.95595813	0.59413909	0.86557120	0.93629554	0.98896893	0.68095808	0.99546301	0.98355832	0.51093534	0.68420497	0.64939507	0.42462562	0.41226703	0.78073974	0.62662487	0.24542444	0.47126883	0.78088656	0.87417360	0.66025319	0.98835886	0.97339568	0.48175121	
0.79778771	0.97737636	0.83887902	0.58713754	0.80583064	0.95595813	0.59261686	0.86557120	0.93629554	0.98896893	0.68095808	0.99546301	0.98355832	0.51093534	0.68420497	0.79707085	0.76961212	0.17954969	0.75310534	0.94695357	0.34864864	0.47126883	0.78088656	0.87417360	0.66025319	0.98835886	0.97339568	0.48175121	
0.79778771	0.98455225	0.83887902	0.58713754	0.80583064	0.95595813	0.56957661	0.86557120	0.99352215	0.98896893	0.83827610	0.99546301	0.98355832	0.51093534	0.68420497	0.79707085	0.39443345	0.17954969	0.75310534	0.94695357	0.34864864	0.47126883	0.69724666	0.87417360	0.77877382	0.98835886	0.97339568	0.48175121	
0.79778771	0.98455225	0.82252607	0.58713754	0.80583064	0.95595813	0.56957661	0.86557120	0.99352215	0.91293791	0.83827610	0.99546301	0.98355832	0.51093534	0.68420497	0.79707085	0.39443345	0.17954969	0.75310534	0.67052964	0.34864864	0.47126883	0.69724666	0.87417360	0.77877382	0.98835886	0.97339568	0.48175121	
0.79778771	0.81680387	0.73066620	0.98477728	0.80583064	0.95595813	0.56957661	0.86557120	0.92227231	0.91293791	0.83827610	0.99546301	0.98355832	0.51093534	0.68420497	0.59738093	0.57306899	0.29638642	0.75310534	0.34926889	0.44806026	0.47126883	0.68505456	0.87417360	0.77877382	0.98835886	0.97339568	0.48175121	
0.79778771	0.81680387	0.73066620	0.81685538	0.80583064	0.98106654	0.56957661	0.77240886	0.82750121	0.91293791	0.83827610	0.99546301	0.98355832	0.51093534	0.68420497	0.59738093	0.57306899	0.29638642	0.75310534	0.20160789	0.21144231	0.48609697	0.68505456	0.87417360	0.77877382	0.98835886	0.97339568	0.48175121	
0.79778771	0.70148962	0.73066620	0.67037111	0.80583064	0.79199277	0.54825806	0.77240886	0.82750121	0.91293791	0.83827610	0.99546301	0.98355832	0.51093534	0.68420497	0.36009590	0.57306899	0.29638642	0.73554408	0.34985487	0.24881898	0.57940015	0.68505456	0.81940101	0.77877382	0.98835886	0.97339568	0.48175121	
0.79778771	0.55228444	0.65949170	0.86654351	0.80583064	0.99451797	0.54825806	0.69155394	0.74399408	0.91293791	0.85691462	0.99546301	0.98355832	0.51093534	0.65176539	0.36009590	0.40547536	0.29638642	0.73554408	0.34985487	0.35341767	0.57940015	0.68505456	0.81940101	0.83610170	0.98835886	0.97339568	0.46905073	
0.79778771	0.87004897	0.90930454	0.94175294	0.80583064	0.99451797	0.57134715	0.62556821	0.74399408	0.91293791	0.85691462	0.99546301	0.98355832	0.51093534	0.65176539	0.55646924	0.78341157	0.69347228	0.73554408	0.34985487	0.38839440	0.41592778	0.68505456	0.88113732	0.62891323	0.98835886	0.97339568	0.46905073	
0.79778771	0.85611665	0.98726257	0.94175294	0.80583064	0.62144593	0.57134715	0.62556821	0.74399408	0.91293791	0.85691462	0.99546301	0.98355832	0.51093534	0.63764876	0.44173105	0.78341157	0.69347228	0.35790774	0.25121877	0.43134964	0.57376706	0.68505456	0.88113732	0.62891323	0.98835886	0.97339568	0.46905073	
0.70346561	0.85611665	0.85356428	0.94175294	0.80583064	0.62144593	0.57134715	0.77207932	0.74399408	0.91293791	0.85691462	0.99546301	0.98355832	0.51093534	0.63764876	0.44173105	0.78341157	0.90406241	0.47604881	0.45716687	0.43134964	0.57376706	0.68505456	0.88312917	0.62891323	0.98835886	0.97339568	0.46905073	
0.70346561	0.85611665	0.85356428	0.94175294	0.52821056	0.62144593	0.57134715	0.99118815	0.74399408	0.91293791	0.84763341	0.99546301	0.99926285	0.51093534	0.63764876	0.44173105	0.63286180	0.90406241	0.48202900	0.17907925	0.35178585	0.64290143	0.68505456	0.88312917	0.62891323	0.98835886	0.97339568	0.46905073	
0.70346561	0.85611665	0.85356428	0.94175294	0.52821056	0.87157602	0.57969871	0.99118815	0.81124549	0.91293791	0.87501322	0.99546301	0.99926285	0.51093534	0.63764876	0.46223903	0.63286180	0.90406241	0.48202900	0.12777269	0.35178585	0.64290143	0.68505456	0.88312917	0.62891323	0.96597671	0.97339568	0.46905073	
0.70346561	0.71591839	0.92938706	0.94175294	0.59144261	0.87157602	0.57969871	0.99118815	0.91945563	0.91293791	0.87501322	0.99546301	0.99926285	0.51093534	0.63764876	0.43708775	0.63286180	0.87373952	0.21111979	0.07561046	0.43128217	0.84279580	0.49971049	0.88312917	0.62891323	0.96597671	0.97339568	0.46905073	
0.70346561	0.84316255	0.93090674	0.94175294	0.74846064	0.87157602	0.57969871	0.99118815	0.93586019	0.91293791	0.87501322	0.99546301	0.99926285	0.51093534	0.63764876	0.72493341	0.53070149	0.87373952	0.15326667	0.07561046	0.09488269	0.84279580	0.50913547	0.87317158	0.64363066	0.96597671	0.97339568	0.46905073	
0.70346561	0.84316255	0.87492523	0.94175294	0.74846064	0.87157602	0.57969871	0.99118815	0.93216985	0.91293791	0.87501322	0.99546301	0.99926285	0.51093534	0.63764876	0.72493341	0.37558242	0.87373952	0.20006432	0.07561046	0.09488269	0.80469951	0.50913547	0.87317158	0.82075174	0.96597671	0.97339568	0.46905073	
0.70346561	0.80358686	0.87492523	0.94175294	0.57675282	0.87157602	0.57969871	0.99118815	0.93216985	0.91293791	0.87713468	0.99546301	0.99926285	0.51093534	0.63764876	0.50176387	0.08500332	0.87373952	0.41415864	0.17046476	0.09488269	0.80469951	0.38983019	0.87317158	0.82075174	0.96597671	0.97339568	0.46905073	
0.70346561	0.80358686	0.69668378	0.88081421	0.57675282	0.97512489	0.66485219	0.99118815	0.93216985	0.91293791	0.87713468	0.99546301	0.99926285	0.51093534	0.63764876	0.50176387	0.37889387	0.87373952	0.34104948	0.17932150	0.09488269	0.80469951	0.38983019	0.87317158	0.82075174	0.96597671	0.98494940	0.49852306	
0.70346561	0.80358686	0.69668378	0.95159004	0.57675282	0.62999945	0.66485219	0.88446751	0.93216985	0.91293791	0.91802200	0.99546301	0.99926285	0.51093534	0.63764876	0.28482439	0.48379668	0.92867261	0.31948328	0.01791250	0.09488269	0.80469951	0.38983019	0.87317158	0.76334002	0.96597671	0.98494940	0.49852306	
0.70346561	0.80358686	0.69356867	0.95159004	0.66293756	0.71650042	0.66485219	0.88446751	0.70676833	0.91293791	0.91802200	0.99546301	0.99926285	0.51093534	0.63764876	0.20358677	0.13561242	0.92867261	0.12490062	0.19099356	0.26789852	0.80469951	0.38983019	0.87317158	0.63613242	0.96597671	0.98494940	0.49852306	
0.69852106	0.73399497	0.75308435	0.95159004	0.59617366	0.71650042	0.66485219	0.84955576	0.64274382	0.91293791	0.99881345	0.99546301	0.99926285	0.51093534	0.63764876	0.20358677	0.13561242	0.92867261	0.23344145	0.45818584	0.37207034	0.82112295	0.36876247	0.87317158	0.63613242	0.96597671	0.98494940	0.49852306	
0.69852106	0.96961600	0.66178367	0.92963188	0.89404487	0.72337659	0.66485219	0.82816134	0.64274382	0.91293791	0.99881345	0.99546301	0.99926285	0.51093534	0.63764876	0.20358677	0.31912534	0.81861587	0.23344145	0.33131923	0.37207034	0.80166102	0.36921066	0.86832129	0.63613242	0.96597671	0.98494940	0.49852306	
0.69852106	0.90723571	0.88970386	0.92963188	0.89404487	0.72337659	0.66485219	0.82816134	0.64274382	0.91293791	0.99881345	0.99546301	0.99926285	0.51093534	0.63764876	0.12870046	0.25940013	0.79083846	0.23344145	0.04115391	0.48612927	0.80166102	0.36921066	0.89096834	0.67303248	0.96597671	0.97455648	0.49852306	
0.69852106	0.90723571	0.64661997	0.92963188	0.64572231	0.72337659	0.66485219	0.92618820	0.64274382	0.91293791	0.99881345	0.99546301	0.99926285	0.51093534	0.63764876	0.05225555	0.14750516	0.79083846	0.04851583	0.18259215	0.58939393	0.83108979	0.36921066	0.89096834	0.67303248	0.96597671	0.97455648	0.49852306	
0.69852106	0.84017570	0.62794616	0.92963188	0.70877912	0.80356256	0.66485219	0.92618820	0.64274382	0.91293791	0.99881345	0.99546301	0.99926285	0.51093534	0.63764876	0.28841802	0.04187160	0.79083846	0.14842773	0.18259215	0.58939393	0.83108979	0.52612861	0.89096834	0.39288625	0.96597671	0.97455648	0.49852306	
0.69852106	0.68823809	0.62794616	0.92963188	0.95868024	0.74414776	0.66485219	0.92618820	0.56069670	0.91293791	0.99881345	0.99546301	0.99926285	0.51093534	0.59060859	0.38591877	0.04187160	0.78629144	0.14842773	0.33878331	0.58939393	0.83108979	0.52612861	0.89096834	0.65301132	0.96597671	0.97455648	0.49852306	
0.68613209	0.77424828	0.97035928	0.92963188	0.95868024	0.70529960	0.66485219	0.92618820	0.56069670	0.91293791	0.99881345	0.99546301	0.99926285	0.51093534	0.59060859	0.24103658	0.04187160	0.78629144	0.50995190	0.33878331	0.58939393	0.83108979	0.52612861	0.89096834	0.65301132	0.96597671	0.97455648	0.49852306	
0.68613209	0.80964309	0.97035928	0.98713870	0.71800343	0.70529960	0.66485219	0.92618820	0.56069670	0.93118391	0.99881345	0.99546301	0.99926285	0.51093534	0.59060859	0.24103658	0.14207284	0.78629144	0.65551785	0.10555325	0.57442863	0.83108979	0.52612861	0.89096834	0.65301132	0.96597671	0.97455648	0.49852306	
0.68613209	0.80964309	0.97045117	0.88563452	0.71800343	0.85370013	0.66485219	0.92618820	0.68086453	0.93118391	0.99881345	0.99546301	0.99926285	0.51093534	0.59060859	0.30056200	0.39355099	0.78629144	0.65551785	0.10555325	0.57442863	0.83108979	0.52612861	0.89096834	0.65301132	0.96597671	0.97455648	0.49852306	
0.68613209	0.96243175	0.97045117	0.94670347	0.71800343	0.85370013	0.66485219	0.92618820	0.68086453	0.93118391	0.99881345	0.99546301	0.99926285	0.51093534	0.59060859	0.47320657	0.62930974	0.78629144	0.65551785	0.44845187	0.59799690	0.86314558	0.52612861	0.89096834	0.65301132	0.96597671	0.97455648	0.49852306	
0.68613209	0.92628976	0.97045117	0.94670347	0.79505201	0.96107668	0.66485219	0.94817762	0.68086453	0.98654893	0.99881345	0.99546301	0.99926285	0.51093534	0.59060859	0.81046942	0.89058749	0.39563221	0.60018794	0.83794855	0.59799690	0.86314558	0.52612861	0.89096834	0.71782378	0.96597671	0.97455648	0.49852306	
0.68613209	0.92628976	0.97045117	0.94670347	0.79505201	0.96107668	0.78476869	0.89839406	0.68086453	0.98654893	0.99881345	0.99546301	0.99926285	0.51093534	0.59060859	0.60817854	0.89058749	0.39563221	0.60018794	0.83794855	0.59799690	0.86314558	0.52612861	0.89096834	0.66462215	0.96739330	0.97455648	0.49852306	
0.61067494	0.92628976	0.97045117	0.94670347	0.94233656	0.96107668	0.74749044	0.89839406	0.68086453	0.98654893	0.99881345	0.99546301	0.99926285	0.51093534	0.59060859	0.58694728	0.75202330	0.70124474	0.38838353	0.86480894	0.59799690	0.86314558	0.52612861	0.89096834	0.79866754	0.96739330	0.97455648	0.49852306	
0.61067494	0.92628976	0.86446594	0.94670347	0.94233656	0.96107668	0.80036788	0.89839406	0.59035154	0.98654893	0.99881345	0.99546301	0.99926285	0.51093534	0.59060859	0.58694728	0.69610997	0.63051577	0.60098653	0.86480894	0.43853028	0.80993018	0.46542726	0.70669863	0.79866754	0.96739330	0.97455648	0.49852306	
0.61067494	0.91147873	0.86446594	0.94670347	0.94233656	0.96107668	0.54573993	0.89839406	0.59035154	0.98654893	0.99881345	0.99546301	0.99926285	0.51093534	0.59060859	0.81672437	0.69610997	0.30998418	0.41474900	0.85377005	0.43853028	0.80993018	0.46542726	0.70669863	0.79866754	0.96739330	0.97455648	0.49852306	
0.55454982	0.91147873	0.86446594	0.90508983	0.94233656	0.96107668	0.69056815	0.89839406	0.59035154	0.98654893	0.99881345	0.99546301	0.99926285	0.51093534	0.55279112	0.81672437	0.75495914	0.67723762	0.77470988	0.85377005	0.56017930	0.80993018	0.46542726	0.70669863	0.78653326	0.96739330	0.97455648	0.49852306	
0.55454982	0.91147873	0.86446594	0.90508983	0.94233656	0.96107668	0.69056815	0.99295190	0.59035154	0.98654893	0.99881345	0.99546301	0.99926285	0.51093534	0.55279112	0.66695534	0.75327181	0.57766253	0.91923219	0.85377005	0.41681098	0.80993018	0.46542726	0.70669863	0.85807647	0.96739330	0.97455648	0.49852306	
0.55454982	0.91147873	0.86446594	0.93147340	0.94233656	0.96976219	0.69056815	0.99295190	0.59035154	0.98654893	0.99881345	0.99546301	0.99926285	0.51093534	0.55279112	0.83574417	0.75327181	0.33921283	0.87630544	0.94245347	0.24292413	0.80993018	0.24373516	0.70669863	0.91916057	0.96739330	0.99019259	0.49852306	