
332345.03867373	405549.73437178	79828.63010387	26200.83841384	321076.68184195	37815.16491260	370703.36477436	244422.17681336	233617.62785669	36668.11256452	220702.01886670	31484.57588159	33095.02421926	458770.02217817	390860.78917260	483902.02497134	392006.79845292	117929.68393813	551881.64662465	492207.94809173	639573.24266609	467025.67530670	362836.36597028	149376.73469251	591831.25178025	81280.50426183	43282.77991197	681737.54442119	
320150.84391933	343660.43671325	120.74846950	99375.84768930	288169.00971106	92131.66967053	473586.75965134	173356.43185371	233617.62785669	36668.11256452	357541.20828742	34775.69600586	33095.02421926	555368.73597714	390860.78917260	359665.33042870	446395.28138336	117929.68393813	685270.10760023	634925.98983414	595428.51473462	354824.63088943	362836.36597028	149376.73469251	524000.62982467	81280.50426183	43282.77991197	681737.54442119	
173164.11552357	243940.42895868	120.74846950	99375.84768930	279977.73806261	79747.65378768	493291.71399081	114705.68575194	233617.62785669	7150.77187734	381118.19655621	34775.69600586	33095.02421926	533144.68016127	371306.19361722	255707.62611216	419342.77575361	108719.62250854	549172.82845268	680679.44842357	613232.91711561	354613.75808588	480933.98555855	149376.73469251	422988.10662130	81280.50426183	93854.26360106	681737.54442119	
245097.98318385	243940.42895868	120.74846950	99375.84768930	303174.01725065	79747.65378768	388798.85302284	126159.00779917	233617.62785669	7150.77187734	381118.19655621	34775.69600586	33095.02421926	533144.68016127	266272.22985414	255707.62611216	389312.17480748	169561.76412110	610295.56715692	606550.39961829	613232.91711561	473734.45359198	566433.25258806	76221.81508932	422988.10662130	81280.50426183	46723.95698365	656666.99750610	
234553.83414653	243940.42895868	81706.63430297	99375.84768930	413890.90715621	79747.65378768	493360.31909788	146414.87722250	263559.98213131	29387.07123574	389457.54889411	34775.69600586	33095.02421926	553408.44598925	265865.56983723	255707.62611216	415013.46309320	169561.76412110	474195.61912249	606550.39961829	613232.91711561	473734.45359198	489876.05920128	38915.37148098	441330.55231725	44239.34978795	93688.86586235	656666.99750610	
248313.53495743	243940.42895868	83219.54743144	90114.09208892	352511.26565612	79747.65378768	493360.31909788	185377.20366561	118482.73963201	29387.07123574	389457.54889411	34775.69600586	77245.26752030	553408.44598925	401054.87133839	253370.36037906	293928.74568959	169561.76412110	537761.14781934	553538.35928188	503386.53893320	619351.45531193	363307.16553800	29952.31214677	470230.40529104	36343.92060589	180625.08808435	656666.99750610	
321968.41214639	203646.52539992	83876.85250327	95730.00766319	282946.08592772	79747.65378768	493360.31909788	278161.18824636	180839.54474927	29387.07123574	414242.47476289	34775.69600586	77245.26752030	600425.06420738	401054.87133839	381824.06418946	201586.06509086	237740.53949057	409304.68966786	442196.76644479	569346.46256591	685016.10479970	363307.16553800	29952.31214677	470230.40529104	36343.92060589	180625.08808435	607232.03612739	
344746.60098071	192016.60074133	173025.95629312	134829.20261796	282946.08592772	51646.21296447	417824.46731093	159337.32606718	59315.15825228	29387.07123574	279005.83182077	34775.69600586	34621.45195973	600425.06420738	391121.81779586	419833.47731792	201586.06509086	379988.06655227	524753.31195605	567092.78287456	547896.65501856	685016.10479970	356197.78625309	66981.61690282	440667.60596452	36343.92060589	131142.30433267	647383.62517008	
383212.56014514	149699.64627327	192356.09084037	135159.28050543	187992.17757313	51646.21296447	316443.83963138	159337.32606718	35852.85700962	26128.02990091	311656.78951727	34775.69600586	60570.82294302	600425.06420738	393370.24926848	419833.47731792	327693.49476125	393929.96774797	459498.71919233	418493.26140584	597366.62427229	685016.10479970	324856.76132512	66981.61690282	440667.60596452	79987.60925121	142879.91134902	647383.62517008	
383212.56014514	5615.28208924	124645.72083084	174961.67537059	173366.23155245	131959.68362702	367404.11746511	155144.87542655	35852.85700962	36776.48493968	167876.63524425	34775.69600586	60570.82294302	600425.06420738	406376.45755212	271248.43954892	271733.53207468	418252.11440435	584080.34168513	437491.25613622	662665.95469824	643514.43380929	458126.21368702	66981.61690282	400950.43245756	46248.97789833	142879.91134902	647383.62517008	
383212.56014514	31413.42201131	137887.78707546	273592.35008615	307829.14263394	128226.57492401	337349.46962314	193728.96109960	19632.95231169	36776.48493968	303198.80345483	34775.69600586	43235.70584776	629155.78068407	492175.34845679	417420.21245029	293004.02418869	494871.05103145	584080.34168513	412064.38487466	662665.95469824	604800.26223897	348932.65018945	66981.61690282	527995.10979876	46248.97789833	178017.44289732	656168.74437431	
253197.53729652	123028.45764501	49689.08599515	273592.35008615	212155.02563232	73971.33679558	381346.90567730	111101.50848224	124755.57545984	36776.48493968	311608.15830041	34775.69600586	172575.00470188	629155.78068407	421780.03504772	491833.76112950	221731.78304785	356452.80701421	584080.34168513	523598.54603889	637615.98337075	604800.26223897	302988.16611004	56575.91657209	392834.81101288	46248.97789833	190733.77800856	656168.74437431	
188513.17395188	270250.17151677	49689.08599515	246764.65168259	167877.50985201	54396.95894491	298844.46917221	111101.50848224	250910.15009036	36776.48493968	329760.49882555	34775.69600586	122883.17482980	629155.78068407	434061.89380401	611411.50890665	316085.75959419	326005.37292855	697190.65828286	520797.77403830	498969.86857780	536600.70737877	397219.39209946	119089.07780942	392834.81101288	46248.97789833	190733.77800856	656168.74437431	
314546.54734371	144531.54801279	60224.33513815	289152.69220021	284600.67171977	73818.69038532	353505.92579581	210862.05293082	367120.55505620	36776.48493968	180835.60127850	34775.69600586	89010.08257714	629155.78068407	527180.03741761	621451.20854893	354941.54509918	326005.37292855	578990.98686988	451502.00857489	363931.53043546	616780.04346018	397219.39209946	206326.53988722	465258.48050857	46248.97789833	212106.08611339	656168.74437431	
421183.06185987	16574.12097488	60224.33513815	194158.72508431	149334.58098568	73818.69038532	347398.13911747	332219.95200287	367120.55505620	13970.37246617	119741.14114035	34775.69600586	54661.29031173	629155.78068407	527162.49302712	621451.20854893	319447.72518137	370404.96230817	451371.69573505	433441.00466442	363931.53043546	624539.34207798	397219.39209946	206326.53988722	450240.80611492	98484.24981427	78772.77806420	671108.51611979	
421183.06185987	22399.06218625	45080.58781056	137589.46528626	254335.50456185	26715.19545393	347398.13911747	389745.22008275	283062.53016635	13970.37246617	119741.14114035	93676.90868268	43514.68593514	629155.78068407	610949.37547352	555201.00190542	268766.68960134	302548.49121534	446439.57629800	313024.05840318	363931.53043546	699278.88042074	292343.60445944	192897.95132380	447910.20539127	98484.24981427	226958.86859757	683295.29936987	
470685.47669481	22399.06218625	132354.15435473	71573.82775733	402885.66221632	17622.06025116	345763.82770457	334414.52440266	278679.13712906	13970.37246617	181017.88419157	55124.66864033	43514.68593514	674636.98436619	553861.37234795	578506.97719206	266629.84404843	413231.54085228	542975.34502423	220672.73230412	467281.88411903	699278.88042074	292343.60445944	215488.32245338	314801.85499870	59119.50696371	367015.34086911	683295.29936987	
399713.39082010	37891.00906597	60848.14644108	74673.60812916	412612.06330575	17622.06025116	345763.82770457	374299.36054225	278679.13712906	1512.68866981	141637.32037076	55124.66864033	139887.50405885	674636.98436619	536935.92159410	613522.65654522	362282.25750555	462190.03147256	421338.92685665	123466.45485013	399855.18948939	699278.88042074	390448.68255388	312818.31743942	302588.69819479	102433.77034883	318118.01617322	679649.31736450	
459307.83293256	68896.94850203	104028.91961014	218449.78688818	262955.43679334	120425.37313307	345763.82770457	345587.10271407	278679.13712906	1512.68866981	244870.19715705	55124.66864033	31875.80727109	674636.98436619	660409.70692515	517861.12174414	444880.81901756	539897.97579634	328065.42725352	140748.83120547	399855.18948939	699278.88042074	392329.69777805	406074.47547194	372451.25678546	85842.55559448	432092.10018633	679649.31736450	
458246.43133035	13758.25114476	240417.15487771	257476.63315279	155057.47387697	120425.37313307	365678.67638047	410415.50885096	315226.13556242	1512.68866981	244870.19715705	55124.66864033	45828.45741754	674636.98436619	573364.75729193	531253.71288105	321192.24199028	439732.44514849	248999.22015158	154301.66561364	399855.18948939	677427.98864276	392329.69777805	288706.44751145	347607.63765811	85842.55559448	303892.23053359	690714.97311831	
355295.93776574	23832.61677153	274566.74231428	108466.93239151	32778.86692939	120425.37313307	365678.67638047	454201.32235739	221327.61531189	1512.68866981	244870.19715705	55124.66864033	83631.52995924	674636.98436619	437682.12659820	668224.68897677	427532.24680660	534654.20241638	109473.06088627	170766.83602600	528050.49953482	570054.20605945	392329.69777805	277015.63153161	358359.01966441	85842.55559448	303892.23053359	690714.97311831	
366551.70270810	23832.61677153	312542.98377015	225263.52410973	32778.86692939	148619.56578980	344413.88079112	396521.75840882	290808.39629430	1512.68866981	220228.92066148	55124.66864033	123672.47950125	674636.98436619	437682.12659820	543234.94704083	504667.97628753	520132.29716510	253017.63381973	170766.83602600	659687.81467149	603078.81023089	502570.27650263	321449.97816145	369070.55165612	85842.55559448	292597.19925872	690714.97311831	
399189.18832349	13364.57002822	257271.99582330	347491.35074055	108433.94066085	66333.57451626	344413.88079112	275220.12144920	351039.92747046	3156.86588755	328981.74035039	55124.66864033	10952.36435962	611614.89866304	509760.28293719	599729.74202415	432025.08947836	570379.29650880	139870.72687566	309889.46538175	682012.58345156	553590.88501802	507328.19598751	249593.76367129	369070.55165612	85842.55559448	279516.51568088	661348.93764757	
287280.58263020	145346.36906557	318226.22554096	208051.77997541	108433.94066085	169775.16346608	245477.13761977	322422.77876355	326119.63943033	144307.79188557	323076.82057572	20185.11775776	10952.36435962	611614.89866304	379194.67962138	551867.97759017	432025.08947836	591551.13134901	139870.72687566	313122.58772307	682012.58345156	553590.88501802	496078.10727922	249593.76367129	369070.55165612	85842.55559448	354915.71727410	661348.93764757	
195745.01576245	11100.53590451	261833.59348433	192935.06331195	92809.82733186	98030.23823255	369413.15811468	188012.12561734	326119.63943033	120580.53014615	272081.37923524	20185.11775776	150610.14168317	611614.89866304	498885.93867338	594516.02072010	504435.04575776	542378.40017265	92899.16969509	387366.62946106	682012.58345156	597306.82054156	496078.10727922	249593.76367129	428690.91391364	99216.09509242	293096.00429503	661348.93764757	
234397.97116866	11100.53590451	129733.47592808	246714.62022711	74952.03394239	98030.23823255	287160.55853918	265955.99522199	212889.82276171	120580.53014615	204264.09221480	20185.11775776	279167.75149283	611614.89866304	614809.46276480	567553.29116224	443400.15623143	568700.96246931	95555.14270575	472596.96186564	682012.58345156	579041.44802908	390135.17974472	127743.89462810	476504.94814753	62703.45732820	293096.00429503	661348.93764757	
127519.10186424	145027.55134634	124801.90009926	235738.74656373	74952.03394239	58383.14289762	358268.47543493	250671.17130872	288948.44660339	101937.28827970	161558.51242209	20185.11775776	196039.99033633	611614.89866304	470898.25922357	574053.60422139	563545.22811595	614896.76979705	189277.15759391	448455.56939607	682012.58345156	579041.44802908	383926.60762158	127743.89462810	476504.94814753	120835.37217689	293096.00429503	661348.93764757	
192893.32597098	55043.10860111	34902.72142081	306373.96312143	171650.94671392	129463.93139580	387892.43942821	324949.96360983	288948.44660339	101937.28827970	244630.27591532	78715.13125895	78416.78766494	611614.89866304	554339.45936285	574053.60422139	526171.13152179	614896.76979705	189277.15759391	475295.14609603	542945.75654828	549797.92350981	383926.60762158	127743.89462810	476504.94814753	163831.99295258	404542.11005492	661348.93764757	
215301.14839114	109971.70336482	34902.72142081	188620.39581993	171650.94671392	191303.72397646	412325.41474678	248353.60029038	366579.75613280	101937.28827970	280107.75653076	78715.13125895	78416.78766494	611614.89866304	641344.94953802	541199.76333362	480659.16111313	584744.68869023	189277.15759391	607539.49757309	678760.17264028	583866.42794136	383926.60762158	111621.20334429	551227.55278656	163831.99295258	414290.67100370	661348.93764757	
336318.53410777	35856.31923683	123667.30538257	326456.63401434	94490.43076428	193910.90209351	412325.41474678	125694.72089137	364876.41667774	91598.51645934	283857.74114934	131681.05368678	17785.05309320	611614.89866304	641344.94953802	540252.57712866	387208.88483849	584744.68869023	180722.01565147	466954.66472487	556280.19239892	668728.69941673	402827.88576669	111621.20334429	599236.64050818	142729.34159734	539755.19495371	661348.93764757	
458838.46589975	35856.31923683	188943.38028231	197467.76731937	81893.48364973	47069.19811004	308353.79102581	141546.36623122	364876.41667774	91598.51645934	310702.45693283	131681.05368678	17785.05309320	648340.43336394	652415.39361067	553636.68456902	515829.84638660	584744.68869023	86320.29058603	493557.66769468	542038.88374776	668728.69941673	502257.06246581	143668.83304140	607676.87499952	142729.34159734	470292.65235625	661348.93764757	
356831.67695425	35856.31923683	141216.37369108	314061.76755614	81893.48364973	147492.65131640	240755.05167391	181108.22851373	255263.18078523	91598.51645934	235764.12731141	131681.05368678	77653.30751704	637415.01194279	537649.01079548	650598.32416520	429995.68901390	584744.68869023	214484.44626294	446607.79159302	442405.81773872	586456.34881466	502257.06246581	207447.35337274	656923.74855326	142729.34159734	343602.58915438	661348.93764757	
356831.67695425	74400.49800622	89489.99153124	193404.10782879	81893.48364973	212967.73735976	180932.00628832	315822.38918710	255263.18078523	118669.35753883	215396.11433771	131681.05368678	95685.48655271	637415.01194279	544180.82797871	694193.36792748	575815.61997152	691108.04078951	346523.96046749	419615.36674318	360262.46539430	598317.77565354	441363.15736394	207447.35337274	644681.95735496	142729.34159734	211944.08594704	661348.93764757	
337846.93043559	51754.63706018	24730.08771398	267044.39000323	87123.97432492	238232.73110894	46857.52618010	324348.13459811	130072.21673302	168316.01767750	89469.33579867	131681.05368678	15684.34936863	514373.95809810	510379.61452174	586405.42179997	589284.66566615	684250.09943835	357482.46417035	490310.72545309	324105.50840099	598317.77565354	528417.28548668	207447.35337274	644681.95735496	142729.34159734	178096.87132696	686120.56658283	
467899.69420859	27999.64600047	24730.08771398	187325.34636649	228129.52500761	300800.51681073	86173.09937131	319788.77921857	163365.59234179	91771.82962375	185827.69716278	131681.05368678	164557.26487622	383093.07742558	510379.61452174	689997.92016037	542256.01288663	684250.09943835	357482.46417035	396191.49113448	216836.16579912	689012.41307952	600977.28387758	108447.78148444	629613.21414806	142729.34159734	290233.04679903	686120.56658283	
467899.69420859	92584.09478818	116050.86835302	105258.68246377	135166.85183476	155278.50683019	177855.05297364	406502.84742753	187752.75038754	91771.82962375	309737.54243240	139730.18854381	161662.92380615	294819.19905341	517289.00772964	669553.77745377	438095.46000885	633631.01793183	363093.21454124	403217.71349699	216836.16579912	611050.22854286	642332.68915376	157072.52265335	519950.64894544	142729.34159734	290233.04679903	631466.25255544	
324691.18021438	225848.71082413	185144.88196557	74515.84375114	45144.54560270	84702.13095543	106254.10353024	398085.47675781	187752.75038754	91771.82962375	441747.87916978	139730.18854381	265780.76645788	380101.87697403	657028.08448297	669553.77745377	404794.94800006	633631.01793183	245772.77058988	347481.35232874	220439.05629831	637354.55911601	642332.68915376	157072.52265335	615196.21622683	142729.34159734	282097.75861208	631466.25255544	
441178.98789227	329726.95573029	215276.12428971	117355.35711632	45144.54560270	66879.99743763	160815.30226260	523961.35079271	48778.73834815	79810.07043076	529678.56933697	139730.18854381	265780.76645788	339957.58215940	657028.08448297	548713.39819655	425037.15015706	633631.01793183	235523.37693693	271085.44627895	243558.87575865	665834.95236655	629420.09283509	157072.52265335	615196.21622683	142729.34159734	306003.19490770	593744.19273088	
458278.23864897	274965.14200368	363569.66725723	114738.74268393	108682.36245745	169934.97593068	232971.69266061	534411.79378700	140204.99498891	61872.16954507	578771.59176943	139730.18854381	265780.76645788	267601.40616335	662105.05377461	659685.76031615	435002.18532065	605384.00487293	267443.68449071	336433.03687529	293829.47668462	570885.73073093	595954.27575681	253477.38939741	602909.95287283	142729.34159734	382095.62410469	646456.99044466	
458852.21534328	324653.29438944	303704.90354092	204169.09612792	188748.40537485	221067.56953104	256934.08289274	549830.26409166	140204.99498891	58687.29317757	578771.59176943	139730.18854381	265171.34620826	131223.75420737	671394.75734374	624577.59001965	344896.22421672	514583.81664872	267443.68449071	421763.37278315	293829.47668462	607017.90215599	593347.06327332	375560.41663367	602909.95287283	142729.34159734	389818.92394075	527578.68663662	
447603.11552793	324653.29438944	303704.90354092	181371.44273392	52149.17844558	157850.73613046	182197.61676431	508944.45893260	116241.52471860	100437.78111671	487175.61544048	139730.18854381	142019.16763477	69637.19671755	554386.23596104	503018.47130902	389103.62083862	489085.05128905	216134.78556828	562797.15057487	426204.31814496	525120.84446924	593347.06327332	269951.56688444	602909.95287283	146466.06781457	489134.05036058	473589.12362196	
400351.74005563	272799.14146303	222387.25940492	69851.63570846	185678.16096178	274117.01784762	194903.89883036	411006.50117787	26753.99755233	132419.03047148	465553.55762445	139730.18854381	235977.14303290	43193.91813044	491884.85115175	578379.98982783	398276.42211258	397585.28635148	352266.63306721	583263.23979830	386602.67415510	598232.25190848	523992.69951687	269951.56688444	602909.95287283	146466.06781457	501206.52104841	551939.17996285	
400351.74005563	353025.05319479	201795.84568644	76777.85718310	138575.01676623	419097.19138452	58919.06961762	418500.42093094	26753.99755233	132419.03047148	370139.82437532	139730.18854381	98512.87543991	43193.91813044	441941.19538723	604209.25945320	389162.72366483	255139.93264961	305137.83393745	562961.05829495	393662.01156443	531269.45099842	437194.67020680	269951.56688444	598417.50637185	146466.06781457	501206.52104841	576678.96719958	
319975.45965573	301852.13382320	178737.24839968	40617.63356320	138575.01676623	425896.28061582	125532.07663618	418500.42093094	26753.99755233	37130.74540280	246050.36743051	139730.18854381	98512.87543991	43193.91813044	470663.23876899	534595.92580709	431449.43090891	360789.56447614	365330.77282715	545527.75820481	354289.32182659	589015.39608556	529285.39266228	130839.31465105	528521.82541671	146466.06781457	461324.66685073	543974.27893407	
275110.20112531	238006.46017891	154223.91876107	2061.63896725	269613.17409698	503817.24624636	120160.73825486	320291.35900374	174326.67453142	41953.52705238	224305.42033001	139730.18854381	242713.07528725	43193.91813044	456065.95058014	515152.02371555	534920.18505988	425301.64525441	271390.08374715	545527.75820481	413827.22822828	586818.85914079	659363.12428900	182477.77192146	611380.76871765	146466.06781457	482819.42672719	543974.27893407	
223212.56758082	180670.31360985	269581.11658948	2061.63896725	199013.33577479	404363.61082522	116295.53296612	264742.86386572	255350.76871119	28646.64903435	154773.63946635	139730.18854381	287607.49636489	43193.91813044	456065.95058014	552745.86961137	398741.25365118	531283.04085637	318513.68801011	596100.75548297	366818.00518386	660899.50729053	689402.06359379	261613.27832296	655674.02733806	146466.06781457	482819.42672719	478520.26253713	
89583.57893896	291423.30963652	384432.74418203	2061.63896725	160467.78455447	404363.61082522	190842.48991070	257615.87074326	215817.78093793	174170.32194986	120622.72053903	139730.18854381	263101.47118067	43193.91813044	601304.35657447	675209.44248338	398741.25365118	613453.81742928	297418.26677335	612580.15696384	269656.32054271	637958.66367801	689402.06359379	367538.51937036	590735.22613380	146466.06781457	528028.08834783	376070.77520186	
209518.97899958	233036.04448405	384432.74418203	2061.63896725	145503.41180749	280135.58880012	190842.48991070	344396.08747832	187720.55044758	37612.59033420	190852.74533138	139730.18854381	205088.93574114	160968.45496457	573957.14578314	570870.42044701	465346.77829681	613453.81742928	256478.98289278	525258.47463667	260873.70808243	637958.66367801	656777.45372008	299742.54700117	650616.35590386	146466.06781457	528028.08834783	376070.77520186	
184572.56753508	233036.04448405	384432.74418203	2061.63896725	145503.41180749	167206.58708687	258258.61388835	375218.59311826	290472.40082484	37612.59033420	264811.92759758	145019.41955899	129140.44745272	160968.45496457	529876.31061687	507804.80139461	528196.14346934	613453.81742928	256478.98289278	476292.80097684	260873.70808243	637958.66367801	641876.95996389	369731.38025834	650616.35590386	146466.06781457	545721.24330065	279958.95081691	
148510.13542436	377340.36042796	410489.43870667	2061.63896725	63010.65312606	82315.60941614	258258.61388835	376417.05399882	146374.67768619	37612.59033420	151553.48683328	145019.41955899	129140.44745272	160968.45496457	511671.40321397	507804.80139461	622515.21749576	574123.63475856	351977.32234258	508820.49593979	323893.15100257	616757.52384835	587057.70359276	361316.71339491	555850.18933436	189958.03045743	511242.48203610	391439.60690994	
244240.74920849	377340.36042796	462705.49480296	2061.63896725	103207.23262386	102512.25060102	285214.05534498	298696.36137658	244574.46746954	37612.59033420	244365.90551379	145019.41955899	217015.93124525	297065.73817314	585124.68550824	507804.80139461	627874.82679493	639934.58719932	267973.81452496	613650.06190134	468306.04427450	616757.52384835	620232.10181284	331929.80301892	607091.21665083	189958.03045743	440461.56110456	391439.60690994	
238392.73764258	313958.38660344	550894.27915204	2061.63896725	103207.23262386	97952.30089200	361116.00596807	327720.98992348	378686.06075920	37612.59033420	332712.59509603	111996.81176288	112309.72258125	296451.68617443	622618.94468247	507804.80139461	627874.82679493	601116.52980349	343838.42426437	481062.69621487	375774.73427953	616757.52384835	620232.10181284	381622.63735670	489664.72315049	189958.03045743	478733.63507951	349627.16367420	
370070.59085280	316290.41937662	444350.02552471	71531.95872978	3374.16850545	247347.71201323	371335.44921352	236097.42501892	265268.99723347	102918.60719505	367205.00565959	135103.10174059	83756.13371938	296451.68617443	600913.64986469	507804.80139461	627874.82679493	651142.30577227	201773.69122120	446535.82622054	474093.35223322	616757.52384835	596331.48919112	372939.71905217	489664.72315049	189958.03045743	478733.63507951	482388.19113986	
429102.70449514	317785.58992662	382870.85418917	197958.10359589	3374.16850545	376726.46163623	473460.27636330	141586.90792773	166177.96665521	227956.55737609	413712.60752839	100544.61424005	81851.75270868	190000.10263654	600913.64986469	414810.63387435	589199.19326875	665169.13745650	333274.17862573	585821.48177083	474093.35223322	533762.91782634	696727.12530820	403934.16390506	520632.43800717	265201.02057090	458018.13717897	382318.53993782	
338413.25256591	317785.58992662	254396.72885038	68626.26409608	77051.81339148	311515.63476125	473460.27636330	5739.69704484	56439.67259965	80641.67123384	382641.42543104	165068.45335788	120496.46628385	195559.12399296	531918.90218143	349453.90615690	455532.29959871	588871.66273822	432406.66172085	662693.98339697	531088.68078032	407349.00515911	696727.12530820	494644.76167389	643837.31317232	247973.63736729	458018.13717897	299515.82828394	
262539.22548119	168057.56588447	312228.31461445	167862.74490264	77051.81339148	414984.91569357	473460.27636330	5739.69704484	69212.05244034	103957.23129363	247464.01846421	186267.23289117	120496.46628385	178805.84958723	531918.90218143	252247.90887306	389143.91401391	588871.66273822	457823.83350250	612455.84472724	675407.46733983	329069.03788347	626034.57492870	525996.40517604	648446.40834328	247973.63736729	458018.13717897	299515.82828394	
174305.71040684	231645.22719829	312228.31461445	117436.49083891	77051.81339148	517454.67260613	608024.91694529	5739.69704484	69212.05244034	41556.58420540	129995.72826641	186267.23289117	168178.58982667	157457.82985844	575997.89656293	356377.80777978	394513.41316707	529366.72608608	470723.10282845	597806.15925063	675407.46733983	256035.16537148	666161.76417457	480202.34272900	542220.56002035	209632.95417954	340203.65757650	297734.79927906	
158789.74238532	315393.86138830	382919.25794630	220999.79110073	77051.81339148	447598.02823048	608024.91694529	5739.69704484	14258.88539781	94981.40406330	113382.14935772	186267.23289117	52723.08474567	278625.41807294	560966.69208845	331011.47610551	394513.41316707	422353.69044079	548214.09337459	664345.17321478	675407.46733983	237999.18705468	651651.98213870	409775.48108141	538754.09165078	209632.95417954	435995.73655142	344290.23841216	
149013.92944390	315393.86138830	382919.25794630	277756.62454380	115723.68653041	546463.86914308	599049.14293031	5739.69704484	60321.65444585	53616.40944942	65852.90360042	186267.23289117	68851.88944827	306878.11954230	671322.16070126	397549.17781484	394513.41316707	431330.99944608	675621.20559635	654573.35842204	675407.46733983	239351.96273270	534882.05628660	325053.95712932	538754.09165078	218551.09727250	445832.60612849	344290.23841216	
76924.76597039	315393.86138830	380256.96965522	277756.62454380	109668.47877997	551040.02238708	464212.92374099	5739.69704484	43507.47149357	48181.47696495	141297.59967831	186267.23289117	68851.88944827	193673.08069488	671322.16070126	355852.53101342	421731.35314708	309175.06284847	675587.14320087	681673.46919689	675407.46733983	260876.80744905	502880.94492300	380946.94678215	568745.88695104	218551.09727250	445832.60612849	250829.68262417	
31490.68848764	235390.36772335	402868.92841688	277756.62454380	59688.77575522	419107.19828730	425652.77867545	82921.03943172	160938.41531607	47283.35060586	155899.80343565	149538.61140066	118693.96385185	193673.08069488	559487.29591263	488643.78571968	421731.35314708	399756.15646247	675587.14320087	681673.46919689	696911.48092702	220736.20754669	596738.88867729	278138.00969207	568745.88695104	218551.09727250	399725.94367409	250829.68262417	
31490.68848764	340881.39007035	402868.92841688	304764.61931406	59688.77575522	465839.67339163	380187.01093972	176299.24242383	55467.49981728	152893.87144514	64078.22969490	149538.61140066	169952.55713939	174035.51166934	658471.70433942	457798.78382876	565246.93333037	411352.51237613	675587.14320087	681673.46919689	696911.48092702	358806.23536314	635273.00186123	206626.52616744	638403.40495079	218551.09727250	381920.47387240	395739.35985560	
31490.68848764	322151.97187562	519008.93110243	391545.68137469	179822.13650906	319681.46667588	291319.36602900	248873.17642196	47301.03411906	94176.00849551	40591.43157838	149538.61140066	184443.32249866	248519.54450640	583614.15177151	370404.60167595	565246.93333037	411352.51237613	675587.14320087	537493.98615849	590991.12799671	407742.90843881	521758.31430118	206626.52616744	638403.40495079	218551.09727250	288534.92704075	388677.77485597	
31490.68848764	322151.97187562	462174.59902076	391545.68137469	118650.17393477	395606.44757605	307170.86223206	141129.30572763	47301.03411906	94176.00849551	129336.95280788	89063.69841898	165799.79179873	248519.54450640	567986.19830662	370404.60167595	599393.59000189	404390.35861662	672652.29365423	564060.22343473	590991.12799671	371987.94742868	417299.76657709	340219.93997907	638403.40495079	218551.09727250	288534.92704075	286282.97499630	
31490.68848764	322151.97187562	535246.34185066	394826.70337638	46030.24011466	378436.81943177	393744.41997418	48182.94935739	22916.16945127	177692.18195763	119207.16648343	46530.07112211	165799.79179873	258444.81646160	596853.38174501	437422.95935907	664021.06601060	473403.86866262	672652.29365423	534401.99533015	475366.04980268	364085.00021154	419640.65134089	340219.93997907	512305.10736187	102971.78264116	170789.63470311	286282.97499630	
124395.41153153	322151.97187562	660614.47391002	353293.49704580	145719.53693324	465542.71280742	350103.97752792	173532.28795633	81815.94828047	225606.22954870	3884.59185024	46530.07112211	107906.21301128	258444.81646160	458888.97894663	533114.49907327	664021.06601060	423490.05850792	672652.29365423	651536.76302972	354093.09075227	362377.67087347	385262.95103330	489429.98239958	475960.89323692	118378.73815011	170789.63470311	286282.97499630	
33127.75935602	270542.96198515	614577.16309818	353293.49704580	268069.45030549	488970.10762416	350103.97752792	137893.82454099	102811.58992461	288719.08834181	3884.59185024	46530.07112211	107906.21301128	258444.81646160	437983.07839951	533114.49907327	664021.06601060	519829.50650174	662770.77788118	557236.13716190	397177.68780976	426402.69288627	339826.64962267	489429.98239958	394454.24679444	128646.34637296	170789.63470311	263510.87666898	
63812.69421879	360424.55050275	580820.51599725	358391.76434024	379911.26503179	488970.10762416	382721.34191505	12839.03986683	159578.32578216	351337.08196946	3884.59185024	53426.86882306	129860.58620579	258444.81646160	398114.76180245	452809.89109867	637125.34429401	430103.11160956	639306.75734984	694903.63083761	397177.68780976	512497.17775779	273307.75831401	490231.75690018	492503.46640304	128646.34637296	170789.63470311	263510.87666898	
159400.49918747	265798.80444976	547321.10475205	241785.44798663	504810.20440120	492552.54354775	382721.34191505	16056.53888431	192738.77795763	458197.99902110	77625.19923959	53426.86882306	70387.97330788	258444.81646160	494436.84249828	485022.65035114	637125.34429401	484210.82150187	646746.65279781	694903.63083761	401333.97082121	571988.21756362	256368.06730796	490231.75690018	492503.46640304	128646.34637296	163023.53040373	263510.87666898	
281443.41962436	224689.55410502	501849.33063273	212686.37298869	356461.06332808	602790.75388850	262941.96276427	77445.95149961	51490.80209655	320407.97357669	77625.19923959	65130.50531419	70387.97330788	251210.04937792	545620.15201949	405983.65452485	637125.34429401	344610.17831127	538090.04793309	694903.63083761	501473.99346612	508785.19886773	256368.06730796	490231.75690018	492503.46640304	128646.34637296	163023.53040373	263510.87666898	
361929.66065165	150805.97732663	612484.25630506	292441.90432530	320512.90123359	565077.22445136	318013.99368717	4937.80547888	23796.12274672	262900.52993087	102436.86222154	65130.50531419	98864.02028452	251210.04937792	584548.16076894	285682.74294082	637125.34429401	344610.17831127	531330.02295415	660147.28053811	515252.84948055	508785.19886773	395454.98847063	595127.34443791	492503.46640304	128646.34637296	163023.53040373	263510.87666898	
409542.04556945	71589.13338153	499972.09971570	292441.90432530	360188.65020557	467795.30236230	356124.75997131	4937.80547888	54606.81823238	184427.81925849	245370.57985951	65130.50531419	126143.46216426	251210.04937792	514459.87736049	210144.32051094	678589.62618081	344610.17831127	655791.43319767	660147.28053811	517527.56089617	432197.70844995	395454.98847063	532851.08684987	494573.12463361	111610.96482598	163023.53040373	263510.87666898	
327454.51076227	71589.13338153	391913.06793889	278901.81094860	278473.54258568	587162.00305230	294065.38861023	4937.80547888	74887.55505247	118563.88868924	245370.57985951	65130.50531419	126143.46216426	251210.04937792	550917.67365620	355999.35310822	678589.62618081	344610.17831127	655791.43319767	666560.93440944	546688.06799732	374275.66203671	405887.30746769	395775.68724423	607415.25768124	111610.96482598	163023.53040373	263510.87666898	
330787.05291194	6050.92590132	351752.84528748	278901.81094860	330859.93019982	477221.55347374	371918.07287884	4937.80547888	21810.73042105	118563.88868924	311662.46217718	65130.50531419	126143.46216426	251210.04937792	580139.81218571	477884.44423241	678589.62618081	300595.65083748	663591.31893846	548374.73659143	481346.39355004	326063.40693320	346426.40080280	261580.85651628	618664.86608652	111610.96482598	163023.53040373	263510.87666898	
442243.14184675	97171.51329013	271172.90438405	175368.61959204	310432.72419478	481523.10140933	371918.07287884	4937.80547888	154706.53705468	118563.88868924	277577.58656986	65130.50531419	126143.46216426	251210.04937792	455568.99531940	487180.48741469	678589.62618081	187002.46280242	663591.31893846	582916.47362258	458998.54347669	363043.35886065	324340.20403332	252684.78903858	618664.86608652	153956.80041428	163023.53040373	311913.11135218	
442243.14184675	85713.63218681	363721.44230312	175368.61959204	213066.37788913	364018.94263170	371918.07287884	73338.17468086	222239.78758395	241287.71659998	318385.83042435	62693.74008051	126143.46216426	251210.04937792	455568.99531940	400866.82658542	678589.62618081	187002.46280242	663591.31893846	538714.00926755	576472.54146938	490784.18788251	317535.23430004	385415.34534686	602769.40378524	85414.33317025	159097.34646218	311913.11135218	
439758.47473257	85713.63218681	437786.80443078	175368.61959204	357126.64357851	416362.86624939	254766.89177857	73338.17468086	222239.78758395	254143.88844170	172075.98511484	62693.74008051	126143.46216426	277839.04031576	584637.73028814	395374.96011777	672231.39099041	302112.19295195	583136.80102437	512810.96453335	576285.64378655	429115.53682094	258513.35589063	255074.35925685	602769.40378524	85414.33317025	159097.34646218	323981.84476840	
479010.81763311	181306.62956608	484835.79228400	58181.26034669	209950.40647805	416362.86624939	255071.70266743	117009.74984367	95608.35767183	206058.55447624	320122.26610891	62693.74008051	126143.46216426	308508.61157186	665722.50310451	318190.30387044	594481.94796978	201239.46281437	493470.23959471	484917.82402930	523149.75797379	304919.91938078	211400.62855258	255074.35925685	535104.19120816	63904.19609486	263715.41695796	323981.84476840	
563036.27591035	273493.87914339	402211.70901401	150873.23337107	331637.56903780	462022.45708107	285884.65435684	85955.02545023	7399.11855152	131954.72672337	226419.28559360	62693.74008051	259111.38033056	308508.61157186	610268.29021695	318190.30387044	695473.28510978	152597.77037908	638175.37595901	484917.82402930	447932.07747765	297227.91038317	261005.29340014	236786.99695312	535104.19120816	63904.19609486	390288.55804685	349452.18726360	
563036.27591035	293002.87699637	350218.70616970	150873.23337107	369795.23889026	462022.45708107	241585.70649770	5297.02015019	7399.11855152	131954.72672337	368592.36063810	62693.74008051	290024.59913130	295072.02284884	610268.29021695	318190.30387044	674663.76916124	152597.77037908	638175.37595901	484917.82402930	356195.37630514	213293.05085170	119451.28465195	143274.74542790	535104.19120816	183980.75042775	492660.77897262	349452.18726360	
551420.08136011	267458.94476051	414862.13310938	36815.47803587	469325.64222758	462022.45708107	124943.29189293	10373.87917402	7399.11855152	116218.68372706	222713.06894931	53979.39548731	380572.94049983	295072.02284884	610268.29021695	318190.30387044	674663.76916124	152597.77037908	642786.87000115	575324.39365825	268379.45838941	208120.41837693	119451.28465195	143274.74542790	472628.80175097	183980.75042775	480587.27308661	349452.18726360	
497948.77491055	267458.94476051	359150.02802042	70193.42322608	349010.50140804	563970.96667744	67878.79108183	10373.87917402	79595.04727725	35936.83461424	169730.01920282	66723.08304286	247597.20382368	295072.02284884	545270.45454196	312873.10080800	547955.85440315	246504.68872370	544577.70558341	575324.39365825	368003.72595488	355814.84573510	106327.21339711	143274.74542790	614012.32418857	183980.75042775	564396.83158042	375995.88897144	
422561.13946787	267458.94476051	417917.30060490	70193.42322608	373877.74523469	435766.49252532	108923.74760044	51352.17563438	79595.04727725	56307.19641583	171410.95143052	66723.08304286	251892.97644077	295072.02284884	692374.27489100	312873.10080800	646182.30737417	186079.99531274	687228.31977863	668025.65246723	271325.14542856	453470.39295472	106327.21339711	143274.74542790	654969.20207505	175207.60011517	570772.06461014	442026.84595568	
418295.23517327	248537.44981556	308086.22901656	94365.95522389	512379.45719651	465878.88618230	214134.12795803	51352.17563438	79595.04727725	38530.84026896	184893.18738354	66723.08304286	251892.97644077	426683.88977497	601444.24656721	312873.10080800	515605.46137111	186079.99531274	687228.31977863	665677.46675638	346870.45154902	451840.33344318	106327.21339711	143274.74542790	654969.20207505	175207.60011517	570772.06461014	442026.84595568	
342243.92470331	248537.44981556	388509.61002713	104913.81510756	455973.10162805	520793.50475033	170769.76731412	51352.17563438	79595.04727725	38530.84026896	43887.18587924	66723.08304286	267422.25764781	406441.67919916	535519.53560262	312873.10080800	578267.63696658	217097.65338668	554360.52104911	608703.12126114	439939.88682954	303870.20027899	159068.73071980	143274.74542790	654969.20207505	137286.22462825	509322.31783130	457922.68130567	
238200.70682759	307298.45052887	340180.22673374	130510.48392213	549730.92575739	445995.68855145	172389.23320493	52875.15138651	139635.57810993	38530.84026896	160024.45856003	130983.98626564	177274.54510873	406441.67919916	661436.97583145	312873.10080800	578267.63696658	217097.65338668	585167.18216451	608703.12126114	439939.88682954	343981.93427062	159068.73071980	143274.74542790	654969.20207505	137286.22462825	405547.16294491	461909.21379316	
376314.33020983	176660.18729208	263295.14892535	2946.06706207	472195.43339138	579635.26521341	149244.99050420	52875.15138651	123014.66290481	38530.84026896	138762.57715902	130983.98626564	177274.54510873	406441.67919916	544120.02398709	382160.72107074	578267.63696658	217097.65338668	588381.35445152	608703.12126114	343759.29079886	329160.56695511	284430.71309940	110713.78109455	653693.80469627	137286.22462825	311354.74727409	461909.21379316	
497105.08508283	258694.94399401	152318.06003860	57994.58265752	340408.39662326	579635.26521341	138183.51507946	33012.00853797	123014.66290481	11209.80717810	109465.76860050	130983.98626564	177274.54510873	415435.20541708	673125.90171298	362440.28974875	579392.88832420	100913.36150908	442989.21475841	608703.12126114	363383.57905561	329160.56695511	284430.71309940	172878.19451641	597907.17084556	137286.22462825	214457.69872606	479601.69380464	
639227.65896652	361253.96626127	187694.17993608	57994.58265752	340408.39662326	485804.55208425	170441.46385004	33012.00853797	5614.86851862	68135.70178950	130119.38660880	130983.98626564	177274.54510873	450426.72203973	673125.90171298	362440.28974875	627096.79721382	100913.36150908	468807.03928792	585525.61901743	493759.70343025	240252.59544452	416463.70876733	172878.19451641	590756.06274116	137286.22462825	214457.69872606	479601.69380464	
658473.72016347	361253.96626127	238982.72640892	63571.61083047	402304.29756686	357758.38478572	170441.46385004	33012.00853797	5614.86851862	68135.70178950	67906.57459144	84562.21885434	142150.29744408	394896.52214404	673125.90171298	362440.28974875	627327.98735016	221062.65575164	554144.56765030	495458.29697701	382458.79824245	296023.02266657	438716.84307797	106633.41561134	642609.12898507	137286.22462825	205612.70247568	531152.73089361	
517925.73685169	228085.08998446	184354.68858959	114421.44216165	293506.62667673	215060.62485198	120165.86215059	116569.41934776	5614.86851862	68135.70178950	107692.08700709	84562.21885434	142150.29744408	505704.75038626	576750.94711125	488741.53321875	627327.98735016	318788.93094067	522336.17301487	624409.90762295	527583.94775080	296023.02266657	449910.35907096	195248.04893229	642609.12898507	137286.22462825	205612.70247568	540488.69316046	
432622.51205215	203790.39304145	197630.97223842	198438.37742463	406032.27635051	364770.18165936	120165.86215059	198570.48870711	5614.86851862	68135.70178950	148825.57378300	84562.21885434	76663.89934575	526620.64109252	576750.94711125	630443.95310808	536628.66595949	240180.27317814	466697.57469776	624409.90762295	401633.16220995	322562.92676665	364551.93705735	195248.04893229	642609.12898507	137286.22462825	205612.70247568	540488.69316046	
403857.17214275	272932.46821703	330594.85609824	78505.46869641	406032.27635051	334360.89952805	172415.51566463	249183.81488016	5614.86851862	68135.70178950	145612.43562918	100806.21600239	76663.89934575	526620.64109252	601495.06909346	648292.96565578	595138.41433891	240180.27317814	502093.55118215	513358.77120674	445647.10960853	322562.92676665	475630.83581897	263056.43601969	538653.96232588	137286.22462825	134440.24792954	540488.69316046	
329591.13649672	176850.03970270	451577.55223936	170616.71681960	487263.82381823	424544.74257266	51982.05344806	249183.81488016	129471.80606230	215959.93581125	261273.21026275	100806.21600239	76663.89934575	526620.64109252	601495.06909346	690115.65988795	515980.30376653	260546.89047071	514988.71222811	513358.77120674	323762.54542079	317592.91683379	523043.44496024	261918.46824685	677346.47820926	137286.22462825	134440.24792954	542290.17813952	
377528.77386285	59832.65116674	337909.58938789	193742.09643713	487263.82381823	448670.83202926	82974.33317655	187813.84570928	231678.18229358	215959.93581125	396915.67913391	100806.21600239	76663.89934575	527334.49551017	594131.90767558	690115.65988795	437515.76994241	260546.89047071	595656.84306793	606805.21129203	244930.70472189	235823.07379340	445512.11176604	261918.46824685	569787.30838687	137286.22462825	113048.37710103	542290.17813952	
457047.95701565	59832.65116674	337909.58938789	177617.23804858	481644.64470586	582399.38528828	98395.77261541	215815.16085257	317689.98349103	215959.93581125	449112.45305634	100806.21600239	82397.82802145	527334.49551017	523680.86929905	550022.71748215	437515.76994241	382251.35421031	633607.11372315	606805.21129203	148786.35063526	324417.60212139	516922.15444023	225058.41168855	591548.61214796	246695.16481897	113048.37710103	542290.17813952	
457047.95701565	107042.09166834	251878.17481650	225489.03710744	353706.01101021	582399.38528828	98395.77261541	249889.96849702	260596.63370198	215959.93581125	326382.71361934	67140.22722755	82397.82802145	527334.49551017	532596.71860562	421866.20408066	296854.35390794	382251.35421031	509413.73217939	606805.21129203	114874.12739222	324417.60212139	445497.55315746	246658.86847017	494738.73719875	106135.31174879	113048.37710103	629359.90084525	
356862.61686156	114931.79656512	251878.17481650	207741.57141303	440106.20347613	499893.59906413	98395.77261541	249889.96849702	177956.77679894	80999.72271856	255667.18814090	67140.22722755	82397.82802145	527334.49551017	645597.34609341	292065.02231690	389672.44288634	327621.37885289	509413.73217939	606805.21129203	125186.25537783	297861.05048354	467111.93416466	246658.86847017	494738.73719875	106135.31174879	113048.37710103	629359.90084525	
257289.19036460	237153.23841970	144616.33321082	142454.86912882	425840.92753315	604397.54418817	98395.77261541	191216.27377493	177956.77679894	91877.05361540	233340.69478710	67140.22722755	82397.82802145	467355.36738682	580807.24241360	269637.32973263	444200.40201709	418059.64449097	429889.08548944	606805.21129203	101824.04098511	337626.09929446	506625.80895847	246658.86847017	494738.73719875	106135.31174879	115219.95524100	629359.90084525	
138346.63531044	92945.69533007	95690.82361962	235422.12424004	381242.50058585	604397.54418817	98395.77261541	182002.67465727	153487.59148659	91877.05361540	204758.08272681	52157.14664563	24061.93092884	614094.78819038	465198.82096768	289271.25910668	353918.60969540	308065.88818069	576848.16297455	606805.21129203	177563.84757181	480739.61435635	452677.28454057	252635.46583333	353779.13909779	106135.31174879	115219.95524100	629359.90084525	
138346.63531044	50608.88162702	188915.10518510	156791.01247221	353217.96290189	604397.54418817	66672.73841761	58957.38440691	109273.22023597	91877.05361540	210992.33626677	52157.14664563	24061.93092884	614094.78819038	557835.92076376	279294.26959620	448309.16099257	312136.19228089	635850.07282725	606805.21129203	323732.97957361	354850.64947064	533079.96267605	350708.39495803	493921.50184675	106135.31174879	153880.81908031	629359.90084525	
143831.53879306	50608.88162702	246188.88576638	133277.25641411	321798.58878519	604397.54418817	182053.58994021	20512.34786573	25161.62640721	30877.25232310	98433.92377368	74711.80122199	24061.93092884	568044.28021286	451339.23776238	129854.06585592	441849.26772955	336176.22746524	690494.48252120	617496.15175309	266691.45952434	211522.41542498	482855.43370987	239255.97500858	493921.50184675	145883.08751413	146576.40597881	663852.01475219	
51267.65507335	70244.45608591	167065.59911293	208656.92994050	384719.92101561	565827.51967267	182053.58994021	20512.34786573	6865.45816830	30877.25232310	137782.29762392	74711.80122199	24061.93092884	541590.91279688	423965.60794344	129854.06585592	333121.20188181	246337.80808602	621191.94619406	692754.47558864	380890.65294697	200356.75031973	431060.99068655	349867.86832348	531528.82413837	121371.63929942	290501.95600619	603266.48213451	
82504.21311721	93877.79394872	179430.52939036	169664.04630521	443977.38462239	682457.75481423	119233.14628294	148366.51352363	54512.29747873	107036.64757277	219866.53884191	74711.80122199	24061.93092884	420773.20796092	423965.60794344	168803.79018986	362056.65488826	283363.35480320	530839.35162449	692754.47558864	359361.45002763	200356.75031973	450334.42026436	481534.75068505	549911.36753524	121371.63929942	321387.86246691	603266.48213451	
191119.45239945	154229.46941943	139755.87380973	87987.29271953	312929.58680007	554695.43255477	193039.11674664	136613.27881964	106069.76500092	115302.52244751	311905.80550511	74711.80122199	45485.04236715	532846.46391425	344780.69112777	168803.79018986	320742.23159692	237662.03267414	395049.25913510	565525.68976969	404177.81133430	308588.96803592	343867.57736182	334402.85457144	514390.76685430	121371.63929942	186374.96590115	605697.25293918	
278874.51351423	13002.22914738	72835.24234779	221733.89445877	194240.55041319	554695.43255477	265663.87837509	30105.85537166	180592.52761180	44014.55064452	324654.05097162	105521.24828707	56677.23423119	404747.69816460	344780.69112777	107128.82491809	381798.61724679	237662.03267414	357636.52465496	565525.68976969	462886.95552209	159747.33180965	406388.87846163	249472.24337022	546331.34271199	121371.63929942	200029.45394064	624106.09603046	
288669.20195223	13002.22914738	72835.24234779	74958.00111830	143437.33190350	554695.43255477	303393.60080099	30105.85537166	169284.29763102	44014.55064452	238043.78730779	105521.24828707	56677.23423119	480590.19489737	419066.78246513	113976.96826871	368056.48836731	346685.51673693	467856.21500881	565525.68976969	600286.46616669	282617.45519219	406388.87846163	226694.28753747	643618.06653420	121371.63929942	200029.45394064	630838.86601329	
268786.29695359	13002.22914738	72835.24234779	74958.00111830	228830.25542876	556633.12715236	214854.80110706	30105.85537166	227992.23358040	44014.55064452	192928.60228063	105521.24828707	56677.23423119	501887.00054519	382293.05889611	113976.96826871	479518.32104611	231580.43877880	363919.62137282	603158.71636171	533112.55919532	274624.33099007	304295.29228291	177540.18230321	538557.52138610	121371.63929942	117778.18203880	630838.86601329	
350047.65641675	112938.83733884	72835.24234779	76872.98271419	362474.15354472	556633.12715236	281269.75462180	70273.01455833	271080.53982610	44014.55064452	157347.84799516	59507.76530843	13582.75101399	552495.96109497	470632.30124933	171927.87496047	470727.64914846	219514.34640774	382734.96491585	690399.33844434	390750.47917199	274624.33099007	295939.50498166	177540.18230321	581213.44572705	121371.63929942	117778.18203880	573296.80835990	
240331.50164980	112938.83733884	72835.24234779	12973.88211966	306555.70311676	478640.57249287	241080.78858997	172732.01394870	271080.53982610	44014.55064452	133724.59533275	59507.76530843	13582.75101399	552495.96109497	545173.13892041	183236.48764590	432021.85992042	219514.34640774	521431.86517056	583802.61153784	287287.26007327	186689.09461168	295939.50498166	275403.95092022	438831.05523307	121371.63929942	126387.09145521	594288.83028524	
189120.58655708	112938.83733884	173199.51683092	61424.16496777	232781.43458575	532545.29419599	241080.78858997	172732.01394870	274804.64438194	142315.65297985	75560.61899891	29873.23147574	124875.26326909	552495.96109497	436499.37533571	127748.98892055	337530.93795967	297993.66099016	381193.90110815	583802.61153784	384723.86274819	220223.67745218	295939.50498166	275403.95092022	398445.33467538	121371.63929942	167309.04697849	594288.83028524	
183255.73921985	112938.83733884	60784.44356523	41281.22122310	145327.34331686	532545.29419599	119141.19294619	172732.01394870	290432.16202231	142315.65297985	63426.75187682	29873.23147574	124875.26326909	552495.96109497	306182.73569544	127748.98892055	371661.80570421	180012.21630755	247309.72422661	664008.18018023	386495.44880060	178876.26620006	295939.50498166	275403.95092022	519271.74838664	137634.51939699	134384.34767530	594288.83028524	
285687.65486027	111618.29872657	201577.11201588	41281.22122310	176655.18808808	517402.96140597	26717.88145457	66905.61354860	290432.16202231	121941.93690918	10381.46326343	125268.44575481	124875.26326909	479909.80031644	306182.73569544	221194.39540297	385059.31634040	150425.40201302	187317.80264719	624446.15546942	386495.44880060	231587.96331756	295939.50498166	363467.43428373	521504.78070810	137634.51939699	155590.31332269	594288.83028524	
285687.65486027	174997.71268745	112756.29524490	140747.76569777	176655.18808808	447590.02207524	86963.34081879	165593.08766296	290432.16202231	217321.39615695	10381.46326343	125268.44575481	69865.02945703	479909.80031644	306182.73569544	334950.28896177	416258.62791811	193596.05910220	272928.78149254	624446.15546942	524039.14799922	231587.96331756	295939.50498166	353209.03887578	440404.22378373	137634.51939699	158338.72448823	559016.91707033	
285687.65486027	138191.04911078	112756.29524490	140747.76569777	148845.59364125	533285.20328385	99753.81801192	190414.48281252	218011.26372986	107986.91749338	96223.45866338	125268.44575481	23205.48095276	496711.19138931	289838.90796550	231147.15527626	565687.44943334	185327.62784007	183526.12770055	624446.15546942	513183.27345448	249130.18938937	295939.50498166	353209.03887578	473930.94107712	137634.51939699	288983.19348556	559016.91707033	
285687.65486027	116640.30307419	58909.79153335	99932.79523577	63075.52101508	513220.42215104	150452.56773632	197840.75182139	171599.82032279	94925.84052308	183964.65364513	125268.44575481	23205.48095276	503931.74170755	319406.30660060	299493.94353771	585935.53457022	185327.62784007	233087.84140466	656172.50478855	525697.61317250	249130.18938937	308010.43149853	353209.03887578	574682.16968876	137634.51939699	405530.10559103	630453.05014325	
213361.93087033	154563.64042684	58909.79153335	99932.79523577	190631.10613458	635186.62243417	100136.54849284	52327.00455677	57950.57059336	94925.84052308	77648.02869353	125268.44575481	23205.48095276	550998.38582202	319406.30660060	223105.84054389	585935.53457022	141958.17850683	258907.70006578	656172.50478855	613227.92035237	253566.41356272	184068.09659960	211799.45800073	536749.72859075	137634.51939699	392939.90448003	630453.05014325	
163314.95889971	116592.79952633	132743.77328789	128591.64171056	121117.38819378	635186.62243417	100136.54849284	29173.54879914	57950.57059336	94925.84052308	122972.87556439	125268.44575481	23205.48095276	550998.38582202	311770.26782282	261266.60403861	505221.70905949	141958.17850683	258907.70006578	656172.50478855	590096.41268283	123699.26159558	202651.44814237	286423.45688994	388915.13305934	137634.51939699	392939.90448003	630453.05014325	
163314.95889971	240436.20692185	172436.61004044	128591.64171056	120947.61782062	635186.62243417	198631.76265318	29173.54879914	57950.57059336	137371.98021545	142667.68338947	108487.79419993	127767.91764187	550998.38582202	267275.18641063	261266.60403861	366354.28193936	141958.17850683	288825.61244745	656172.50478855	468976.60259868	123699.26159558	181040.82189096	165319.68419151	388915.13305934	137634.51939699	336904.29516578	666984.43495896	
227508.19695757	245062.21031361	191453.95069421	128591.64171056	52360.99518326	607076.27138481	243452.78888791	29173.54879914	109683.96204637	139108.41456931	171705.52783836	108487.79419993	203377.39082355	550998.38582202	249833.07232821	261266.60403861	373399.04507704	151338.80037326	349541.48530838	656172.50478855	568998.90290128	231891.54475232	170846.96417764	269543.04841017	316398.79003740	137634.51939699	225683.99858803	564271.36268271	
159935.91301995	125583.27247099	286420.14613351	128591.64171056	156587.17223620	607076.27138481	209207.10459270	33674.13215497	91369.91359092	14833.38338122	84074.89729284	102979.01319365	203377.39082355	529749.12605348	249833.07232821	182246.14609782	486221.75417018	192688.91971633	398710.95411818	656172.50478855	462862.12662589	161843.79243770	112645.07281309	175645.76596106	397375.37380793	137634.51939699	225683.99858803	564271.36268271	
159935.91301995	17791.61366850	393691.16578731	138879.40840373	74472.99611691	539920.66853426	124931.53011751	33674.13215497	80073.72363009	14833.38338122	183746.69730886	102979.01319365	203377.39082355	536832.64053056	348782.78675097	168854.87155740	440507.58878142	241543.75034385	500973.70094509	591815.15994356	405888.65417261	124365.36403662	203141.76535421	241865.34079941	374014.16354663	137634.51939699	265587.73559758	577015.40043252	
194464.27131434	17791.61366850	299790.06883528	231832.22745537	73360.67309600	570706.38227836	53966.42734349	27306.73563616	156158.81413234	14833.38338122	76252.15870713	102979.01319365	255295.34977105	536832.64053056	235074.26388341	168854.87155740	473620.70909105	334451.15244591	457995.33110078	591815.15994356	448934.58916956	44714.61712840	339725.27246432	287707.19117130	451530.14239899	137634.51939699	360546.47008029	539407.41472014	
174872.39736751	17791.61366850	268802.81453288	152704.66420770	85630.46311401	475994.86786525	201529.45006449	27306.73563616	259878.65660289	14833.38338122	22749.44237294	102979.01319365	258939.60507413	510175.02208196	235074.26388341	142723.03105921	405814.80477603	319867.87390919	407454.39937685	531512.20422026	474731.56316854	44714.61712840	339725.27246432	272949.71311377	451530.14239899	137634.51939699	360546.47008029	656979.19442861	
199382.17992222	107965.58792836	268802.81453288	84144.68395211	29359.96181212	475994.86786525	317226.07183269	27306.73563616	182511.97002439	97188.45345403	22749.44237294	102979.01319365	295761.82778048	390909.01521834	235074.26388341	163054.39869206	291970.99032138	327959.86709067	509908.37558036	531104.21180334	562176.17230195	44714.61712840	249742.12285210	263727.96804970	451530.14239899	137634.51939699	360546.47008029	656979.19442861	
199382.17992222	107965.58792836	141762.07534708	185222.41470817	22517.60779111	465055.76221846	325608.28696405	27306.73563616	182511.97002439	97188.45345403	150046.71975237	102979.01319365	148228.22305628	339494.71359921	342470.55431665	163054.39869206	362377.96234953	327959.86709067	538390.86195960	553709.98644772	562176.17230195	44714.61712840	220972.65742450	263727.96804970	338375.37072142	137634.51939699	340932.00513803	541495.25278865	
318150.87902985	140385.97022413	272699.52693083	163193.28134105	167321.98023613	538542.13535846	448660.63826451	27306.73563616	96793.25625025	42927.50285434	236453.45559397	102979.01319365	295253.36266687	339494.71359921	342470.55431665	163054.39869206	362377.96234953	388527.96898658	550610.23882367	553709.98644772	672180.88510355	44714.61712840	265983.55855679	268647.08472445	414255.70203440	137634.51939699	340932.00513803	535627.98207148	
318150.87902985	140385.97022413	272699.52693083	307707.64054624	166590.04314578	538542.13535846	361780.20214037	27306.73563616	3932.13325416	42927.50285434	222418.88922272	102979.01319365	242724.54835284	487597.87445270	342470.55431665	163054.39869206	307244.58304580	388527.96898658	676234.27538360	655184.26711554	523369.64552653	44714.61712840	265983.55855679	326127.04629692	414799.14052992	137634.51939699	340932.00513803	523459.26347858	
273154.53789078	1464.85914316	241317.64637701	296779.07078326	263508.76456847	574420.07657895	441717.43269128	27306.73563616	3932.13325416	51999.99339579	331827.00073612	102979.01319365	242724.54835284	521272.16716710	372621.68148140	107321.86206163	443198.82504176	388830.39994469	555646.33200056	685623.55869086	498347.00136551	87045.75272790	357202.85830038	284448.58528750	490242.80294236	137634.51939699	340932.00513803	523459.26347858	
253827.17416752	96537.36140265	196911.63423029	375775.72003962	123890.22910131	452545.63401297	441717.43269128	27306.73563616	3932.13325416	51999.99339579	361780.01736043	102979.01319365	302337.22741605	521272.16716710	381976.69872838	114246.41667176	332759.76506065	388830.39994469	646692.84500640	579561.18327668	498347.00136551	87045.75272790	223453.08887943	140133.31876563	423470.35719655	137634.51939699	317820.05298373	523459.26347858	
204726.36907628	110907.56593365	112973.57995305	375775.72003962	229758.94233892	501035.37715095	382600.81793339	27306.73563616	3932.13325416	51999.99339579	350935.42652505	102979.01319365	164057.57353561	521272.16716710	244206.66376611	215528.34614535	199399.40365594	388830.39994469	646692.84500640	579561.18327668	498347.00136551	55949.06272339	338064.87578572	90760.19062919	423470.35719655	137634.51939699	317820.05298373	523459.26347858	
199336.67618452	33748.26948737	73736.27580284	375775.72003962	162450.12383977	478789.83631265	382600.81793339	27306.73563616	3932.13325416	3040.30319030	350935.42652505	102979.01319365	312333.45686417	521272.16716710	208411.75559358	102489.77435520	333548.70047167	388830.39994469	613478.26033610	564894.62886316	440094.02446963	128037.86878206	338064.87578572	23341.77641109	355100.38295895	137634.51939699	345225.29959924	629895.23311146	
199336.67618452	33748.26948737	73736.27580284	375775.72003962	234465.34673985	410159.25271963	384832.91219857	27306.73563616	71220.76623037	3040.30319030	350935.42652505	3144.36103339	343455.77677887	383479.95840939	255423.44762607	139293.56919796	227841.28071230	480324.92984207	690341.73116742	596562.22153172	448721.26376940	128037.86878206	321478.67512159	23341.77641109	409082.15741119	137634.51939699	478927.12054266	629895.23311146	
162058.90632302	33748.26948737	57618.38784324	332052.82849390	213904.46065403	498697.39644278	412569.21374437	27306.73563616	18414.21080533	3040.30319030	288525.79051293	77293.58573926	285069.18953144	413394.36117355	255423.44762607	139293.56919796	156805.03061142	525805.22240141	636298.02855302	596562.22153172	568129.00726646	128037.86878206	179248.67536090	23341.77641109	442636.94885359	137634.51939699	517833.44092824	629895.23311146	
162058.90632302	138498.39972355	581.20985186	282381.51528363	78581.25746102	411599.38938996	451576.32481644	27306.73563616	18414.21080533	7286.83725351	190259.04162320	111489.20246504	207518.18919047	506315.32835108	255423.44762607	139293.56919796	119110.17884910	485489.74750905	636298.02855302	448834.68009893	539494.79219280	34628.55408135	179248.67536090	129044.69697873	487787.44630850	137634.51939699	517833.44092824	618974.15824004	
162058.90632302	138498.39972355	581.20985186	331518.66187157	73014.92630554	425912.78710917	333797.09817960	27306.73563616	1810.81232889	84978.60722898	306746.94563803	111489.20246504	144304.53419482	475490.06436522	222013.97144332	139293.56919796	2109.31398029	521152.66192312	636298.02855302	448834.68009893	552760.57083146	34628.55408135	60440.50184996	129044.69697873	381884.89251446	128406.21357160	548115.39593317	618116.85704797	
130322.93379111	137986.67272777	581.20985186	294451.89540258	169171.24811026	281511.11935398	474799.09665114	27306.73563616	1810.81232889	84978.60722898	360591.96810456	111489.20246504	184998.78963736	475490.06436522	262164.47424060	139293.56919796	2109.31398029	521152.66192312	636298.02855302	558807.71841011	552760.57083146	34628.55408135	60440.50184996	129044.69697873	499247.54616834	128406.21357160	548115.39593317	618116.85704797	
130322.93379111	87754.63332436	581.20985186	249324.77309888	43810.29590622	303381.16874692	506275.74790525	27306.73563616	1810.81232889	79327.64410323	392378.18358452	111489.20246504	217012.77531497	500258.57198765	402502.86995485	244250.70827261	141179.72253828	521152.66192312	497031.92777763	562421.89043658	559181.40146618	159541.25035256	60440.50184996	95183.98902653	499247.54616834	128406.21357160	466912.85143424	618116.85704797	
130322.93379111	236534.65081741	581.20985186	166295.10756629	43810.29590622	383520.69084824	447321.15350021	3128.65328533	36592.75074723	19674.24942150	376750.10882853	111489.20246504	303553.25150751	412044.40243055	390889.46301120	244250.70827261	85167.03843202	500287.72358063	348666.23087847	532393.52605264	498115.13734119	230724.11629367	79702.82394144	95183.98902653	574844.02032165	128406.21357160	323049.71629358	618116.85704797	
246002.97768966	210524.65747758	581.20985186	18187.08104996	134379.70076489	445649.47261818	348107.07395322	3128.65328533	52459.18363675	43762.19438027	246674.95945221	111489.20246504	284890.66391977	485502.86611902	285157.87060195	244250.70827261	104816.14572456	481705.95200682	443807.49881897	466760.12592290	619699.71515439	233658.18392656	79702.82394144	77445.06227909	548564.85922924	169281.84403714	323049.71629358	618116.85704797	
246002.97768966	210524.65747758	581.20985186	18187.08104996	134379.70076489	445649.47261818	379902.93638133	28313.35976587	3285.38424746	43762.19438027	281203.10335807	38969.47387416	211293.38824225	485502.86611902	306994.05742607	240613.86466539	84790.27983944	481705.95200682	367066.24885027	466760.12592290	619699.71515439	233658.18392656	79702.82394144	54732.99994683	435555.48164197	169281.84403714	259128.19430966	618116.85704797	
253405.40787105	150358.40622899	581.20985186	18187.08104996	241963.49336221	297073.59206776	312093.52515352	124906.78004373	3285.38424746	43762.19438027	200668.32790703	38969.47387416	211293.38824225	527481.93784235	414282.50828451	158310.63742789	84790.27983944	626175.40929571	346203.93331022	388353.02519941	619699.71515439	380549.03615426	79702.82394144	54732.99994683	435555.48164197	118984.08904360	259128.19430966	623686.11589428	
240252.08562203	150358.40622899	581.20985186	18187.08104996	135882.13054935	297073.59206776	399575.71999782	137974.47074678	3285.38424746	43762.19438027	76607.93359214	38969.47387416	180740.66996136	605508.76127033	563337.33998672	158310.63742789	179661.68743619	616937.85688907	430745.06256825	431362.36895148	596565.00903350	380549.03615426	143999.76114996	54732.99994683	396033.73699950	118984.08904360	259128.19430966	608308.25974971	
155034.94697963	49132.77855397	581.20985186	2625.95034598	203300.51435544	312965.56998176	328974.40950276	167724.12014103	6250.98817952	43762.19438027	78027.84077946	75391.32029286	212827.72564845	605508.76127033	610795.97482377	103880.54429254	212730.01469980	688654.12120948	288587.91656563	479360.43788488	483930.34679427	440352.29159712	168029.76997292	54732.99994683	365248.93773108	118984.08904360	259128.19430966	608308.25974971	
14608.97417046	8655.52489855	581.20985186	2625.95034598	113457.12661282	214488.83331879	188826.00386667	284883.92746855	6250.98817952	35127.36372628	78027.84077946	89913.69200143	212827.72564845	605508.76127033	567274.89029241	64290.35126089	353551.24473151	614753.54027361	348482.26886223	436174.19675925	434975.90952647	587742.30376457	121262.93224251	54732.99994683	404511.01344715	118984.08904360	245214.07931450	667401.93202207	
39333.19731444	8655.52489855	581.20985186	2625.95034598	202940.26381740	127986.95832628	165848.71564057	417724.99027721	6250.98817952	35127.36372628	62844.62332385	89913.69200143	212827.72564845	605263.44948825	696684.80397701	92217.66459141	329163.63671704	614753.54027361	274564.14440221	458479.25866335	382984.52296698	607919.85095384	72003.01276547	54732.99994683	428016.38486104	118984.08904360	245214.07931450	622518.40824941	
28288.02974704	8655.52489855	581.20985186	2625.95034598	202940.26381740	127986.95832628	198407.24362504	440693.35086025	6250.98817952	35127.36372628	62844.62332385	32906.31212803	212827.72564845	605263.44948825	696684.80397701	159574.87271346	189453.10075389	588704.91083281	250406.28895870	416472.18421973	377737.34580888	525420.97619068	180778.76213135	54732.99994683	428016.38486104	118984.08904360	245214.07931450	673368.41478152	
28288.02974704	10167.66953707	115943.83821128	144751.89940553	121667.77806259	96716.44441652	241092.20017338	378965.27670757	6250.98817952	37701.65213666	158609.24702131	32906.31212803	212827.72564845	504071.84479870	696684.80397701	48227.32235676	189264.03969967	470780.55009038	261920.82434333	321806.67335351	444305.89385162	414427.73786165	225369.16185090	54732.99994683	439716.85826756	118984.08904360	245214.07931450	558632.02540952	
28288.02974704	10167.66953707	177686.15000565	234461.98345910	36405.93466399	96716.44441652	271597.17425633	308548.27177885	6250.98817952	37701.65213666	271454.87576460	32906.31212803	90144.89667067	493526.54983793	696684.80397701	157158.07644528	285033.61401061	492435.21657262	250244.68071649	323782.79478737	529160.61413286	412462.73027951	80001.44715402	54732.99994683	513081.92312572	118984.08904360	245214.07931450	558632.02540952	
28288.02974704	91348.91469664	182402.72705245	246978.81381502	145247.05766592	24356.21038028	352521.81602340	381876.46751477	6250.98817952	37701.65213666	350664.32188205	32906.31212803	90144.89667067	420638.13203588	646628.80180997	221188.93780807	332570.54807228	551436.92905239	354937.15058628	343709.53052822	529160.61413286	412462.73027951	58584.10763157	62686.26715444	543066.12339926	133725.19014784	293113.74941428	449170.72229177	
28288.02974704	184492.73622334	78952.28423468	138370.72028493	108487.41435507	138663.94695042	213377.12176570	280987.27823894	6250.98817952	9259.67623890	251378.53273029	32906.31212803	90144.89667067	428157.63247381	552844.57758841	221188.93780807	351101.21601184	403202.05475147	380216.67445064	433330.20910307	480623.06924119	359893.25354043	178159.57772973	62686.26715444	674762.10907863	120182.24066263	154811.92912974	449170.72229177	
28288.02974704	187128.08801171	97166.63147622	129935.60669429	92183.62133511	95352.26937146	213377.12176570	160071.07134195	16448.01890320	9259.67623890	251378.53273029	32906.31212803	106551.48330037	428157.63247381	579347.61156284	221188.93780807	240449.96334184	263919.93984057	323833.14313327	341277.92766612	534227.08147446	217093.63305049	285228.61645529	62686.26715444	538753.03096113	126931.30250238	154811.92912974	449170.72229177	
28288.02974704	182106.33247441	97166.63147622	22131.46457176	198710.07936167	95352.26937146	346821.71723263	79671.17387995	16448.01890320	9259.67623890	256124.98976709	32906.31212803	106551.48330037	304885.81584369	666824.59364055	280978.49263334	263990.61476084	410035.55455573	425151.63882719	207936.30224858	519138.34634734	254324.59812257	287661.97289317	51034.83648299	411630.50417786	126931.30250238	127880.22948260	449170.72229177	
28288.02974704	105714.83406663	63152.14616676	172021.39338776	61462.29887918	118425.95193467	402337.26986192	73181.66939637	16448.01890320	9259.67623890	292050.98214008	76849.62337333	106551.48330037	384582.70882392	666824.59364055	400564.83631278	304346.61456466	369172.18037220	405347.40150940	264894.74168089	638858.82999447	392983.40874222	287661.97289317	72912.64491484	462406.20575159	126931.30250238	127880.22948260	532209.76788557	
52440.44562622	29271.47494637	195716.12347815	283502.72540146	6871.54429479	162662.13837576	502817.88179098	73181.66939637	16448.01890320	15068.76433379	412025.73642884	76849.62337333	106551.48330037	514094.18225538	533212.48586917	370506.79709380	229953.00910476	378126.54784908	352136.15785657	184415.42129916	653635.43754119	248023.25434210	288686.76971489	152304.65460320	506997.50006639	126931.30250238	127880.22948260	532209.76788557	
52440.44562622	154284.42106161	85787.91840241	316068.35596281	78033.45188364	14130.22660729	620051.03946472	67781.90988674	50811.49286226	15068.76433379	412025.73642884	76849.62337333	106551.48330037	428196.73561078	533212.48586917	427803.93131449	320368.79674890	480616.21600586	292423.49226594	291324.40884505	653635.43754119	230478.67664899	221591.52087628	152304.65460320	506997.50006639	120538.96428998	127880.22948260	620002.03993453	
89274.66868743	154737.38285487	45159.11517945	437676.59477644	162553.16999540	48709.38708161	570392.40601496	67781.90988674	50811.49286226	15068.76433379	394612.31607636	47847.46791318	5226.42953717	428196.73561078	533212.48586917	473976.08058777	464558.04147991	583023.76552678	246329.97059968	387822.17403091	588621.37166358	116754.41632245	102784.58540763	152237.67883777	562746.13012358	120538.96428998	189607.14580493	620002.03993453	
172560.53170318	261888.72497603	40550.79971033	484706.09544290	205867.83473097	69509.65774339	521572.06537024	67781.90988674	53879.20801821	51452.73679273	255871.58002399	6888.84843290	5226.42953717	449805.06666976	533212.48586917	513692.78253885	331647.58106048	583023.76552678	308508.23919246	308912.45159963	610020.83567883	143931.37145618	125446.16498098	290522.25546770	635379.11707776	11039.95255937	238956.92268409	578210.28688525	
231952.34561467	288446.92949638	81858.43812981	447320.24996326	71643.51143256	164071.55800014	521572.06537024	87935.41922913	12661.86557965	74258.69967376	115131.53450469	6888.84843290	5226.42953717	479606.28302920	532002.26509650	655573.25152536	406360.68281032	460387.64201968	309557.11315754	200618.07285774	641240.92064693	92239.30872972	125446.16498098	290522.25546770	635379.11707776	38261.85449640	131152.01136075	689292.50191845	
218530.92859171	254300.34711039	158416.50876151	355781.37993826	201511.15261898	133101.69014944	410281.45219693	87935.41922913	12661.86557965	74258.69967376	223073.77073363	6888.84843290	5226.42953717	593084.74265801	392785.89348109	683721.57604113	380478.10793437	547267.97555929	222526.18396335	200618.07285774	505411.84701669	92239.30872972	70591.61037084	290522.25546770	635379.11707776	38261.85449640	212145.31543708	594160.59176788	
221819.05568391	354752.76573316	63131.58536802	295938.51672528	190711.70002078	85608.46796529	364564.83499409	87935.41922913	12661.86557965	139025.04413158	353248.88721323	6888.84843290	128590.44318841	593084.74265801	353718.55111703	683721.57604113	529714.51679435	507320.67399046	370251.17704412	202388.67159616	603995.62933452	195807.13551282	184084.64825738	290522.25546770	513417.12593676	38261.85449640	134660.35642029	594160.59176788	
266250.65588843	327826.92807511	148064.00990070	201571.35457745	243270.18940533	5930.93993298	340697.95488978	87935.41922913	22001.43437680	139025.04413158	403032.62093417	6888.84843290	77322.90960880	593084.74265801	353793.81341594	696958.19742808	542289.00822086	476644.89300293	256846.96315000	335593.72607005	603995.62933452	195807.13551282	132417.64820582	290522.25546770	513417.12593676	88536.39748744	112500.53217284	666694.56100991	
251309.47068596	193462.34469627	199960.24436805	220088.43838382	234609.82744227	97786.61489127	433730.60676462	118685.17208612	22001.43437680	141574.13096732	329050.27995617	6888.84843290	77322.90960880	651637.70364960	324703.99150340	696958.19742808	518410.71418900	533257.40004482	256846.96315000	474032.51781744	603995.62933452	169514.64461322	79289.13123819	262900.76519502	661687.87493026	209049.82462295	112500.53217284	666694.56100991	
251309.47068596	117190.23113539	297703.53957917	132124.93036045	234609.82744227	120468.48032717	420866.32505653	118685.17208612	22001.43437680	170773.34987535	395163.31677377	22422.57585129	54938.64689698	651637.70364960	324703.99150340	696958.19742808	519284.06858756	515765.31069552	256846.96315000	584566.36638213	519595.98051549	169514.64461322	79289.13123819	262900.76519502	544045.79193054	259104.40864632	112500.53217284	666694.56100991	
171200.04341443	194469.40366383	343934.26214287	59465.72730030	128445.79787332	238322.84071092	501878.77691224	148168.30792556	22001.43437680	113123.24243386	301039.37830811	83553.99472659	54938.64689698	616810.56067846	290880.33616727	618272.77488968	647598.61345852	510953.43027630	255108.97573606	446801.40012668	595218.61511092	313186.14040227	79289.13123819	259487.25714130	544045.79193054	120533.91856959	156685.03837059	666694.56100991	
92992.15214595	84844.28964047	380723.67165416	59465.72730030	70470.14984492	149192.12446031	501878.77691224	126175.00058991	22001.43437680	113123.24243386	198568.66835474	83553.99472659	18993.48532194	616810.56067846	290880.33616727	660989.84550421	526389.03119858	391603.76774194	341661.84407510	446498.74254795	528420.60383127	338764.66890697	69256.38824607	123748.09118916	496645.11941479	95589.87317792	156685.03837059	666694.56100991	
59282.79610291	206094.03423521	276724.58224751	155859.71961409	139611.48153253	203859.13017192	478263.64912221	86891.35242914	22001.43437680	75349.60381983	72707.58676463	83553.99472659	18993.48532194	616810.56067846	203758.88848603	682350.68627431	407952.84332263	391603.76774194	328711.22167969	362669.22159748	479838.44408651	277552.43591035	144971.95844064	123748.09118916	428030.69971266	95589.87317792	285346.03379043	634349.39114883	
27369.18174778	334903.63667886	401130.78446589	198972.34347045	219639.67346002	333679.10877921	478263.64912221	110774.35355907	22001.43437680	75349.60381983	79790.10290860	83553.99472659	18993.48532194	616810.56067846	264683.80472284	559450.18723527	529007.10999664	251704.08125075	384765.03089101	362669.22159748	479838.44408651	167073.03864655	144971.95844064	123748.09118916	354989.58847267	95589.87317792	285346.03379043	634349.39114883	
27369.18174778	222119.91450788	466424.05391149	59457.41895196	122432.20083930	333679.10877921	378170.02287102	110774.35355907	57125.13596083	75349.60381983	105767.50739445	83553.99472659	19154.24688562	616810.56067846	250692.06756635	629064.77439625	468877.89990090	132912.94850918	343152.47072474	362669.22159748	405140.87774610	259108.93039927	101327.81877887	123748.09118916	441952.81131325	83717.81800505	282337.48389709	666900.88530561	
27369.18174778	169397.48886672	466424.05391149	29979.90793623	129616.71779962	275963.74962702	378170.02287102	110774.35355907	57125.13596083	36458.21742898	105767.50739445	83553.99472659	19154.24688562	501870.71554126	376064.32554367	575047.76035317	468877.89990090	193894.74283745	422292.61142205	362669.22159748	405140.87774610	202813.57006565	91437.29370217	270980.03127069	384408.35434417	83717.81800505	280839.47717524	666900.88530561	
27369.18174778	184115.39548081	373463.20203607	29979.90793623	24752.56739031	347116.42043623	378170.02287102	93951.56529869	46041.91169261	48976.05873256	143988.94127966	83553.99472659	19154.24688562	505180.41601538	398524.93650507	447714.94511543	421983.24486285	202805.27701411	543092.46207593	494572.58849935	405140.87774610	172857.58848153	91437.29370217	308127.28454544	234724.63339904	83717.81800505	280839.47717524	674576.76773094	
27369.18174778	274553.46781007	373463.20203607	29979.90793623	24752.56739031	310122.04109095	378170.02287102	12302.47229866	46041.91169261	48976.05873256	130507.78543239	83553.99472659	17681.05476668	505180.41601538	412585.99892741	572081.93737066	421983.24486285	189124.54399801	507791.81345702	512473.64665686	506285.19288703	131784.55271928	208621.11268516	173839.80786728	203542.53868071	83717.81800505	155107.62073814	674576.76773094	
10613.75107489	294023.76146868	224054.29647115	29979.90793623	29590.68949083	268942.18185070	232632.37609935	12302.47229866	65322.21723893	35767.63598702	171289.08761611	83553.99472659	100227.81715370	615479.69392121	428358.67244606	507941.52596580	551440.33110156	189124.54399801	473461.65043790	634574.56523156	628327.53095857	131784.55271928	220687.72306708	152696.95553069	203542.53868071	83717.81800505	155107.62073814	631279.36566082	
144432.52838912	432253.25711834	120808.68614267	146982.49340872	29590.68949083	142707.92517411	307964.42091620	12302.47229866	49567.20861286	52679.00955433	143584.50369465	83553.99472659	100227.81715370	615479.69392121	559044.96468938	647680.78505990	471273.49822638	317982.91107609	458838.18476085	560632.27216667	628327.53095857	131784.55271928	250204.71508532	181343.89977689	203542.53868071	83717.81800505	155107.62073814	631279.36566082	
112182.27437332	530717.71926386	11091.50250416	169465.00259097	29590.68949083	142707.92517411	246887.60198548	10910.77391063	56297.41280534	52679.00955433	199354.05857780	83553.99472659	42009.09623306	615479.69392121	559044.96468938	566312.13032079	542166.82789967	430808.85357244	393776.98460078	470454.58162804	495034.24564783	131784.55271928	342320.09978195	176834.26613229	203542.53868071	83717.81800505	174987.71302134	631279.36566082	
124051.21127160	480909.72061751	86423.92738959	41742.00683108	95086.06914233	165138.27563165	227312.74079954	10910.77391063	25423.83989497	52679.00955433	193449.12445636	83553.99472659	119520.68941100	615479.69392121	584773.33077480	566312.13032079	640462.49724590	548192.22358423	540474.48076716	521024.76423953	463651.71478179	51502.63693681	414756.04962782	89365.99454356	203542.53868071	83717.81800505	181865.38003346	631279.36566082	
9458.70997730	498053.66660567	86423.92738959	180236.03378526	95086.06914233	271006.41921983	112302.08158524	10910.77391063	25423.83989497	52679.00955433	193582.38370678	83553.99472659	34026.67089001	615479.69392121	584773.33077480	568378.42614113	605336.27883237	463389.26650215	659474.23395410	484184.58807295	324349.81486291	51502.63693681	506762.28875561	89365.99454356	199190.42248218	83717.81800505	203793.07274883	631279.36566082	
9458.70997730	400214.01062682	28378.32405797	296824.20185620	95086.06914233	375017.68335138	112302.08158524	10910.77391063	158293.84103525	52679.00955433	79431.54024525	83553.99472659	121006.14041043	614469.76141696	568422.00016089	657217.74462780	520964.71762596	354866.50056663	679998.70755311	426808.27266073	302991.28816847	40536.39910870	506762.28875561	189057.99821911	231432.09274431	83717.81800505	149757.16822179	631279.36566082	
33979.78720505	355025.26860077	110828.79049705	294245.42892297	77316.48579602	342276.60062229	26407.39940615	10910.77391063	261766.12742517	52679.00955433	143379.69603692	55679.94905115	121006.14041043	614469.76141696	469792.75046613	657217.74462780	441702.91094638	454888.38410160	613454.48920145	380674.79984927	281847.81180478	40536.39910870	538465.31929171	91548.05797729	274845.04165342	83717.81800505	149757.16822179	631279.36566082	
33979.78720505	278243.82674218	110828.79049705	276132.61360811	158070.13086084	248590.40979951	26407.39940615	10910.77391063	326578.48561106	52679.00955433	214104.89423244	55679.94905115	123545.02983512	616172.55754899	362322.82927849	683548.36877728	571528.76908865	454888.38410160	663258.96988753	501688.47448730	328363.38380770	40536.39910870	503232.32882865	66991.96652456	274845.04165342	83717.81800505	149757.16822179	631279.36566082	
115811.17234428	167844.90970655	242758.95602752	215892.84813342	160211.10350192	316075.60301204	26407.39940615	22866.81009419	433567.82635816	52679.00955433	88046.99162783	55679.94905115	123545.02983512	616172.55754899	316666.84498519	575838.50280243	492660.00203725	305804.22481960	663258.96988753	488566.80081645	384340.62789576	73391.00152738	496038.19829476	66991.96652456	242777.34718178	83717.81800505	160642.89813811	631279.36566082	
156712.87213967	47378.93698043	316726.33729251	281679.91561230	278641.43284507	376792.21555077	66771.62503525	22866.81009419	433567.82635816	52679.00955433	125383.18485866	67390.07567790	123545.02983512	616172.55754899	345056.18090301	602422.79417775	369015.47140305	305804.22481960	547249.17376239	521090.99141735	462224.32300618	73391.00152738	496038.19829476	66991.96652456	242777.34718178	83717.81800505	160642.89813811	631279.36566082	
37335.97868495	47378.93698043	316726.33729251	281679.91561230	309163.94040894	483594.32286430	177193.52963612	35740.48715720	433567.82635816	52679.00955433	203861.56794413	67390.07567790	79276.73513369	616172.55754899	345056.18090301	528317.90633099	431127.53421698	305804.22481960	545561.22339327	613386.93301628	484492.88400403	103616.14824077	486555.32006550	66991.96652456	242777.34718178	83717.81800505	94837.01936989	631279.36566082	
146262.86957927	98143.18789691	196917.51589484	183516.91095506	403494.90546758	350520.22529073	204407.34107894	35740.48715720	307399.90750214	52679.00955433	123715.40912153	3568.15252167	79276.73513369	616172.55754899	345056.18090301	609638.21695625	295186.94621600	313471.90528679	681229.50049785	551854.15726902	615763.73868011	103616.14824077	486555.32006550	66991.96652456	380927.22608341	83717.81800505	219769.38038591	631279.36566082	
275843.54194876	83271.16096806	215242.56837097	61165.76449447	534541.92899803	487832.94570675	104241.39688386	35740.48715720	307399.90750214	52679.00955433	53563.44580100	3568.15252167	175235.86750944	616172.55754899	395368.60845697	479752.55954748	317045.06336744	432744.82378128	681229.50049785	504967.35643021	615763.73868011	35984.86641219	346447.27357238	66991.96652456	380927.22608341	83717.81800505	236403.02711858	631279.36566082	
127146.73951266	83271.16096806	236355.51746124	68922.48695867	568004.34761895	364902.27964021	104241.39688386	35740.48715720	219467.19300383	52679.00955433	58519.50286475	3568.15252167	147087.35912408	616172.55754899	268269.25005108	358936.11611049	318901.77177675	305463.19734244	681229.50049785	647599.05497784	615763.73868011	151415.37503058	346447.27357238	66991.96652456	353709.57246628	84585.71890585	236403.02711858	631279.36566082	
106514.40285535	16818.89636545	305096.96218707	68922.48695867	618462.71441748	291178.54294306	104241.39688386	35740.48715720	72869.23152296	52679.00955433	139728.45386643	3568.15252167	147087.35912408	615487.30582828	176593.74863968	298648.05399633	318901.77177675	343460.36278993	681229.50049785	534050.37232627	638531.40834531	178851.98235700	245034.83444732	66991.96652456	350636.49388668	84585.71890585	272215.89443025	631279.36566082	
41384.79154156	83333.57287441	305096.96218707	109351.26763495	671228.36955602	264184.46573299	110435.44070610	139081.45953913	94307.65381396	53970.33290392	104017.53890136	3568.15252167	147087.35912408	615487.30582828	53838.37351931	290221.20609676	318901.77177675	415681.70581355	681229.50049785	442473.65497405	638531.40834531	169378.08065477	306426.10345432	66991.96652456	448387.45557183	84585.71890585	272215.89443025	696017.16619383	
41384.79154156	222807.28073054	279669.43531969	256621.39718510	671228.36955602	127548.41609337	110435.44070610	139081.45953913	94307.65381396	53970.33290392	135283.24993226	3568.15252167	238733.47718797	659216.68430074	53838.37351931	289664.99727595	336702.29220812	415681.70581355	681229.50049785	320433.67102233	638531.40834531	266478.86542730	306426.10345432	133615.51314276	401260.43747368	84585.71890585	371543.12829112	696017.16619383	
41384.79154156	222807.28073054	156214.75511452	214904.39311123	671228.36955602	113377.28132726	44598.75807123	186621.77561751	7127.44593789	53970.33290392	223565.90012244	3568.15252167	328572.44792932	659216.68430074	121097.07831673	289664.99727595	217924.07602163	538897.80531359	681229.50049785	268066.68597737	527249.72419861	266478.86542730	197317.51794599	144801.80764780	472961.91186599	84585.71890585	379139.78722165	696017.16619383	
41384.79154156	136800.03926128	31010.97694879	181286.41661770	671228.36955602	134273.66715307	44598.75807123	241117.39248779	130123.12177829	53970.33290392	81334.41410118	3568.15252167	328572.44792932	617876.95250397	121097.07831673	169257.45486877	127137.34591418	546169.58350355	681229.50049785	192835.82085818	513143.03472342	413584.76967811	346832.78931457	148559.85756311	484226.22301974	138582.21913723	379139.78722165	662269.38687633	
120152.63085207	142628.20990038	31010.97694879	84727.37336900	671228.36955602	21383.07535882	77023.22130301	249574.81206461	19856.47495768	51907.17098335	81334.41410118	117372.92351090	182941.99957584	617876.95250397	121097.07831673	199688.23389241	209695.57742760	553207.42735092	681229.50049785	151280.83264356	513143.03472342	341089.98291177	339401.58537018	237621.52007190	583015.89666144	138582.21913723	392545.57598311	671399.08153161	
33860.79454681	11725.85007805	121634.66694143	169732.23513906	671228.36955602	97859.79838292	156136.99837219	275254.26187848	162447.09777445	51907.17098335	41152.11333695	117372.92351090	250259.09858273	617876.95250397	59834.64413287	235700.46729803	209695.57742760	553207.42735092	681229.50049785	160787.83279146	537536.17288422	342813.16108265	450032.26019270	285271.15804605	562162.52103230	138582.21913723	392545.57598311	671399.08153161	
33860.79454681	62895.88058344	192086.37504857	240773.95408283	671228.36955602	97859.79838292	212854.74458939	205892.19919205	219103.42385560	25632.59150953	21786.41000104	117372.92351090	170853.64161497	617876.95250397	83324.89850838	315663.49172327	268829.12974782	469641.73216062	681229.50049785	160787.83279146	500691.86197068	413011.85427782	450032.26019270	255039.60721154	562162.52103230	138582.21913723	392545.57598311	671399.08153161	
33860.79454681	62895.88058344	192086.37504857	193657.80790079	641545.34675109	97859.79838292	320476.92075408	294253.80222546	124709.02807545	59975.55607425	21786.41000104	117372.92351090	97695.69185667	617876.95250397	224934.03108535	226708.35123162	297788.51838589	481217.96934421	681229.50049785	179205.00670101	528104.25380646	325573.57392481	430640.42508397	350898.68214869	587934.12009752	146625.25933594	312361.73232551	671399.08153161	
142931.02532387	53049.12430705	254171.79428531	131500.23456841	641545.34675109	62913.27699496	363877.40137607	179258.12507174	185918.12507049	59975.55607425	21786.41000104	78360.39415638	16629.41605726	617876.95250397	179444.95643904	341023.71287183	350442.80646473	437774.59793328	681229.50049785	316731.06202144	416359.79589737	387988.78539075	428440.77191889	350898.68214869	475662.31640590	92035.16144073	312361.73232551	671399.08153161	
142344.33690928	53049.12430705	276539.17268441	132982.76418879	641545.34675109	166048.20711671	363877.40137607	199300.07600347	162642.97453067	42081.87210513	21786.41000104	78360.39415638	16629.41605726	617876.95250397	179444.95643904	359607.96077732	448700.25950247	545530.29417623	681229.50049785	194354.66629194	450560.11913692	503607.25154527	397135.80037707	205922.79723992	598313.34046550	92035.16144073	326458.97618544	671399.08153161	
92603.17309099	58664.30078329	246754.65248305	77804.47472411	616948.42189321	190879.49141577	403608.32136761	89704.65967352	179541.13760038	42081.87210513	21786.41000104	78360.39415638	16629.41605726	617876.95250397	179444.95643904	497884.12990172	301606.63668080	664799.84984379	681229.50049785	194354.66629194	485623.69884467	375623.65794650	419850.69516027	159699.57604469	628117.12031789	92035.16144073	326460.64087976	671399.08153161	
92603.17309099	2961.01814615	245152.47411474	77804.47472411	640327.74220585	190879.49141577	451163.11297524	89704.65967352	44993.39592095	152766.16653032	21786.41000104	78360.39415638	16629.41605726	617876.95250397	315038.05358247	422686.09905818	339761.12187317	515760.02230914	681229.50049785	296493.55379956	485623.69884467	511497.72235820	302498.93661529	156548.17766171	560372.96785960	92035.16144073	192525.37752079	671399.08153161	
226728.89988352	2961.01814615	289351.87274702	77804.47472411	561683.01340328	215943.23163865	455515.49721651	110385.65603235	80637.32822031	114452.76282111	130313.68811079	78360.39415638	16629.41605726	617876.95250397	322865.95900343	535241.41643907	329736.68666471	451754.64705974	684864.68973173	243185.25808602	485623.69884467	619958.80537145	172255.07274250	163661.08916824	560372.96785960	92035.16144073	316112.83157474	689682.41950297	
252221.24418495	2961.01814615	266153.35995406	77804.47472411	672462.22799061	136426.17988022	414131.29791153	17653.72584460	170063.95610332	114452.76282111	159390.53457269	44467.26241279	97106.41387629	561238.01840179	322865.95900343	535241.41643907	329736.68666471	490625.11342658	684864.68973173	390460.44789333	468900.05566050	548626.14118243	172255.07274250	163661.08916824	696992.62598834	92035.16144073	387114.51305170	689682.41950297	
291861.55138836	112264.49124708	292673.65940134	44075.22422064	672462.22799061	51182.04756566	414131.29791153	89015.82266720	170063.95610332	114452.76282111	123630.65967935	44467.26241279	5713.57128826	579300.33270562	322865.95900343	473760.03309635	329736.68666471	437705.75066247	684864.68973173	303202.65200647	515906.83012332	490491.76225455	172255.07274250	215334.36597100	637294.82950886	92035.16144073	281732.85743758	689682.41950297	
242127.66867404	112264.49124708	187757.68830778	46339.69475027	617325.99807524	161218.50099149	325968.52621530	173517.74222298	122674.57930581	187204.30952719	3731.32375945	44467.26241279	5713.57128826	547912.00601354	442374.67097673	409042.13053293	342427.67797723	482805.39846088	687346.73633070	284661.35291253	368614.03910968	537961.04635358	172255.07274250	215334.36597100	521962.60134936	92035.16144073	178630.39897483	689682.41950297	
354131.97272478	118309.72430244	92557.44486244	12078.05891890	548963.82939391	77233.64330365	229609.52155694	61776.82573671	53497.68810622	187204.30952719	31905.33085701	44467.26241279	5713.57128826	466386.64035179	589543.73690727	454557.11641678	336115.91297322	513639.05850724	687346.73633070	333955.35380179	374170.79953645	616100.63930560	172255.07274250	215334.36597100	671279.16330466	116215.33722347	180152.68546725	636519.05394349	
467964.94610515	118309.72430244	222646.66358606	12078.05891890	575520.90992604	100784.35202548	192771.69926562	61776.82573671	53497.68810622	205651.58594556	133457.40054845	44467.26241279	5713.57128826	398924.59076053	634029.16295026	505518.34898896	224462.33622932	632356.99378475	591185.12288270	369401.51611665	467410.60345161	616100.63930560	136614.42213790	215334.36597100	671279.16330466	116215.33722347	180152.68546725	570778.10964124	
347715.55574421	118309.72430244	104109.51557384	12078.05891890	575520.90992604	100784.35202548	47477.97153555	61776.82573671	53497.68810622	205651.58594556	92398.84813228	44467.26241279	5713.57128826	318579.88484216	677039.31957037	505518.34898896	206539.74798717	516137.06910078	614059.08309541	498799.60504818	317422.13183192	616100.63930560	112966.08179347	215334.36597100	671279.16330466	210089.97098772	180152.68546725	570778.10964124	
404019.97028589	10247.10062029	33128.58413606	12078.05891890	501108.41779379	142455.57831142	90802.21665404	42034.33713636	94292.92499536	211976.33804268	170932.78889402	187224.58030766	5713.57128826	246646.00898345	677039.31957037	650700.09238067	353010.99562889	516137.06910078	515343.09383321	500049.57118591	340279.04659887	643003.78888171	112966.08179347	215334.36597100	671279.16330466	210089.97098772	171614.11589461	556317.31302243	
424038.12137244	121337.77432339	154146.36655552	12078.05891890	437524.16951037	128574.01682868	135939.20747131	172940.33537081	94292.92499536	68145.19327656	186211.52270605	187224.58030766	5713.57128826	337503.93251494	677039.31957037	564691.46717809	320655.56046275	373328.09439978	478750.13300326	373224.63889627	245241.98666036	547067.91356302	262912.22604669	156982.56765423	586694.30198241	210089.97098772	152323.32363829	494984.50387482	
322646.27495067	230324.78757662	270652.37582626	12078.05891890	301796.46725039	224908.69638597	135939.20747131	296553.24053409	152931.48911268	23161.65619800	74947.11313352	187224.58030766	5713.57128826	361187.64431249	677039.31957037	460413.24111478	320655.56046275	240486.18442961	524415.52764512	338632.16294068	382717.26045631	547067.91356302	262912.22604669	136812.85211474	477288.55839980	206233.28778973	44106.01530005	531652.45134714	
331007.42057597	366060.27009810	168937.18177626	74890.76782643	280403.94692561	297054.95202215	169295.31318227	273342.67451844	188234.80772006	89418.35726313	71436.33921781	187224.58030766	5713.57128826	375448.18104565	696886.10094160	460413.24111478	446679.23405117	264975.70034394	534644.31828241	364759.53421267	412681.84822571	659756.02549200	379451.93493752	136812.85211474	459806.10525232	206233.28778973	38341.20631290	496981.47423465	
325629.23497402	311659.16499886	163346.31979648	74890.76782643	195084.35397493	297054.95202215	90353.49896165	268292.92617369	254255.74484806	89418.35726313	185950.22573572	90348.39076849	5713.57128826	361973.52682152	692264.51372083	603245.08412232	584487.82214313	150358.71501264	411140.20513778	341965.74756741	416091.12474954	659756.02549200	513757.87232581	136812.85211474	484893.80228177	206233.28778973	144843.37598267	434036.57491383	
275306.84840889	460167.06947773	223598.45230247	23774.05724661	191684.53380035	297054.95202215	33543.93489767	335328.48920184	134769.96344788	89418.35726313	139777.50702197	90348.39076849	5713.57128826	414403.39150033	692264.51372083	603245.08412232	584487.82214313	79387.65638494	277076.87264803	332741.25053435	533701.87469540	662342.78498822	369831.67730625	136812.85211474	621717.30160345	206233.28778973	144843.37598267	434036.57491383	
392385.90142603	569043.30366425	272830.10492695	23774.05724661	155726.88084480	297054.95202215	27446.17598659	482007.93120493	224291.78555369	89418.35726313	75430.82924706	81247.38827928	64902.04782536	414403.39150033	647685.37883922	603245.08412232	691708.27515717	147042.84944497	345239.12380726	332741.25053435	653228.69571928	628650.31560729	369831.67730625	136812.85211474	621717.30160345	193895.67344788	144843.37598267	482001.72678472	
278703.21166431	569043.30366425	272830.10492695	23774.05724661	70487.97732798	240338.24110827	166259.23047855	465352.32895109	193765.34384705	11540.11780369	75430.82924706	111413.54973600	64902.04782536	438159.61618089	503061.50979090	603245.08412232	691708.27515717	291148.69309988	423646.31831404	332741.25053435	520260.73404343	628650.31560729	225143.54963598	103585.89357520	621693.04936019	193895.67344788	201370.30396619	440807.20197001	
233744.75919006	527953.69937871	373423.68121290	122727.04910961	196238.43550863	209190.13157888	115263.73463957	511959.61025245	193765.34384705	11540.11780369	14843.80834008	124092.15248893	151059.49001918	374848.05471237	563047.29211370	603245.08412232	543781.09062737	182125.77947951	486265.48861568	418621.17950649	373238.04831737	536839.42634561	225143.54963598	103585.89357520	606958.40930805	193895.67344788	201370.30396619	452536.90181713	
352361.67669178	553690.22614657	404910.35337246	31338.66922697	209626.77315912	128573.21812170	203103.61657788	411692.00381532	138807.86303412	69452.01358601	14843.80834008	94220.06165368	151059.49001918	452308.48531667	563690.63738999	603245.08412232	663079.18857014	182125.77947951	456441.27847299	268691.80192048	307784.23529811	650393.27158939	162007.40456275	103585.89357520	697966.44130924	153071.70875191	201370.30396619	452536.90181713	
408049.36278484	551537.05496681	325803.08880105	31338.66922697	122445.70531445	231593.92971647	203103.61657788	561690.61920715	138807.86303412	83993.97373241	48405.46413433	129371.40970022	126230.97342898	436807.27801707	531876.66423237	586252.54727609	583619.12623100	216223.08945205	519634.82487252	277085.78267474	265919.26461358	650393.27158939	160375.43233487	103585.89357520	697966.44130924	151805.41407696	201370.30396619	452536.90181713	
408049.36278484	473304.59315897	249867.76790361	177107.34297231	122445.70531445	195567.53677568	73239.12721542	608278.13105733	138807.86303412	83993.97373241	48405.46413433	78481.14015064	126230.97342898	362747.37905536	531876.66423237	671167.64938890	481102.25102157	299666.21773426	389660.52342411	358251.12124323	163383.32833536	650393.27158939	160375.43233487	103585.89357520	641867.09900514	155843.82636342	132305.51112673	382362.37793952	
258792.06470071	400480.61702272	271481.19577815	177107.34297231	176534.76959473	297535.03381282	73239.12721542	578840.65090156	138807.86303412	83993.97373241	122167.47522004	78481.14015064	126230.97342898	362747.37905536	558805.51767893	591254.66324569	426905.45416160	263922.17752215	401676.50197692	425723.79575052	97173.12348877	620627.62375011	217525.83378097	103585.89357520	641867.09900514	200270.40160557	132305.51112673	382362.37793952	
258792.06470071	532215.05983334	324119.43877939	72989.39028745	60565.98348802	411183.32099287	62284.02278545	476384.30689542	138807.86303412	83993.97373241	105012.82636485	116451.03242604	22544.92409937	348571.18265359	551965.88738783	591254.66324569	431892.21488883	181331.74324507	455208.74397075	505923.64971228	202308.79587025	620627.62375011	359628.03941103	103585.89357520	598166.62402561	200270.40160557	73839.96184633	382362.37793952	
391856.36406750	532215.05983334	324119.43877939	72989.39028745	60565.98348802	411183.32099287	62284.02278545	396047.07367120	81692.61591766	34687.19880855	105012.82636485	135420.06423527	22544.92409937	255311.19793750	551965.88738783	591254.66324569	409847.60782780	302256.25267063	470270.77704280	550977.48312255	222006.32951056	620627.62375011	313822.45135674	253500.32089943	602605.17247076	200270.40160557	73839.96184633	324619.54991198	
345197.76213737	532215.05983334	223039.56433499	118142.06730480	60565.98348802	462219.55997859	26721.17327734	359991.95410384	81692.61591766	61765.30859711	64989.57482291	135420.06423527	22544.92409937	255311.19793750	541543.84867585	591254.66324569	502023.72835512	272719.38322316	542719.01830552	686160.81576947	106638.38720543	620627.62375011	266744.47768033	253500.32089943	602605.17247076	200270.40160557	121265.43554140	273695.74883921	
345197.76213737	576742.66434626	296593.99790777	118142.06730480	21311.36933527	345717.52710017	26721.17327734	263940.20588995	155460.78698282	149133.29524006	59550.24098208	186304.46142071	22544.92409937	255311.19793750	447128.36843587	649011.34159875	629624.47403777	344589.75387856	556636.98810436	677042.69527661	178690.88059440	620627.62375011	269059.44756723	268820.18500127	551927.21141985	200270.40160557	121265.43554140	335723.09160659	
295009.01240865	590487.08285311	368966.50649909	118142.06730480	17590.95420532	314202.50266728	10273.28885732	255905.24610091	146529.70164618	172074.78716232	20933.25153666	186304.46142071	96699.78321705	144661.45517598	402910.93239011	672500.66842336	661472.61030549	329022.57473195	556636.98810436	620121.72412542	322106.91913605	620627.62375011	226983.45036147	193176.21211515	521314.16462425	200270.40160557	121265.43554140	403803.23767577	
179020.06579471	492535.38866280	235639.68805246	226444.72469011	17590.95420532	213571.56218114	10273.28885732	136204.12827267	85297.90505561	67493.95292035	20933.25153666	186304.46142071	96699.78321705	284812.63747406	494554.68436898	672500.66842336	661472.61030549	257989.43460052	502579.98977853	620121.72412542	345367.67651316	563038.32827249	354427.37966696	193176.21211515	488760.32933224	200270.40160557	180341.61870825	403803.23767577	
179020.06579471	569921.16368986	167685.06377082	81280.46152450	160822.36592256	166483.02097011	10273.28885732	95707.48647611	120840.51010855	60160.70640838	76893.66649022	186304.46142071	96699.78321705	154656.73072619	546984.24202493	672500.66842336	690302.24139591	241144.57245827	407455.48179886	620121.72412542	199207.65644719	652006.72238971	458149.63015864	193176.21211515	462553.03598375	200270.40160557	206444.29850361	532676.82547082	
101746.52956531	594744.72953415	316792.54297228	81280.46152450	166548.51773555	193848.17534174	10273.28885732	95707.48647611	32286.26891324	118144.59418355	76893.66649022	186304.46142071	192904.68030082	235073.86705825	649370.73479760	672500.66842336	690302.24139591	241144.57245827	341552.98743344	616581.28012802	315238.61359713	604874.54178844	552061.31072135	246983.13083531	451310.38210111	200270.40160557	230611.76206263	532676.82547082	
104194.96932793	495121.83665002	382705.18571612	140373.98884843	73215.57643653	153134.74670808	156113.67222757	150485.00861246	36656.25024407	94402.98276760	76893.66649022	115886.06322208	151393.37441773	262517.45690209	511321.48413643	660960.81061095	690302.24139591	195941.93441460	328762.06055518	616581.28012802	425852.90345481	604874.54178844	652268.53456489	251542.45054349	451310.38210111	200270.40160557	320146.57468522	398480.79943882	
249160.01905012	619679.20894659	289454.95528767	47668.26061248	59246.49643483	126770.84660067	284605.74693371	88300.62984271	53354.14080247	94402.98276760	32308.68727269	115886.06322208	123369.30523654	309925.16660256	495487.61577645	660960.81061095	643520.88619241	67451.14646863	401876.33097905	506469.97098309	345930.10416808	506199.87425615	697734.24240820	235500.16642865	451310.38210111	147680.59570706	207647.01234257	334382.13450416	
142817.52957683	619679.20894659	328643.71691424	12974.01774449	59246.49643483	126770.84660067	284605.74693371	88300.62984271	53563.20848822	156570.47636986	21511.42734611	113725.14940160	135002.76492101	299049.17640609	358113.59307243	660960.81061095	667765.29555929	67451.14646863	423564.58116702	476720.17320928	458288.96319101	578425.94703893	697734.24240820	235500.16642865	529249.92029269	147680.59570706	207647.01234257	334382.13450416	
142817.52957683	553789.35551842	219548.61123633	12974.01774449	48278.52321562	72287.55540872	313256.58572454	17908.27658655	53563.20848822	105559.43802113	21511.42734611	113725.14940160	135002.76492101	327092.93708149	500508.21227647	624058.93241232	665834.67764659	67451.14646863	370478.58278757	511110.17514131	601174.62857367	578425.94703893	697734.24240820	235500.16642865	386705.21399057	147680.59570706	207647.01234257	403525.99076106	
149427.30136830	416827.55466318	250899.82666020	56212.03365379	48278.52321562	106212.09604652	355103.89801441	166690.93281612	74742.03275970	105559.43802113	21511.42734611	113725.14940160	158143.75115107	260819.10738633	475687.88084617	624058.93241232	651158.53421964	185629.85426966	379167.15399169	452189.15214737	546416.79309279	578425.94703893	673626.69155639	326906.94669653	435266.69235269	114646.97095412	207647.01234257	354628.96244061	
149427.30136830	352877.81690165	289425.53482626	56212.03365379	26062.98329357	106212.09604652	355103.89801441	166690.93281612	28679.90574903	53346.38232980	21511.42734611	100695.03389651	158143.75115107	260819.10738633	490391.92310434	524169.28787601	651158.53421964	223969.10880794	450035.25467120	389430.46265273	526715.21403686	495358.73599495	534268.06506783	371230.14914142	465106.21028648	114646.97095412	207647.01234257	267047.81841920	
111065.10926433	241992.02660929	434811.23535002	39499.59560492	26062.98329357	65082.98050995	232410.52788441	55426.43938960	28679.90574903	53346.38232980	24549.93927836	100695.03389651	13029.27229855	260819.10738633	384262.68370421	582435.39649126	519014.89117514	98797.02545218	542592.01873230	457807.78761821	462165.99357249	495358.73599495	566094.39580315	360344.13867201	465106.21028648	111100.42176197	315753.72813417	267047.81841920	
18886.65296653	199965.32808936	434811.23535002	39499.59560492	136144.43473604	63532.36321356	379497.51150996	49126.72366708	28679.90574903	77497.13719596	24549.93927836	100695.03389651	13029.27229855	220109.75606815	494715.97811766	628096.56218051	440233.28386524	98797.02545218	620953.70181888	457807.78761821	380428.22054691	439170.45518627	508601.42617908	414329.83033297	436139.95000825	111100.42176197	315753.72813417	267047.81841920	
17553.09060808	161119.04424700	419574.04210347	39499.59560492	270536.44690094	204635.13475978	351234.40304952	49126.72366708	59243.41147017	77497.13719596	24549.93927836	100695.03389651	3578.04949094	112920.63277847	361371.45889684	521966.97849403	438589.00280447	215903.46564832	525588.74207390	355693.12792039	478030.40813231	507566.35515133	466756.75768936	315815.57618789	439549.43007384	111100.42176197	236172.03827305	172191.01795579	
17553.09060808	239407.66264980	436093.35396571	184803.64939643	163053.26716506	74975.79084061	351234.40304952	49126.72366708	158863.89957547	77497.13719596	42517.81953508	100695.03389651	124140.55663088	118202.60793549	225346.50993585	450057.68376600	505550.44476984	248233.15510578	663038.15945157	340453.41612227	587122.09955059	507093.14641023	487659.82567057	241052.92276028	298227.06600345	111100.42176197	365999.93191398	160972.66508442	
17553.09060808	183993.42275987	415165.31841946	130358.60191006	179688.57342816	188005.09623862	416808.39087565	101341.99469671	224236.88821521	30623.83071589	140574.25032919	100695.03389651	241471.54962683	55803.73307835	120901.92251513	498848.60749216	627325.46895780	222174.23880746	582255.36586751	195571.73752945	459184.56517578	579667.42377844	487997.54228932	241052.92276028	252487.95174250	111100.42176197	249707.60697794	241203.40627188	
64060.18982725	190922.91171162	465053.16342321	130358.60191006	150610.60651229	132428.69375893	441318.53246296	101341.99469671	101683.46081725	64424.43903934	169530.07363575	100695.03389651	215318.51373018	55803.73307835	120901.92251513	493409.16995825	627325.46895780	185753.90063078	534772.91093082	171112.91369205	482654.96990293	629885.19957372	483547.41936167	216414.59496745	257523.36887285	111100.42176197	291264.88423092	119647.11248469	
13549.92605192	54382.10291191	399661.21804237	68272.76515875	162766.35523636	132428.69375893	441318.53246296	64910.43129986	48405.09195028	64424.43903934	177603.01624098	100695.03389651	230456.37337844	18576.15746165	210701.46175090	442111.34594578	553873.40502892	185753.90063078	640130.51679313	171112.91369205	612920.01904780	572349.31197820	334626.01485109	216414.59496745	338233.58760444	111100.42176197	367733.17856284	187435.76340075	
13549.92605192	54382.10291191	472678.57230671	154461.15063367	256108.40846171	21857.03099271	580141.87843209	3906.42928833	62478.32596514	168502.99181204	30455.31339878	99918.47860793	230456.37337844	37208.31194735	280151.78204757	427864.12575959	626390.06296458	185753.90063078	633355.88180824	225182.95595269	621716.19383344	569282.91186809	331710.85420563	216414.59496745	338233.58760444	111100.42176197	367733.17856284	138098.00719504	
13549.92605192	54382.10291191	372925.64404530	154461.15063367	199505.99042336	49196.02453086	580141.87843209	51117.91863403	62478.32596514	193721.41857461	137165.50131187	99918.47860793	229063.11932755	37208.31194735	403840.66867144	480032.60239328	503517.74886774	185753.90063078	503470.63864104	345582.88863377	652358.82734669	534780.61809274	390375.22371238	216414.59496745	338233.58760444	111100.42176197	357894.04351139	90157.65415538	
13549.92605192	141918.93024426	280185.29625080	154461.15063367	97800.98397682	141636.10150932	571534.10065619	51117.91863403	62478.32596514	123945.47918159	205996.51683722	99918.47860793	157020.37399934	37208.31194735	290732.66688305	618085.69855906	391947.49191321	185753.90063078	359352.03769195	218070.83514996	673793.64572265	593535.81516123	425852.37971229	216414.59496745	275769.76910685	119525.04516678	314777.28250803	90157.65415538	
41050.99952038	158785.27058462	228357.20971396	154461.15063367	213982.12883179	176969.00053449	583691.75077022	136134.26463196	103569.06023271	77631.50585014	251716.79529827	56047.95398867	158062.68536055	37208.31194735	417713.96805401	642828.41852772	418254.30637956	185753.90063078	265448.92227652	253302.13192220	673793.64572265	532510.96160390	325229.14519825	181375.49888686	275769.76910685	119525.04516678	314777.28250803	90157.65415538	
96126.20450526	147515.70218937	365327.42339300	154461.15063367	220367.71105657	55202.94542068	590084.73535916	136134.26463196	2253.63074692	147664.33522886	251716.79529827	56047.95398867	44791.22841358	37208.31194735	453562.42538190	642828.41852772	418254.30637956	169171.67026773	368624.23028701	325355.13512647	596242.92978930	532510.96160390	346955.22927943	200064.34130859	275769.76910685	119525.04516678	185318.92809283	90157.65415538	
80400.28233611	194332.55793473	286177.81732363	144219.70128224	116342.24129242	44649.84360745	583578.08122810	136134.26463196	2253.63074692	147664.33522886	251716.79529827	56047.95398867	31272.35871382	42645.88539907	453562.42538190	593599.75801494	541080.80149857	169171.67026773	373396.47057102	470651.89218264	596242.92978930	602256.12318448	423452.10705351	200064.34130859	275769.76910685	119525.04516678	195872.74782624	90157.65415538	
211167.21357889	339622.25892382	202035.74642587	144219.70128224	79881.28155947	125161.47106879	539007.65889764	46989.66006878	2253.63074692	19341.29649535	135157.81833597	56047.95398867	3614.60920796	42645.88539907	507462.81661781	542508.28459687	556858.47119056	169171.67026773	520596.22808713	392015.70740923	541006.15781038	544927.21398087	536214.13441432	104348.01774762	359796.70854636	119525.04516678	137815.54862325	105511.06468183	
285903.11371484	333698.18913742	124265.83879799	144219.70128224	79881.28155947	210167.77415711	539007.65889764	144443.48301388	2253.63074692	2388.16589314	70110.68060071	56047.95398867	3614.60920796	42645.88539907	475399.40502717	433495.79151985	650643.75221226	269809.19604876	605005.89244730	441245.39258078	607530.99046791	633224.36876737	606238.12132324	104348.01774762	271376.51024116	119525.04516678	133992.50749310	105511.06468183	
269470.50808213	333698.18913742	138859.51737719	144219.70128224	79881.28155947	297347.11745496	472474.22048970	75262.84397758	2253.63074692	2388.16589314	204793.27511462	56047.95398867	72686.41584519	42645.88539907	443086.09522698	570893.23685169	541901.31528841	269809.19604876	649096.53078108	535605.74017959	679667.15675967	605291.57575102	492452.56339435	229559.09482196	208076.98559809	119525.04516678	133992.50749310	105511.06468183	
284446.72598912	472784.25623642	205553.42477449	261178.49953696	79881.28155947	438288.28667660	355295.39422234	2525.40955870	2253.63074692	2388.16589314	72817.56430232	56047.95398867	72686.41584519	45100.64890130	443086.09522698	570207.95850464	620144.05976468	269809.19604876	574966.57085595	655272.94128234	694097.62028686	598301.43884360	343142.20782482	276399.16487782	293805.85539783	119525.04516678	123027.63053642	63096.02242878	
252978.16297499	472784.25623642	159174.08281475	165068.90269557	25873.80896801	579183.25916495	358266.51336994	2525.40955870	54797.78070891	2388.16589314	72817.56430232	56047.95398867	72686.41584519	45100.64890130	443086.09522698	569280.41521219	498994.55892826	269809.19604876	621730.40963000	655272.94128234	694097.62028686	659442.52508435	343142.20782482	153748.86228625	379233.78220152	118552.44814991	73095.29760428	63096.02242878	
278552.96370177	399840.70375725	190852.57214749	220165.83776765	25873.80896801	472953.16676123	354370.61198985	2525.40955870	94045.96091470	2388.16589314	183109.77686735	56047.95398867	55240.51108982	30375.28999504	443086.09522698	669620.20952228	486159.52271883	414397.91575242	621730.40963000	512171.35892122	694097.62028686	642998.19201932	356786.07880320	146060.58026171	485311.98940366	118552.44814991	78127.73461378	63096.02242878	
251594.80315940	328629.48900265	148360.05248044	71546.39090947	161252.65359178	478438.37409750	259036.26440002	2525.40955870	26573.69810656	29617.77302741	268780.43037911	56047.95398867	39310.75896152	30375.28999504	333741.96033307	669620.20952228	486565.83724668	403018.85818488	592941.62555954	529173.05061821	614207.25760196	642998.19201932	429179.25837958	148231.11278858	628996.81381834	118552.44814991	78127.73461378	55634.50917198	
104648.43790719	353363.04551572	21106.98292730	71546.39090947	252362.59111549	478438.37409750	322095.63768664	2525.40955870	26573.69810656	79445.54619426	338422.34618689	56047.95398867	39310.75896152	30375.28999504	246401.96797165	619586.34214076	343132.31203166	453625.07214462	690132.41112828	529173.05061821	558680.41207172	571336.09857625	429179.25837958	148231.11278858	665982.79464979	118552.44814991	75984.58087127	55634.50917198	
235430.27841184	438434.09483646	97765.50550019	54625.64086248	207500.57236081	427591.68389384	414063.38032455	34557.82086685	26573.69810656	79445.54619426	192578.72198899	92201.81756868	47510.03830118	30375.28999504	246401.96797165	617076.08129064	194319.18844082	369981.58804996	681932.38205959	529173.05061821	486617.49160695	551948.36093654	433664.20862727	115046.80878316	626616.27929387	118552.44814991	112029.97105516	31022.33809908	
107415.79049427	358811.58448458	97765.50550019	139368.90819219	230989.41836832	427591.68389384	312550.65816840	66480.21158656	125854.36930581	79445.54619426	114795.29083877	92201.81756868	47510.03830118	30375.28999504	173038.19611110	538434.26610875	194319.18844082	362812.09133629	691300.61374176	635907.95983672	344241.34355179	423228.99420443	503665.84544909	150735.18104472	543245.67129946	170500.83448279	112029.97105516	31022.33809908	
124922.16593570	230699.56232690	11945.70535819	207590.23973576	262826.39059465	298600.57896529	312550.65816840	66480.21158656	120729.89909643	59573.47345846	236592.73651270	92201.81756868	47510.03830118	30375.28999504	184963.43573869	398698.14949974	287780.50018047	317951.09530291	697897.62045581	660864.25330504	344241.34355179	409940.24704735	431334.82819947	150735.18104472	488775.94367804	127575.69279449	80495.64677680	31022.33809908	
152321.22198789	151523.46975119	161865.30714006	207590.23973576	153286.21301242	285649.59022058	312550.65816840	66480.21158656	134129.36027278	59573.47345846	236592.73651270	33959.81271905	47510.03830118	30375.28999504	184963.43573869	382771.07226922	273667.85924480	317951.09530291	697897.62045581	660864.25330504	383694.29995177	297009.52702322	431334.82819947	225536.29657972	353559.00402763	127575.69279449	172133.61956484	31022.33809908	
72070.26645465	46110.58266944	163174.69280803	207590.23973576	230130.99769848	289933.34253107	235006.02057719	20355.26338250	134129.36027278	168706.65637611	344235.95016036	33959.81271905	47510.03830118	30375.28999504	184963.43573869	458408.34697476	353992.12952803	277914.31566243	697897.62045581	642873.87237730	420986.21800874	331539.62594387	318411.86084324	184804.92048562	353559.00402763	40365.11287422	62933.48891788	147925.95541485	
72070.26645465	87760.13573925	49937.18074075	207590.23973576	147798.11734836	164891.54527893	235006.02057719	20355.26338250	106555.76321691	168706.65637611	304181.07575216	33959.81271905	47510.03830118	53900.70687318	123478.55633664	421122.14740722	474017.10058357	314983.55600677	697897.62045581	499716.06603227	521513.20880064	415221.64719227	278947.77825980	184804.92048562	389083.31467222	40365.11287422	62933.48891788	140338.72178760	
72070.26645465	27903.11017216	92327.22656064	158278.76533159	102132.85308730	189742.38722124	206618.53887632	166129.02336132	255778.82575815	66637.61037173	369155.41419345	33959.81271905	47510.03830118	53900.70687318	129144.69814228	421122.14740722	502360.57738882	235404.94978239	697897.62045581	482277.79580955	471866.56324623	399300.86383549	278947.77825980	206202.00970569	380402.93920002	40365.11287422	62933.48891788	167200.29704901	
34132.49750156	55893.58459119	216728.11820597	50874.40304405	102132.85308730	334140.39558517	320936.89798834	116311.09710114	255778.82575815	66637.61037173	354815.64666463	17914.87411531	47510.03830118	21639.35983582	129144.69814228	480490.60910539	650899.68817348	128283.56689718	613399.65495312	407286.23470248	418439.02281214	535136.66054825	278947.77825980	279732.36850371	380402.93920002	40365.11287422	134278.86641460	167200.29704901	
34132.49750156	55893.58459119	201253.65085322	50874.40304405	121976.94087174	209767.46606043	210037.90529089	214391.81113237	255778.82575815	66637.61037173	354815.64666463	17914.87411531	50283.87798170	21639.35983582	258738.10375836	347349.56880948	650899.68817348	105477.54489440	558506.90084966	349987.36638671	545655.89152976	416316.41351156	278947.77825980	279732.36850371	380402.93920002	40365.11287422	134278.86641460	195931.15046262	
34132.49750156	17551.68537690	66864.35338661	50874.40304405	51417.86567257	77414.52972805	123413.18312449	325349.33760415	255778.82575815	52050.08736384	354815.64666463	23263.84716147	50283.87798170	170020.08000613	258738.10375836	305553.89960956	538282.18177268	184926.94550799	568663.85884051	460611.84271766	467748.55827505	416316.41351156	278947.77825980	279732.36850371	380402.93920002	40365.11287422	134278.86641460	319065.77689897	
34132.49750156	71998.09501602	173403.35423317	104797.96777620	148357.19349364	67833.46726958	52010.44237340	268339.78274301	117124.28096603	52050.08736384	354815.64666463	23263.84716147	113083.50709420	267792.73961086	258738.10375836	298681.88956635	398661.37605777	184926.94550799	585503.01539069	409102.93630922	444246.59737895	454275.50902680	282127.74411715	247932.14044114	380402.93920002	40365.11287422	129707.12230148	359400.28508178	
90361.55750621	71998.09501602	248410.66772349	104797.96777620	250608.11748324	173077.90876621	7213.14993526	401463.40582514	193344.55833080	143647.43598927	326081.50427077	23263.84716147	62870.29716752	337785.47241676	207175.44734057	381432.25855044	330726.78857219	184926.94550799	690352.31881066	276436.55962685	387358.63759178	466482.68544286	301129.79072238	247932.14044114	380402.93920002	40365.11287422	93584.64712580	388430.62804478	
14810.85425836	39089.05980516	125109.19284893	98382.67147205	217438.52632340	68256.95791505	7213.14993526	326598.48013061	84324.15426926	143647.43598927	368148.54638712	23263.84716147	62870.29716752	345391.33725924	193714.44377243	288086.32676110	348608.31743252	213641.13540918	695184.58803182	369729.08590659	474772.01590632	420005.41420059	181050.25141033	247932.14044114	403392.03487592	29112.21949698	93584.64712580	370954.50912404	
9517.15014493	1538.77609844	176192.80188298	63355.17355959	193623.06012367	131627.35179242	7213.14993526	224744.38280089	99530.58828832	6039.17176724	311422.83581866	23263.84716147	62870.29716752	345391.33725924	149154.13101602	395843.68174755	473914.26157630	156317.51438054	695184.58803182	338218.45979985	497572.68829479	396402.73944960	120745.40563245	391908.00008136	365363.72949199	29112.21949698	93584.64712580	370954.50912404	
9517.15014493	138506.23400115	69868.16813609	30773.97420084	290715.74168999	1799.21615924	7213.14993526	162121.43614915	99530.58828832	6039.17176724	298995.62353127	23263.84716147	62870.29716752	345391.33725924	149154.13101602	255091.83355341	368704.85484576	156317.51438054	568874.56947787	258842.06273630	395740.98110534	475245.58264365	120745.40563245	391908.00008136	349333.04929083	29112.21949698	126913.54692592	370954.50912404	
40821.22543037	227563.65140950	69868.16813609	30773.97420084	269925.09286718	1799.21615924	68416.47704768	123621.03927936	99530.58828832	6039.17176724	340907.30245846	22861.34060962	48879.47100660	361073.96232076	269398.54191215	345029.66795859	412285.70385883	304081.74192897	679922.49372511	265694.80466612	397038.16665397	553939.55827808	266242.25032594	391908.00008136	349036.26369415	29112.21949698	134391.64851100	370954.50912404	
174698.24641628	323986.69580221	178700.93091714	30773.97420084	171875.72799634	1799.21615924	189362.54586859	154197.85220863	190159.27667789	78502.77129101	201714.24666369	22861.34060962	33447.03794091	361073.96232076	269398.54191215	339066.30607142	394641.87681764	450020.97316531	679922.49372511	265694.80466612	273361.66669459	696807.73992669	247232.36689955	391908.00008136	417591.08605023	29112.21949698	126678.84024023	378854.00409627	
47702.75426614	199387.66887996	151151.05067990	153411.67562565	67368.82657695	1799.21615924	241997.85979053	271409.19293645	145221.05699162	77054.54981142	110434.00604205	22861.34060962	85451.56469350	327229.25483003	154786.49816842	465940.70361833	502344.82640963	450020.97316531	679922.49372511	385485.53227812	273361.66669459	690368.14315591	284586.97680194	432442.33195837	322308.07414553	29112.21949698	109486.32930876	424187.98351693	
79194.83652708	63851.04929808	232647.38864306	293105.85196992	67368.82657695	132987.96335120	241997.85979053	325357.54523216	76632.61021352	77054.54981142	110434.00604205	22861.34060962	13042.26808156	245082.21340731	280248.41054951	343149.41581901	645318.00919555	555854.62958669	561802.09177530	465693.72490074	273361.66669459	692776.68577048	284586.97680194	456903.98891448	234738.18193918	29112.21949698	109486.32930876	528991.99886467	
176879.94086334	186457.57894336	348960.34339620	322035.85035015	196637.02177988	197722.84537406	243516.45900835	454006.48222828	76632.61021352	13547.26193764	76841.98869096	22861.34060962	13042.26808156	245082.21340731	288417.85067381	257724.46133903	645318.00919555	606010.93726334	583685.84000462	524404.15703607	296189.35449970	692776.68577048	284586.97680194	380999.08871425	323055.10816697	35206.52357169	182611.74263001	560990.67955167	
205496.29242915	220569.96841503	348960.34339620	281608.77988082	293902.22855003	234640.77081808	243516.45900835	401822.63683371	164282.91208313	13547.26193764	226440.39371592	22861.34060962	13042.26808156	313939.25523130	272081.05120234	257724.46133903	607675.17860001	547854.73113975	661090.11694273	524404.15703607	375463.47494082	692776.68577048	284586.97680194	380999.08871425	388530.27756800	35206.52357169	206746.54683757	560990.67955167	
205496.29242915	220569.96841503	410422.41158345	285305.10025260	231760.39173696	297591.60006995	218875.41684730	252365.50706661	103614.89138591	82906.68765975	188977.13713843	22861.34060962	13042.26808156	313939.25523130	272081.05120234	257724.46133903	469712.70894895	569874.27491199	656420.40592489	641816.93251570	284076.00668275	638810.68742303	225474.57649164	422794.77243871	387122.18678657	35206.52357169	234070.79277365	562601.32869160	
173016.56335359	122550.18656286	435734.31806033	260011.84285765	143053.44494499	194390.18894868	166978.32512973	176344.36803982	3547.80630910	23431.72595561	226106.23501343	22861.34060962	13042.26808156	313939.25523130	335139.13776179	131002.09385724	606076.61905286	587087.39917776	683902.78353939	546334.21295993	290496.08434579	584766.32014658	173958.25308682	422794.77243871	307194.33742849	35206.52357169	330594.23967153	491751.45537527	
103583.88095132	17648.00124580	417357.66034321	139690.30367381	248385.72057953	204637.15382523	240948.99401800	204216.47157529	3547.80630910	23431.72595561	226106.23501343	22861.34060962	18311.33328906	460478.09153154	273543.65643668	197681.85725939	606076.61905286	669908.82829605	629072.36619088	595030.55150288	267979.01188170	453690.67254767	94676.42331317	422794.77243871	307194.33742849	35206.52357169	318473.96806461	493845.91521919	
90294.51359325	17648.00124580	534848.12798128	283696.91028110	350942.65857245	337003.18206666	240948.99401800	238645.83665385	3547.80630910	23431.72595561	181865.74323638	22861.34060962	18311.33328906	460478.09153154	273543.65643668	118751.75784949	649352.92443586	669908.82829605	629072.36619088	535246.39865761	266902.43704949	453690.67254767	69232.16317233	394748.85594103	427931.13820101	35206.52357169	318473.96806461	501457.98877982	
31860.43047562	17648.00124580	444665.96098073	432649.53390361	298535.00148048	464087.17888660	213558.77919672	208535.76547117	3547.80630910	132935.73418069	34813.51294705	22861.34060962	64102.54946427	460478.09153154	356311.96761702	64994.13476588	624906.74039587	669908.82829605	686625.87172248	473158.08937219	397125.93171624	582838.01875363	61342.90423797	386987.00494026	540145.31601098	35206.52357169	355446.56091343	501457.98877982	
170689.42027349	17648.00124580	375500.30115024	566814.10002986	173821.31678300	464087.17888660	106160.91786429	351818.74889757	3547.80630910	222674.63870315	169997.90659209	22861.34060962	64102.54946427	461025.79253380	356311.96761702	64994.13476588	624906.74039587	650531.21174618	686625.87172248	473158.08937219	270043.22586366	599436.46405395	35105.05552689	474473.63054128	545867.53300588	35206.52357169	255261.29657971	576458.11336865	
162944.97588451	17648.00124580	359023.07195014	458892.69919919	220302.66916023	375736.08259683	217214.56518918	395212.58867208	3547.80630910	334603.88755738	294028.05223311	22861.34060962	64102.54946427	442646.13726703	447803.05318139	124910.07910279	624906.74039587	698175.60742370	681486.18032377	473158.08937219	403373.48276827	670452.40946790	35105.05552689	358091.64382667	663989.03607665	35206.52357169	271628.57039745	635078.36940463	
262173.33473551	17648.00124580	271815.95674909	479072.08205938	260140.06810905	404946.14482841	224175.68072539	407347.70700620	3547.80630910	244573.97741997	290665.29203560	17636.42877702	84052.79183005	443954.79511606	331393.12743793	211307.12183161	490548.61365847	698175.60742370	654764.49389469	466657.24673844	532828.82246450	640442.67382859	35105.05552689	358091.64382667	670437.11618174	35206.52357169	384223.00372327	635078.36940463	
163772.89261448	17648.00124580	230808.05322712	538624.65222677	326105.36902297	358527.98498910	164815.21270199	367375.83074797	34248.97062143	228237.03691491	290665.29203560	17636.42877702	214771.16935766	375339.83348777	210472.42622749	249846.19743411	481231.82786170	686295.96614727	550888.73307071	482135.23062049	497538.37397854	688086.70834697	35105.05552689	358091.64382667	612365.28657979	35206.52357169	532317.27420781	693260.16634450	
163772.89261448	135754.84006401	319555.06232594	564146.01673165	345969.91530801	214790.23594885	277561.18241627	417885.89879489	34248.97062143	252699.35882931	317607.86970746	24317.69300441	280111.14655393	486776.08225916	318793.62333880	249846.19743411	421203.80913403	614450.95891732	693147.22003858	438046.00383117	426289.83921554	674509.12360345	127897.47116819	358091.64382667	612365.28657979	35206.52357169	401329.72529752	693260.16634450	
136605.20388203	88508.94242880	397620.62733210	564146.01673165	232274.84022086	245380.84211309	228247.45835498	501015.62554641	47709.01584994	202735.18345170	229149.37031000	24317.69300441	389132.37198588	625206.25991114	318793.62333880	214921.10149110	442618.34884814	620717.52158820	659544.93049174	345261.83236077	345689.74585111	674509.12360345	127897.47116819	245935.95682883	477774.93143197	35206.52357169	401329.72529752	693260.16634450	
156294.44957719	189159.37307133	436087.64162563	564146.01673165	90745.57546099	315891.70250060	95704.16787465	357164.15365533	47709.01584994	202735.18345170	120108.89012950	24317.69300441	334872.46223987	553800.54529941	318525.91562925	214921.10149110	442618.34884814	620717.52158820	659544.93049174	468317.84265134	405038.16037416	669546.66546145	50586.31390244	311238.25324280	613950.86917736	35206.52357169	411751.26341875	592349.58223703	
132261.66934393	136649.42697556	436087.64162563	564146.01673165	223561.15192604	302327.23438166	95704.16787465	472720.35272372	47709.01584994	101977.55305536	122413.91847539	24317.69300441	267679.91702666	553800.54529941	352668.29165303	196751.15823464	585561.11936130	620717.52158820	659544.93049174	442101.83496973	313651.58513714	669546.66546145	50586.31390244	223661.37438870	635308.78610234	35206.52357169	400942.19384175	592349.58223703	
132261.66934393	39321.94586718	349319.20160587	470501.72880281	120126.86695773	233709.79054935	95704.16787465	613913.22056466	47709.01584994	35073.52519238	100322.99734270	24317.69300441	304185.42646915	568785.13779338	219263.37140457	104188.73458413	528575.53557306	530923.76612543	689322.35432156	370241.38939432	186924.82028326	669546.66546145	50586.31390244	217774.61271279	635308.78610234	35206.52357169	400942.19384175	592349.58223703	
192211.24435863	21846.01592206	410166.09386327	367002.33651754	179193.21442881	233709.79054935	129845.44848633	643790.41648769	286.66811492	22222.17606103	197301.41914586	1781.14906798	389455.55450681	568785.13779338	219263.37140457	33712.13949534	625948.94666210	588748.66190643	550181.88761023	405649.57910496	218594.04144794	669546.66546145	98216.64294083	261101.40217543	635308.78610234	35206.52357169	400942.19384175	592349.58223703	
145470.68264783	21846.01592206	475119.81894301	392634.12538408	62220.90422242	372103.85938171	129845.44848633	638944.03121556	286.66811492	22222.17606103	327095.68295186	1781.14906798	308638.05335883	568785.13779338	277355.73548677	32095.06784337	566071.70284958	591310.77263440	690380.54712452	385689.00836235	323700.62705704	669546.66546145	98216.64294083	205748.98681468	586510.13715106	53951.48260009	418024.43277647	588598.70033814	
145470.68264783	21846.01592206	410040.56678372	497996.41892479	62220.90422242	242100.45568939	129845.44848633	506401.55872872	5315.66285213	22222.17606103	217388.79466622	1781.14906798	221992.80480865	568785.13779338	210793.39488788	111038.14901526	595629.08004678	591310.77263440	663210.65089775	378455.16990482	243720.03366992	619774.31212670	86190.08672563	186429.73760874	645455.06821468	43056.13065531	418024.43277647	588598.70033814	
145470.68264783	21846.01592206	382834.90491566	349913.70412807	182081.58729389	219770.30057120	30423.08500547	412110.95812364	5315.66285213	81182.95951073	158440.36867057	1781.14906798	299731.46764198	568785.13779338	357373.25705501	111038.14901526	664008.21639139	532217.54997414	601005.30527889	273629.04676957	243720.03366992	611405.83849221	103121.62028052	153242.47449107	628325.55713683	43056.13065531	346925.57086507	588598.70033814	
247142.44697044	88257.38464276	324276.61259849	461357.23394842	203251.20866262	136767.49632144	12806.04233000	389289.20263750	3364.96457418	81182.95951073	249209.95471991	1781.14906798	274719.02908672	568598.62158704	316362.62870546	116820.55230890	632547.84611764	586244.02561801	500028.70321194	372031.94555410	286653.62160149	611405.83849221	209098.82524989	83103.78276361	529668.96539645	52087.87064228	346925.57086507	588598.70033814	
247142.44697044	88257.38464276	424716.18005317	359312.99821372	216193.88670092	70951.45706683	26686.63317479	477476.10271439	3364.96457418	81182.95951073	350094.28940252	3843.27687220	150116.34052383	515765.75668773	316362.62870546	116820.55230890	488428.70228132	600449.65765104	421988.42797012	372031.94555410	286653.62160149	544413.45782543	209098.82524989	83103.78276361	632551.63320441	52087.87064228	450058.19877970	588598.70033814	
121702.54139720	88257.38464276	424716.18005317	500877.62719935	311180.53390829	200544.31567630	26686.63317479	477476.10271439	126250.63968221	81182.95951073	444019.58265347	3843.27687220	75764.72684991	515765.75668773	178240.32359458	247904.41354687	511193.52537822	579371.12493543	471238.11112348	264777.11937016	340728.05512715	615342.63819010	251662.30058332	83103.78276361	632551.63320441	52087.87064228	491214.96043879	588598.70033814	
125451.98329396	42357.25841169	424716.18005317	494391.44953990	261004.86079875	77179.02243773	26686.63317479	440559.03379357	38649.45031110	25759.65630904	509597.18302549	3843.27687220	4732.03353932	515765.75668773	128520.07992101	339486.42097314	503174.84135456	579371.12493543	385945.34544531	341517.24431494	351263.69050805	615342.63819010	251662.30058332	83103.78276361	683072.34144980	52087.87064228	402480.30718828	602093.94287642	
8910.30414812	42357.25841169	424716.18005317	376623.00538794	168272.66098803	164873.89843433	26686.63317479	569291.91676852	38649.45031110	25759.65630904	400845.27432212	7856.64899370	69189.23415649	515765.75668773	85816.51991230	339486.42097314	503174.84135456	630403.40673706	316851.53089763	450199.18569842	449660.33682830	615342.63819010	251662.30058332	83103.78276361	683072.34144980	52087.87064228	402480.30718828	609620.61989049	
8910.30414812	3588.11331464	428836.99999309	411743.32160508	268938.70256719	36589.12885870	176295.04235424	507534.30510980	123221.42585164	60398.55426322	351733.19122239	7856.64899370	69189.23415649	515765.75668773	108178.58932423	353048.75283587	503174.84135456	630403.40673706	389451.14782550	553008.01136536	355605.37825040	615342.63819010	251662.30058332	64951.58880339	699532.59769469	52087.87064228	443785.52545666	609620.61989049	
8910.30414812	495.52201441	428836.99999309	295846.00448172	241330.57361984	51784.84158249	170650.68377660	590447.70672609	63688.73469886	60398.55426322	230006.61494153	7856.64899370	66817.50156381	540856.25424681	190175.65794290	431317.88145059	537202.24523088	630403.40673706	498221.07643836	586422.06070383	402523.78839571	615342.63819010	251662.30058332	68265.45479715	692152.02433862	23092.52613458	443785.52545666	660865.44515477	
8910.30414812	495.52201441	443154.08488546	256958.77429789	120124.27881698	173351.32271545	210168.84351430	590447.70672609	240.93310188	56063.88529656	292859.87127191	7856.64899370	66817.50156381	540856.25424681	237318.78969598	321114.07101270	487813.57100324	630403.40673706	558799.10534231	594664.70198291	514885.58663128	691349.37185709	348432.44609507	68265.45479715	692152.02433862	23092.52613458	443785.52545666	593223.39963871	
119933.00061716	39906.93807666	306842.21623797	244609.99932107	17212.99936660	126315.46025984	229613.49733714	590447.70672609	240.93310188	33235.98545160	215477.29710334	18983.80331083	66817.50156381	580849.04762922	216420.22265781	300214.97953077	463937.42058764	630403.40673706	666913.82815581	552711.54187181	437437.18420392	596077.83235351	348432.44609507	68265.45479715	692152.02433862	23092.52613458	405485.46811977	593223.39963871	
119933.00061716	39906.93807666	257449.65641901	304812.84529962	17212.99936660	255017.01324123	351507.07612745	582240.31024016	240.93310188	17182.21720686	98681.43518124	18983.80331083	66817.50156381	580849.04762922	133643.77805799	185892.27563797	427384.85946225	569414.37493155	584299.81146053	655056.82200862	437437.18420392	651500.89379366	348432.44609507	68265.45479715	692152.02433862	23092.52613458	452848.14150017	593223.39963871	
119933.00061716	39906.93807666	127383.29386856	288287.59518296	121559.30750651	327119.79036177	351507.07612745	582240.31024016	240.93310188	17182.21720686	199384.94554856	18983.80331083	66817.50156381	580849.04762922	133643.77805799	193592.83265996	363600.26210927	684083.22675232	584299.81146053	655056.82200862	538927.98882774	629321.34921371	348432.44609507	68265.45479715	692152.02433862	23092.52613458	600173.76490984	593223.39963871	
119933.00061716	39906.93807666	192055.78060055	139763.33397091	63819.63547491	363891.38550386	245981.50453710	561484.15156253	240.93310188	17182.21720686	256377.42695668	18983.80331083	66817.50156381	580849.04762922	133643.77805799	72977.23010656	480998.45939533	684083.22675232	506998.58810124	655056.82200862	566797.78534912	629321.34921371	348432.44609507	68265.45479715	692152.02433862	23092.52613458	590259.83734354	593223.39963871	
119933.00061716	39906.93807666	96401.43530188	21811.87945763	199053.06780374	282848.91105699	382056.75761066	458137.54882703	48982.64233100	17182.21720686	128578.61731908	18983.80331083	77224.24180960	580849.04762922	150680.41981479	216166.08306091	534434.75258748	684083.22675232	436726.79629999	554689.93391852	423620.13197133	629321.34921371	292317.69550150	68265.45479715	692152.02433862	23092.52613458	667562.01677723	663684.60224691	
133844.25484014	39906.93807666	232786.65799649	21811.87945763	165867.44166299	403627.35965196	382056.75761066	580504.74231539	48982.64233100	8363.41835323	11208.00993989	18983.80331083	92983.31323509	580849.04762922	258902.33763118	117789.21804299	411688.32889033	621136.26836649	334599.30750103	466095.50613233	423620.13197133	629321.34921371	362303.54778682	87962.96994193	634065.05359358	23092.52613458	584666.47094460	663684.60224691	
163790.42485639	39906.93807666	152107.59213761	21811.87945763	106746.12536904	369823.13786555	383538.51445230	606303.60089050	75143.93259734	8363.41835323	133070.40323932	18983.80331083	123521.14510299	580849.04762922	258902.33763118	63368.88134849	436602.43803008	621136.26836649	339395.88460193	391671.36441857	568900.55092091	629321.34921371	362303.54778682	43367.31395969	603057.49765237	26026.57493620	624115.53248973	663684.60224691	
106562.98776475	4857.37818200	85413.93424912	21811.87945763	187369.34409389	230073.85531290	350585.34516596	626895.43288027	96900.48781000	8363.41835323	133070.40323932	18983.80331083	116229.46856676	580849.04762922	203310.36915146	190344.63693738	505394.07530666	498189.24352617	461719.07542597	410493.47958087	450312.02378276	629321.34921371	314923.87644670	43367.31395969	596388.09680770	57153.48833173	505867.42348421	684663.45287903	
171767.10011858	4857.37818200	49432.12782348	21811.87945763	65241.37023430	348727.17689558	415851.68272721	540999.71658997	44564.47270756	8363.41835323	140575.51216418	18983.80331083	116229.46856676	446681.44199972	203310.36915146	161337.52547354	390419.52767386	564793.22350863	478861.95011146	410493.47958087	561539.94344084	629321.34921371	392131.82392752	153708.02851536	698306.84750809	57153.48833173	591554.03817605	684663.45287903	
171767.10011858	4857.37818200	49432.12782348	21811.87945763	65241.37023430	340988.16244849	353792.19330228	620114.13051795	181878.00290704	8363.41835323	226928.93940285	18983.80331083	166643.42704364	445417.17645826	323993.22590253	146898.09865912	266105.36753319	471665.72516866	601175.21686757	410493.47958087	559673.18074404	629321.34921371	498550.54399023	207172.10814449	698306.84750809	57153.48833173	591554.03817605	620869.55422241	
106599.37300036	4857.37818200	49432.12782348	47844.76293004	178688.00261206	379979.87829650	416273.78367258	620114.13051795	273710.00820568	8363.41835323	144115.59227991	18983.80331083	166643.42704364	427387.45560257	249367.80757906	176543.32860398	260410.30227838	615298.55413849	611840.52319432	526736.53995972	619754.70193136	662218.81645707	498550.54399023	207172.10814449	661804.49113591	57153.48833173	591554.03817605	477377.02080812	
106599.37300036	4857.37818200	152999.14006671	66401.64822017	36026.44443119	283125.13832334	462217.22623499	620114.13051795	151056.52795404	58865.48309047	154651.45110761	18983.80331083	69030.89491532	441811.99540605	230579.49086440	238249.82785161	196568.87794232	615298.55413849	595892.05370008	523821.53700301	674260.10189863	662218.81645707	498550.54399023	93051.47632636	631797.19155936	57153.48833173	591554.03817605	477377.02080812	
32776.83513103	89511.72886948	152999.14006671	206206.48261575	44899.27314185	313277.65874351	406836.94900441	620114.13051795	166366.78898611	10817.39888291	25459.41906061	18983.80331083	37449.87116976	441811.99540605	369843.28831670	160081.91503899	196568.87794232	589928.83569028	526723.05433080	560491.11753829	580999.50621649	662218.81645707	527581.40102269	93051.47632636	565907.53490529	57153.48833173	465771.52905413	590689.88240959	
32776.83513103	96070.03043345	103507.89889097	280639.95713851	41846.41386436	230050.80426270	537081.77444847	620114.13051795	307130.22460363	20432.76338346	25459.41906061	18983.80331083	148282.88081913	397092.44039207	271371.32382096	160081.91503899	196568.87794232	634589.93774319	569525.15891921	521918.12838265	580999.50621649	662218.81645707	670684.85435942	136377.80864182	601505.74676901	57153.48833173	535844.68410963	553458.65430214	
98646.56332710	52915.11802646	148143.55663562	426547.88176648	41846.41386436	151759.20353441	537081.77444847	620114.13051795	397676.34429385	20432.76338346	25459.41906061	18983.80331083	28660.58979175	414667.06947469	255708.58135719	243595.18912469	184159.46821368	541691.96973584	569525.15891921	456339.38526826	552732.98977609	662218.81645707	670684.85435942	84160.96620151	601505.74676901	57153.48833173	535844.68410963	683282.33475698	
98646.56332710	155860.61423440	148143.55663562	326187.09707015	156588.60928807	129771.52485477	537081.77444847	620114.13051795	269402.66489752	20432.76338346	118521.70330841	18983.80331083	122264.98525596	498968.40432713	316213.64137172	327563.98591844	151113.71309781	444984.94111891	645141.53952445	591368.07042330	615470.75143614	662218.81645707	670684.85435942	206072.20806146	597256.51893024	57153.48833173	585262.91992455	592940.62814299	
133775.54941023	125500.79008652	104816.35829987	245696.26878965	58190.59711059	130529.39505130	421237.62279821	620112.88601012	364926.72702903	8429.54713842	95608.25239837	18983.80331083	33541.76188322	498968.40432713	332716.45596234	474506.75494249	164666.35553209	412732.15089115	645141.53952445	601640.73642593	602100.52330157	662218.81645707	664123.56619594	93223.24342987	454060.08369111	37611.06742486	585262.91992455	582124.06372304	
56494.93234679	67405.13214332	96422.07303079	386870.17751434	58190.59711059	184238.65502953	329898.70102303	620112.88601012	457097.07625074	8429.54713842	165053.95502154	9824.44411280	33541.76188322	535411.03467838	227587.00588970	328087.27982234	292376.68941547	412732.15089115	592341.08906511	672726.29783791	658742.52369633	662218.81645707	581352.84065400	93223.24342987	538549.56107131	23133.51232590	442997.82806310	582124.06372304	
143169.82270380	83471.80666105	114258.03475557	259162.72125780	170539.74400775	305869.79654114	244707.79742777	562524.29356859	310711.81876638	8429.54713842	171034.44369027	9824.44411280	33541.76188322	535411.03467838	227587.00588970	197374.69561137	331752.39139155	429174.99253922	681518.73019086	672726.29783791	554452.97774635	632741.79687077	541469.51333544	93223.24342987	669394.45519836	42514.72135739	349723.35720644	582124.06372304	
143169.82270380	151246.02328416	220358.12968805	250536.84676717	154336.43732151	170746.75955589	257057.10900381	562524.29356859	234293.76045454	12331.65959067	126450.74225533	15330.73695547	33541.76188322	535411.03467838	303242.70167739	249582.70352161	386572.48894423	429174.99253922	681518.73019086	672726.29783791	656702.75563699	619767.18719306	557828.82001395	78430.99347457	626219.55330695	42514.72135739	343858.15888302	582124.06372304	
10257.49230178	249458.97399239	261500.07032149	177233.43978513	233755.11615493	134600.74937084	252306.22444397	504944.82474034	294281.88786051	12331.65959067	138898.82706454	15330.73695547	33541.76188322	576303.50129044	434003.75568876	249582.70352161	406743.50309754	508645.02130902	546836.19979361	672726.29783791	557063.13675792	592965.72401787	557828.82001395	78430.99347457	626219.55330695	42514.72135739	343858.15888302	672127.64336609	
64798.92216459	106829.42174660	317371.73934618	289836.13581279	134054.70035620	199726.99507702	153327.24086535	431003.55646322	270572.47252421	67553.12467944	183734.32656963	15330.73695547	33541.76188322	576303.50129044	317144.32852222	338992.10571112	406743.50309754	594779.55660000	598040.71742770	554562.81868014	512479.30072135	554272.95147635	595945.65545202	78433.77310522	498405.33362923	42514.72135739	324877.13402908	589009.30802153	
203412.67302718	153185.81338994	307881.05063149	167532.05288516	73993.74547384	168280.32160270	77255.64519385	390773.60442010	304059.05746198	13613.75476950	259936.09179016	15330.73695547	33541.76188322	576303.50129044	317144.32852222	482786.58691037	371415.25134955	594779.55660000	626199.35139471	431329.30424636	414625.64928557	597689.90852066	571078.90049849	56683.05933560	568589.16182807	39897.15294252	414979.59569735	607484.10542402	
214927.49327089	172380.62241549	364160.10373345	284154.29712479	157425.65675268	65584.21959781	192346.38601830	335987.60270476	207677.73329965	13613.75476950	153073.66580271	15330.73695547	33541.76188322	576303.50129044	317144.32852222	565641.94819146	486402.33464211	579450.62459952	682868.33032727	405411.79311764	467697.63576170	550655.56319689	451027.19967564	195108.98721427	597904.37818240	39897.15294252	439397.92885899	607484.10542402	
220430.05056372	166799.07933576	364160.10373345	339715.24203744	138724.48065900	77273.94542908	59766.55098474	406673.19986172	193440.69482072	13613.75476950	196935.42565994	15330.73695547	33541.76188322	576303.50129044	401904.80602429	641061.52277688	371585.92618462	670117.39210748	682531.79053056	378571.25695863	534425.16937504	574223.77619954	553370.19277244	123171.57043389	694501.32442598	39897.15294252	461376.55612596	593503.21973606	
163765.24349186	26022.50887937	364160.10373345	235490.76265173	138724.48065900	125131.68539671	59766.55098474	311192.34406653	155445.70936198	13613.75476950	156794.68791419	15330.73695547	33541.76188322	572627.64634261	401904.80602429	684337.82469484	371585.92618462	670117.39210748	682531.79053056	247472.81249797	411952.63244100	512247.08013101	553370.19277244	123171.57043389	694501.32442598	39897.15294252	509027.44700750	628526.47839319	
171776.77000118	171074.75275956	328620.52879868	367194.70942265	143103.47676733	245635.10110791	3117.71167271	458377.51140419	21802.74574521	13613.75476950	89115.62503983	15090.70249302	33541.76188322	530353.54479995	401904.80602429	646675.86401667	437253.48925911	670117.39210748	682531.79053056	392311.37194632	327540.45419894	512247.08013101	540033.51965926	183750.64273056	694501.32442598	39897.15294252	643460.42556533	624329.91891688	
193778.48308502	307861.35715428	328620.52879868	483733.75760321	275670.37316894	300528.38905650	50361.23370025	458377.51140419	86636.65365872	13613.75476950	199706.48626884	15090.70249302	33541.76188322	602947.79526110	512031.79419486	690370.53659238	437253.48925911	670117.39210748	682531.79053056	457639.27802785	311014.20612136	623642.01120239	435296.84834660	94169.77665193	694501.32442598	39897.15294252	620666.12577910	624329.91891688	
154511.82491843	388475.28870933	300178.46533672	515161.29643035	417205.49161531	295177.35015405	112577.45300979	324825.55115149	153765.09636358	83353.44547072	288180.61000628	4409.70499801	66219.63362326	614124.45612667	462827.47926726	690370.53659238	421005.20461244	612708.97930037	582837.11025911	457639.27802785	265738.14373484	619240.31953813	435296.84834660	94169.77665193	694501.32442598	127217.44478856	620666.12577910	636529.65216026	
154523.88627580	534053.22311545	266536.24687957	389262.34977612	424972.68204248	272940.64494622	5360.11161362	323476.61897088	74390.79714827	83353.44547072	383142.19735197	4409.70499801	3804.96717849	614124.45612667	562201.06978030	658556.34720924	352718.13694993	689098.65954602	544130.43277368	457639.27802785	392627.72150537	638654.29378379	558771.61483049	131550.83656885	652031.10888331	127217.44478856	620666.12577910	636529.65216026	
154523.88627580	432031.42312268	208690.78698747	391099.79098433	424972.68204248	156544.68932060	5360.11161362	426091.22444229	18898.01873078	25503.28539958	408912.84517529	4409.70499801	94418.68713746	619877.76119077	583040.44243191	658556.34720924	353086.18206096	689098.65954602	615103.08106963	385666.13573183	412515.66050036	550259.79667589	446452.71501958	94797.93512378	652031.10888331	127217.44478856	489890.60899740	636529.65216026	
154523.88627580	397514.31801124	208690.78698747	391099.79098433	332255.04333273	180703.38842257	5360.11161362	400230.68698155	67479.95867444	25503.28539958	364519.38846199	4409.70499801	94418.68713746	619877.76119077	479239.43373207	658556.34720924	304618.15523284	689098.65954602	646355.81599649	345557.05412242	286646.27905654	435883.90905413	356879.77518648	54695.23437646	652031.10888331	62143.42821092	355598.30197170	636529.65216026	
271737.98831698	340423.58830832	192334.62721807	391099.79098433	390896.52742079	283618.78611046	5360.11161362	346120.65943090	135925.39571170	25503.28539958	402363.96830860	15316.69332305	195303.20382883	619877.76119077	380252.56882740	658556.34720924	307377.77107767	689098.65954602	644767.47610350	396607.62503804	357503.24749733	435883.90905413	261690.01710769	54695.23437646	602278.69265002	59604.58972927	312573.17676362	636529.65216026	
363151.63527040	221509.95696387	192334.62721807	470776.57136107	340681.63705085	155924.14596946	5360.11161362	401911.88091894	67793.56914701	25503.28539958	421935.61528560	46389.18694439	195303.20382883	619877.76119077	380252.56882740	634460.42236079	379303.93983775	689098.65954602	691372.58893035	440342.55928698	449986.44753127	506837.67603764	150808.32009761	162562.04242781	602278.69265002	59604.58972927	234048.84083247	636529.65216026	
363151.63527040	258418.62449895	283890.76045084	326499.56314441	374420.79070027	119876.79592747	109248.68446721	370057.48580147	67793.56914701	25503.28539958	312249.35372184	46389.18694439	127641.70766425	619877.76119077	424668.97561830	634460.42236079	375723.53697101	689098.65954602	691372.58893035	306148.72565364	579985.26954664	639084.09292194	150808.32009761	162562.04242781	602278.69265002	59604.58972927	242054.36185620	636529.65216026	
363151.63527040	114171.16524135	201136.37832858	355964.70842918	353082.43081750	57527.86650492	223880.74782616	413174.13418310	55781.03728188	50796.41408170	178578.96633430	46389.18694439	127641.70766425	596910.00886855	455912.19780870	634460.42236079	375847.74590519	689098.65954602	572555.63272804	257280.40489052	619390.77488715	594516.96435138	180210.41988765	168948.40576747	567109.99711768	59604.58972927	242054.36185620	636529.65216026	
437470.33282615	114171.16524135	302685.16445603	270758.02825589	354715.01397815	57527.86650492	316632.54109516	510508.71099843	55781.03728188	34445.58308156	295601.18377519	46389.18694439	127641.70766425	596910.00886855	514434.59221818	634460.42236079	415633.26975482	659405.96111637	616853.97076648	261540.49542446	619390.77488715	687286.72410338	150077.69304947	69521.30916118	563609.68474613	59604.58972927	317453.49421200	636529.65216026	
333054.03533764	2149.55052754	200362.37384231	298747.77597924	314868.81077293	117024.49759462	249765.60268987	470463.52758964	55781.03728188	67564.58619749	445538.23682493	46389.18694439	79779.64957371	572793.50379224	514434.59221818	634460.42236079	383478.36936726	580127.03722734	665292.63460838	355325.95538444	534850.36643436	687286.72410338	108821.33758248	69521.30916118	683989.20922539	59604.58972927	202712.50802182	626584.58655393	
298452.33593515	57952.59286586	105665.63923985	235951.64961890	419922.18991140	165278.23336999	338155.94121798	487918.63889592	55781.03728188	67564.58619749	337229.08885102	46389.18694439	79779.64957371	485165.78242185	482772.48408237	679167.13077306	458357.44999810	523212.70598650	582372.31243440	338125.75223622	661987.66409075	616705.01357237	77961.98418876	107838.97493057	627914.44632956	59604.58972927	282306.60715417	557467.35970775	
208388.86674676	76387.81559421	105665.63923985	298427.70007358	370502.11143853	186829.29162419	343694.76131099	414624.45124522	55781.03728188	67564.58619749	464522.63447145	46389.18694439	3562.69216404	542894.61007173	349440.77830264	658429.50912641	456707.75856761	520926.60041480	582372.31243440	407903.75079281	644033.08919296	537392.73350397	77961.98418876	107838.97493057	627914.44632956	59604.58972927	322099.53690809	557467.35970775	
243466.21454467	214113.32482852	105665.63923985	274666.79052742	231787.52863283	83212.26456492	332554.46920587	483021.97483411	55781.03728188	86616.29157622	555971.97939674	46389.18694439	75770.99852116	513439.34465087	428266.07698119	675775.61468033	490137.68999020	385070.78758951	447160.20309697	461130.44306323	644033.08919296	494006.77285761	69421.76483884	107838.97493057	627914.44632956	59604.58972927	376994.73239497	557467.35970775	
313289.86734092	169879.70424623	70733.77404150	136615.78220507	202140.41471890	125727.15559754	465309.92922059	357796.47386924	55781.03728188	85916.23747962	555971.97939674	46389.18694439	131217.34274577	469008.67795077	402574.21868698	675775.61468033	416745.66133099	280144.19526805	338173.37715195	404407.19905014	632288.87294841	367918.07284721	120297.17726186	107838.97493057	631977.51004088	59604.58972927	375935.72813744	607071.81423476	
313289.86734092	118081.26981182	31912.01050495	136615.78220507	235891.33663723	186990.17037786	435861.56487305	263910.30508427	55781.03728188	95569.92846220	519695.58486428	46389.18694439	131217.34274577	407318.67483539	512746.67090221	675775.61468033	472869.07089188	196236.17914741	338173.37715195	419283.37229497	488612.34175293	371881.90125367	157040.59693010	107838.97493057	631977.51004088	59604.58972927	248218.13981821	589938.15297039	
349321.48208167	11547.13009823	50324.24992134	13117.62360910	163861.05810632	297408.31259537	441278.13212687	121182.08380138	55781.03728188	53162.72892199	398767.18651076	46389.18694439	119448.86180573	518055.98409047	658066.21542471	581871.46416463	574597.17921537	221438.03402832	208155.36427869	483148.16946144	488612.34175293	371881.90125367	123653.77282816	107838.97493057	565968.02149178	84318.12566993	255448.15895096	589938.15297039	
330278.52103723	11547.13009823	50324.24992134	13117.62360910	163861.05810632	230039.75391883	477237.55225642	245575.63483704	51078.49903291	53162.72892199	505692.22327031	52398.40904596	195422.98612984	496183.44843180	590357.45848030	651301.23996195	618023.01997342	317733.91531564	208155.36427869	483148.16946144	488612.34175293	381850.86944859	134187.24593303	107838.97493057	669878.46035128	70613.37867181	251836.36362137	571213.15044751	
330278.52103723	9326.36650138	50324.24992134	13117.62360910	187543.17297364	347709.31510873	477237.55225642	96256.67482483	117310.99413900	53162.72892199	578743.43524305	52398.40904596	175804.76486421	496183.44843180	460743.27457298	645952.63172367	679384.32519167	327031.57776299	328041.78486574	499411.40072106	488612.34175293	254019.28556136	171233.55891693	163211.60588722	669878.46035128	70613.37867181	204095.00871509	558388.34542600	
362484.39960234	16861.16095640	50324.24992134	4626.45588042	113583.32956339	238038.10328914	477237.55225642	64610.15183238	117310.99413900	53162.72892199	542565.65214424	52398.40904596	35625.03499046	528059.22038753	517575.16729266	565390.84141157	653191.01328740	417370.04528105	341150.72812676	383175.34595736	524038.79871260	387809.08084685	231553.98320710	163211.60588722	640090.56066257	70613.37867181	291299.12927091	615718.11119185	
360988.76400033	74650.00716649	50324.24992134	4626.45588042	114008.23938850	229102.02398389	515585.95670178	64610.15183238	56086.04130479	53162.72892199	401045.84682246	52398.40904596	35625.03499046	528059.22038753	517575.16729266	608786.48280353	524181.51552744	496433.13163266	381499.37448407	463301.61698046	524038.79871260	387809.08084685	370544.02115516	93862.89990791	671899.53479317	70613.37867181	291625.44096401	573298.39399632	
495652.29061743	74650.00716649	50324.24992134	47301.22904979	254246.43520369	221171.12800501	523627.82348693	64610.15183238	182311.23612334	53162.72892199	494354.23234461	52398.40904596	1440.15997023	528059.22038753	517575.16729266	643443.63483401	418102.43716636	585908.17716838	360289.76194038	544235.98234531	640810.91504475	295928.53010102	453132.65062219	93862.89990791	671899.53479317	70613.37867181	291625.44096401	573298.39399632	
495652.29061743	20717.76425272	50324.24992134	47301.22904979	265287.55687109	98387.20517105	593382.41168402	131100.24372669	125577.65527733	53162.72892199	629556.44899633	52398.40904596	1440.15997023	528059.22038753	517575.16729266	544611.27604935	293691.10285949	646058.37129118	360289.76194038	441259.51130948	672244.96499041	418841.70979487	344975.92014300	123177.72563079	671899.53479317	70613.37867181	147093.80141216	573298.39399632	
454432.51714827	20717.76425272	107125.96073076	174519.61998916	222201.51804705	98387.20517105	583122.56555996	94681.54419301	60768.95713219	53162.72892199	629556.44899633	52398.40904596	36497.94731171	528059.22038753	517575.16729266	407424.77561903	300666.69848038	674063.83833053	289491.44825214	400510.79110485	611375.64430867	491834.23916998	405340.42740296	206057.78955925	689148.27732772	70613.37867181	165590.57756929	539800.64791325	
454432.51714827	109797.13265774	107125.96073076	68387.39100363	222201.51804705	147890.40602128	491756.83724685	37977.13746329	119714.62104931	53162.72892199	601430.22369431	52398.40904596	157397.56858227	465620.61999656	517575.16729266	510302.03532645	210299.30639910	674063.83833053	289491.44825214	298590.89674612	543415.32829553	390585.88957155	393838.60289469	192793.28968145	609725.97062428	70613.37867181	165590.57756929	539800.64791325	
340507.11875773	109797.13265774	4646.94119716	68387.39100363	222201.51804705	22280.28817297	491756.83724685	70369.69462278	241308.23834978	53162.72892199	576148.39828384	52398.40904596	115911.09059151	503130.29871999	653564.64891415	543200.24359693	146404.09242926	674063.83833053	386509.71355911	234228.15421778	546876.82789110	298021.02618510	391041.70796355	324999.75730186	598564.34564183	70613.37867181	165590.57756929	650794.00935973	
228795.52224636	26665.72693776	4646.94119716	75890.84688345	269321.54120720	126582.07468876	491756.83724685	53176.00872550	256041.02608045	119353.39650539	576148.39828384	2240.00818226	115911.09059151	609141.62412054	625221.29186578	441272.29427587	247659.13661731	637358.51543813	386509.71355911	363969.52664402	546876.82789110	232889.03646085	492041.82087740	213765.87505940	598564.34564183	80872.80885715	165590.57756929	649983.54816775	
97770.97535013	26665.72693776	4646.94119716	39740.83556565	269321.54120720	99271.43017542	538468.44307177	53176.00872550	203927.23933461	148805.07527477	576148.39828384	2240.00818226	105769.13973345	609141.62412054	625221.29186578	459963.95234768	156971.49921336	616466.89351564	384511.93352001	251870.24929773	546876.82789110	279315.75693299	498069.58425648	213765.87505940	587777.05041426	60531.84375811	165590.57756929	649983.54816775	
218692.00428057	148755.24830833	4646.94119716	52754.57730608	384095.70849271	159072.32532186	467377.85376218	53176.00872550	239856.11681946	148805.07527477	576148.39828384	2240.00818226	105769.13973345	630630.80778024	625221.29186578	596516.05542812	131013.04067142	477074.07637755	440021.90068143	309017.29763122	657374.51120876	350846.05305590	611099.57263709	259511.34909433	580162.13481838	81204.46732164	224175.96915583	649983.54816775	
167713.50737752	51450.92498987	4646.94119716	120915.81797340	384095.70849271	170853.91843323	522002.51869291	53176.00872550	197984.45779700	81477.63957254	438896.81092870	2240.00818226	95168.22527642	630630.80778024	556521.78352769	596516.05542812	21115.34024220	554390.57064549	440021.90068143	277088.23525479	624379.01419363	409539.86102061	620188.39950016	345620.52580939	580162.13481838	81204.46732164	100831.08977135	694165.77987627	
21007.07861881	103177.34118094	17980.92597100	203027.82870458	384095.70849271	111650.21420845	424998.99881527	112099.69695858	229947.56408409	148666.19254117	564054.78910208	2240.00818226	95168.22527642	650747.23384401	535481.86918110	545888.21748569	38810.81808534	554390.57064549	391570.38262252	181251.51461427	636602.62626066	279217.07944669	630717.74795802	219193.62182846	634099.43019561	81204.46732164	100831.08977135	694165.77987627	
21007.07861881	187785.63036537	17980.92597100	215513.57557632	244181.67490763	111650.21420845	417177.53145616	159506.25671186	124430.47525015	60300.75934002	558610.82316100	2240.00818226	95168.22527642	680673.48252615	405884.06373974	664728.43992635	38810.81808534	494087.26301636	382854.36688107	181251.51461427	588154.07988614	353461.70134005	555870.52004968	219193.62182846	566162.60566728	102363.91482233	100831.08977135	694165.77987627	
21007.07861881	267213.07205497	17980.92597100	110684.95922333	284488.78337356	6489.45199688	438929.68509484	119207.33907125	109619.94246105	190107.37335661	558610.82316100	89917.41597249	95168.22527642	680673.48252615	420058.63473663	664728.43992635	38810.81808534	494087.26301636	316830.83556639	151637.13545331	588154.07988614	235347.30813304	690591.87172411	219193.62182846	637879.89223328	102363.91482233	100831.08977135	694165.77987627	
21007.07861881	392717.38147569	17980.92597100	133686.56202019	213383.83578276	6489.45199688	438929.68509484	15198.54730500	109619.94246105	43815.07737870	431148.72663886	89917.41597249	96827.86398263	614363.53514840	488744.51775225	664728.43992635	41196.23315487	494087.26301636	342712.17493546	202423.86672653	599997.84753641	332840.28322494	580860.23891550	223796.40007386	534230.12436433	102363.91482233	100831.08977135	694165.77987627	
21007.07861881	392717.38147569	17980.92597100	7288.71585134	99947.82213465	137350.74798450	468304.10187702	15198.54730500	27470.55960841	43815.07737870	410069.23932893	89917.41597249	96827.86398263	627451.10367743	378420.96270248	664728.43992635	112984.01390253	594748.62416286	355393.03795879	299304.57227164	599997.84753641	442165.12226353	534721.92323961	198621.03521383	453426.49489402	102363.91482233	100831.08977135	694165.77987627	
21007.07861881	392717.38147569	17980.92597100	7288.71585134	103501.09374145	9744.36028151	468304.10187702	136862.70259579	82096.66211940	43815.07737870	410069.23932893	89917.41597249	96827.86398263	676230.33214811	285512.39989672	658254.19579272	91581.37806771	531935.39102389	221619.95852057	299304.57227164	488613.40324001	318453.41926324	513766.54848856	119325.92966358	559241.22475866	165173.66496402	100831.08977135	694165.77987627	
55887.11062935	452475.20090318	17980.92597100	128037.31034242	103501.09374145	9744.36028151	468304.10187702	125944.29739125	133709.45023368	43815.07737870	498077.05518631	89917.41597249	96827.86398263	676230.33214811	293953.29625546	658254.19579272	217308.80490119	493786.32317885	246315.42957434	286730.94746453	488613.40324001	318453.41926324	377618.46383757	45722.82578464	683356.71935242	165173.66496402	100831.08977135	694165.77987627	
28093.37611498	314296.88867526	81692.03644396	211918.44955058	32739.08486926	9744.36028151	468304.10187702	163389.26529724	99963.16294187	43815.07737870	426649.33209019	38551.03212409	96827.86398263	550379.31695069	293953.29625546	547386.65248718	173204.56973091	476540.28470773	196225.13763588	286655.24737867	488613.40324001	315557.05075000	427467.75210345	45722.82578464	683356.71935242	165173.66496402	100831.08977135	694165.77987627	
28093.37611498	172030.21345295	165921.16447809	165998.01568098	47940.03833996	77253.48351345	468468.46535874	193887.82173622	143508.80785840	43815.07737870	495611.06318909	76794.18395629	48263.47478375	570106.65229269	306190.07205799	479128.36828656	181454.32682332	596814.32057248	185886.85080955	310724.35129447	488613.40324001	315557.05075000	347452.32392338	45722.82578464	683356.71935242	175665.74414573	61131.57105698	694165.77987627	
56737.63999253	221394.53682863	156536.46475439	127736.69222224	47940.03833996	209702.86137207	435621.62520231	163149.67029388	256805.73040332	43815.07737870	429541.72166301	64153.86587123	48263.47478375	570830.20811351	301173.20105048	357196.93969794	286579.40947008	545635.08102373	130952.38221463	276156.91890398	488613.40324001	402613.37541178	333382.60453350	45722.82578464	655554.78731750	175665.74414573	61131.57105698	597917.97449900	
150439.74902373	202077.36249753	257071.58252079	80946.02876051	47940.03833996	227475.58142639	435621.62520231	283849.37170002	232524.12706838	43815.07737870	529645.79594806	101002.04210688	4711.49544263	422074.33877769	247776.87937467	365471.02861627	291968.38569033	443899.54903149	73488.91243919	238822.62649801	447271.23531122	483093.61248805	258035.81445830	45722.82578464	611382.78652468	181766.73893917	74389.10531825	510979.16924853	
150439.74902373	85549.84432940	257071.58252079	145938.08656599	47940.03833996	87364.78429644	435621.62520231	413132.89384250	96342.79100976	43815.07737870	513270.23665532	156498.41545882	4711.49544263	422074.33877769	247776.87937467	282406.04282453	291968.38569033	401987.76872444	73488.91243919	126489.39220085	483828.65034408	494374.54081857	402516.38446995	45722.82578464	676201.91260493	181766.73893917	74389.10531825	637347.30641896	
213771.54372486	41680.03812142	281017.45220594	163195.01307021	19955.70720380	39788.71549910	435621.62520231	413132.89384250	95772.58239183	43815.07737870	637476.64267369	156498.41545882	39007.85102790	506198.69239958	280556.04324355	347844.54586649	291968.38569033	325390.83772736	33854.03620738	86222.92853188	613120.90599741	521475.06354559	350902.34030628	59310.89556035	676201.91260493	181766.73893917	74389.10531825	583540.56769266	
156141.01032212	885.97871710	168546.35092330	117693.62276955	19955.70720380	39788.71549910	449716.14067789	394585.31418165	176112.34658868	43815.07737870	637476.64267369	156498.41545882	30351.73937033	506198.69239958	280556.04324355	397879.41493797	226398.57135343	288147.06074964	28498.35641221	70766.25559591	571896.03910773	546116.62023829	350902.34030628	72884.00525452	676201.91260493	181766.73893917	209552.33942488	583540.56769266	
156141.01032212	61039.83750360	51295.84661616	147707.25012235	19955.70720380	39788.71549910	310666.40245516	369187.72314543	299873.75279945	43815.07737870	487539.78710445	156498.41545882	10385.99648274	394441.57542433	315389.37380401	397879.41493797	222669.11266968	288147.06074964	28498.35641221	70766.25559591	640013.47154086	546116.62023829	350902.34030628	140807.56834666	676201.91260493	181766.73893917	162569.88182094	482834.46394492	
156141.01032212	61039.83750360	92705.60298546	154546.36512557	19955.70720380	39788.71549910	269822.46449089	360910.29096384	217922.05343926	43815.07737870	529289.19183611	156498.41545882	10385.99648274	394441.57542433	370950.37829013	535101.71781787	244088.12514662	288147.06074964	28498.35641221	55126.00212563	582128.56921989	462983.05565602	250510.09928912	221951.77036620	653429.49673268	232883.21796369	162569.88182094	454806.07460598	
156141.01032212	175643.89666479	208519.23572690	91495.25891733	19955.70720380	39788.71549910	213477.01106052	385422.04946771	218531.40344858	43815.07737870	529289.19183611	179737.67523646	10385.99648274	394441.57542433	298537.60162629	405462.77568999	386907.39822575	308678.86360865	28498.35641221	55126.00212563	671354.01996892	570270.36781578	250510.09928912	134481.60255164	690267.39829510	232883.21796369	129663.25129888	413144.02105192	
265485.01463181	102001.56594997	116432.52802054	63551.07218735	19955.70720380	39788.71549910	213477.01106052	297647.17270163	218531.40344858	43815.07737870	468842.86308700	215130.86072134	10385.99648274	394441.57542433	298537.60162629	274099.01705271	321520.69794353	161634.03115784	49593.32294584	55126.00212563	656337.35088202	626092.04379712	250510.09928912	131403.40542932	582940.88861244	227594.52697885	69581.87707713	413144.02105192	
298437.02552167	102001.56594997	116432.52802054	63551.07218735	18671.86864372	39788.71549910	83381.57522541	208203.35221208	140941.83742356	43815.07737870	468842.86308700	215130.86072134	10385.99648274	385644.35062166	298537.60162629	189638.96273648	471124.42474406	248897.37448987	183354.34657424	189729.71586829	654140.59312887	488420.59767313	152773.89418194	163987.92268590	491013.21431450	227594.52697885	51234.16524857	413144.02105192	
298437.02552167	182028.53034721	33142.94651121	63551.07218735	18671.86864372	39788.71549910	217744.43995689	99738.83630050	18206.64152870	69124.99271272	393170.78014772	215130.86072134	10385.99648274	385644.35062166	375578.55976014	189638.96273648	565068.02258014	368308.90647474	254422.84939905	204722.15849885	575872.47016558	510008.03916636	152773.89418194	168664.43670276	491013.21431450	227594.52697885	39851.52082703	460506.76329553	
198374.70094046	57167.04821550	124866.51455166	63551.07218735	49954.97312195	39788.71549910	312813.28092360	140104.18046473	97744.13499066	51458.96551977	328338.44906822	215130.86072134	10385.99648274	334896.56963024	371774.83556846	222532.40459843	590103.41081497	383656.95648654	344140.79171704	186523.37790629	476403.08739741	542502.24324747	152773.89418194	189503.72681513	627535.43860357	227594.52697885	39851.52082703	361740.89780843	
254262.94836600	57167.04821550	8004.77161850	109667.81048454	94342.27485973	39788.71549910	436052.34649255	144899.21794982	103273.40104277	5889.46261667	477839.07660990	125235.08544642	10385.99648274	334896.56963024	340830.61983311	281655.45706277	483319.55245342	315766.70742920	402267.37932525	293626.56500509	568069.25010642	537839.55430848	251121.15450114	85358.56891500	627535.43860357	227594.52697885	125443.67711743	366863.50991235	
269016.90610480	80804.50584732	29686.12976658	94354.62349081	94342.27485973	9155.49741494	430002.18865240	161430.42669563	229853.68904356	22788.58601651	550977.47663478	132662.05024627	38550.29682266	217060.07287122	340830.61983311	221323.75768865	438801.09670092	426688.48825800	411369.60348770	289213.74633492	439336.99893362	621957.92291453	251121.15450114	138340.87760426	627535.43860357	227594.52697885	113874.92485370	361562.59079819	
152842.22811326	80497.98890850	12580.34259488	94354.62349081	94342.27485973	9155.49741494	430002.18865240	146205.24913916	87971.15391746	22788.58601651	613666.62831652	208862.45857465	38550.29682266	346308.37023196	362951.58137526	177210.14014056	417979.39453044	426688.48825800	444318.64094111	175677.99562026	439336.99893362	621957.92291453	228441.12633001	178326.10781912	627535.43860357	227594.52697885	113874.92485370	463397.98225949	
6210.44137708	117105.75102251	110808.31023796	94354.62349081	94342.27485973	9155.49741494	434267.24080908	117524.35262187	107218.86507189	22788.58601651	487467.81683601	198394.57356306	31480.35545628	246544.92198994	350123.56520222	162746.52042639	430854.54334182	512318.90046755	395648.85324596	299485.90295753	439336.99893362	635078.64946440	247183.76487183	161866.56017250	639120.68040158	227594.52697885	247827.36022708	463397.98225949	
769.19631159	117105.75102251	110808.31023796	242793.19499482	83590.51118159	9155.49741494	339928.35004937	241557.14554375	130413.53794816	22788.58601651	617575.33766822	198394.57356306	31480.35545628	321571.37022825	479800.61553108	158780.76843871	370056.55966594	507534.39782449	426923.90050391	395701.43792443	439336.99893362	635078.64946440	198783.46059490	120701.03167847	660400.32689361	227594.52697885	113751.36391374	492039.34735914	
5620.60423271	117105.75102251	112800.89561221	221772.32454272	24241.58467884	9155.49741494	433115.52457807	265408.20046305	20972.42792083	22788.58601651	482775.30848365	194574.55562865	39264.49693324	353769.84265882	368984.30092073	120212.80014588	399588.06538483	582128.54633618	417726.10750670	349706.30399526	439336.99893362	566753.96801661	244176.83203051	120701.03167847	660400.32689361	227594.52697885	113751.36391374	512797.18673522	
39614.03169229	117105.75102251	178159.77608004	354980.25342378	71098.82264076	114300.09186347	356364.93053768	162362.75492863	123136.28658725	22788.58601651	520447.86304693	194574.55562865	39264.49693324	246737.92300842	351703.47572177	125315.33759982	335265.16399360	646285.22584827	383337.51587372	459748.26360336	573555.11516976	430390.82325735	254261.13686175	120701.03167847	660400.32689361	227594.52697885	64431.41283726	438795.38655580	
185867.03586238	117105.75102251	116089.05063972	227794.22954801	178365.91060601	27929.01086270	455974.51799031	180733.24969120	123136.28658725	22788.58601651	618713.65738347	194574.55562865	56962.84512986	156820.04378722	276500.39924279	125315.33759982	372834.24105041	608515.67377257	482250.41461233	470152.34257254	684969.50824148	317540.88979436	226452.19729968	159592.08465904	660400.32689361	227594.52697885	64431.41283726	352126.39249536	
53849.29304279	117105.75102251	216732.82764631	291086.54392136	76769.79455408	27929.01086270	531306.63781308	36045.16232713	157300.40623887	65587.12307314	618713.65738347	194574.55562865	36851.16329790	156820.04378722	276500.39924279	226405.45196206	335022.86189710	698100.36047890	571565.84263907	332576.42373219	639340.79915272	314338.27599618	197573.19073594	242608.12541637	651807.60088876	227594.52697885	131330.91064030	408102.95049862	
48618.52224692	90561.76039203	127989.28271959	397448.03865848	76769.79455408	27929.01086270	476270.05769206	36045.16232713	157300.40623887	65587.12307314	565757.40007054	62958.94509012	36851.16329790	207418.12450976	337016.19270226	154485.00613569	368373.50561351	691123.36277857	663320.27300096	339339.07787416	639340.79915272	229888.20222521	197922.96491590	242608.12541637	587117.13539351	106147.55812127	131330.91064030	350766.10372650	
82494.64685637	90561.76039203	127989.28271959	523923.54011714	208971.07571513	27929.01086270	495169.08016156	36045.16232713	119505.02137820	65587.12307314	565757.40007054	98159.47155884	36851.16329790	285619.29502823	213746.72654355	154485.00613569	294932.09921509	691123.36277857	692790.62176770	423058.97103693	639340.79915272	303540.75700514	202940.62137396	240601.27598225	587117.13539351	117677.61129577	131330.91064030	423058.31142369	
82494.64685637	111282.05845945	116546.22869143	523923.54011714	88072.17759065	58730.96511083	609548.97144244	174827.97146859	148176.32048573	151688.29050724	565757.40007054	98159.47155884	96156.19379332	231966.86833149	283917.82042735	154072.94850849	329456.35758591	600496.31451525	694046.72695102	357075.64792183	639340.79915272	214265.12438815	202940.62137396	160377.85392841	587117.13539351	114248.15446085	161295.35427724	306233.56840784	
188735.21486515	36192.85727541	241154.71263098	518940.06324576	222091.67548167	187978.55736712	609548.97144244	135319.10666667	27855.70208465	59451.35722826	565757.40007054	9223.06737570	96156.19379332	231966.86833149	283917.82042735	55048.10180008	417276.71748523	546773.05739326	580016.71720489	369806.74108619	699724.81925061	230647.91175924	202405.91331258	160377.85392841	586635.60562994	134498.71090870	232830.41767637	295478.19300135	
39051.87386856	49866.86227958	188708.15001492	518940.06324576	211647.35520157	125316.05030629	559591.81586653	157925.85466584	54995.83628143	92146.11073713	565757.40007054	9223.06737570	89886.11729980	231966.86833149	196589.36584576	55048.10180008	557405.27077710	546773.05739326	637378.51922669	264897.14180606	699724.81925061	197371.92328201	202563.73201709	245511.70489347	677262.66355929	80559.82359746	121535.56684979	357708.41952564	
39051.87386856	49866.86227958	291442.74364659	416953.88830239	95440.93859594	102171.17498100	665184.86983519	157925.85466584	54995.83628143	17594.88443197	460780.31417339	9223.06737570	62880.05957190	176052.59824739	136357.59951515	55048.10180008	487627.13267385	555403.12268647	637378.51922669	341795.73109734	699724.81925061	321869.72594378	121179.13150828	261298.41449534	677262.66355929	46180.10370920	143974.10099993	477903.36527695	
39051.87386856	49866.86227958	379610.51966338	288602.75523112	202941.66160752	19721.45063486	665184.86983519	78269.11303676	54995.83628143	80452.51059939	395337.95260150	9223.06737570	72377.33315338	176354.40329672	271345.21000106	55048.10180008	509539.87194546	555403.12268647	641270.30497775	491007.69625142	699724.81925061	280706.51665257	121179.13150828	120217.93241367	677262.66355929	46180.10370920	202072.67432414	477903.36527695	
1669.98068858	49866.86227958	305048.46987350	257773.13604234	161979.22327208	106601.06186854	613896.23613813	78269.11303676	54995.83628143	62486.15944977	328002.55389866	9223.06737570	88237.27113710	193811.51600054	271345.21000106	88696.78904664	482838.09464818	471975.84113917	573752.91366541	621913.72894716	699724.81925061	410168.15053291	171493.57607687	163536.32996440	677262.66355929	124297.91944949	202072.67432414	477903.36527695	
116627.07326319	81655.76002688	162356.80979313	171515.04472113	17260.99172448	82632.10516703	557849.13341208	62524.83718995	95042.78906265	62486.15944977	272574.74546601	9223.06737570	126081.37009883	288890.82197866	271345.21000106	186200.70582386	341600.82276794	530115.11067047	637608.83595267	655790.77825873	699724.81925061	414649.58104137	189243.83999302	163536.32996440	556809.67786479	124297.91944949	202072.67432414	544522.54497111	
256059.36754271	36850.46061999	171738.35681129	49471.23655364	17260.99172448	128700.60219528	532276.31965969	198839.72806042	95042.78906265	62486.15944977	143005.73792372	43461.30229057	173937.56476886	288890.82197866	417736.88490174	283117.04608038	490055.65002100	522356.26551444	661152.68304495	655790.77825873	699724.81925061	361097.39263284	189243.83999302	247687.30001867	556809.67786479	144594.41743492	202072.67432414	524410.49584471	
305991.60709401	100410.25052860	43215.04485839	186801.94950885	17260.99172448	213660.02251547	621129.71110188	324363.25028259	2102.16876359	62486.15944977	242864.05549421	44886.84945592	173937.56476886	401443.16872638	484333.41519634	221501.19940812	422455.53860615	468132.62644388	660730.04546515	655790.77825873	641254.62736399	469219.18164953	189243.83999302	121468.66224673	421736.03537645	144594.41743492	278135.04152785	617145.66344958	
368308.61490808	99287.89268137	43215.04485839	138821.93198158	78776.66568507	315091.43045630	621129.71110188	218502.45266033	150452.09220754	62486.15944977	360233.25305209	44886.84945592	118084.58062872	501488.02973635	443493.00481522	342416.00994334	285157.41793667	584058.60688672	559475.93559138	672469.86208409	673392.74882567	555558.29928061	293756.53035179	143749.99002441	394070.83320603	144594.41743492	298873.42934500	617145.66344958	
348892.06989966	7840.39426687	145668.01634733	158225.65228747	78776.66568507	290927.11658881	621129.71110188	218502.45266033	73252.47403503	24597.10122464	230418.01605967	44886.84945592	51560.63572399	487929.39159893	541438.27825150	412429.58469884	386019.21259041	611173.29902864	651914.08281301	587397.93839621	673392.74882567	573949.14649368	303720.44271389	87153.88345139	394070.83320603	144594.41743492	233354.16395514	590496.86715744	
325775.55633710	152810.07376833	125045.00890226	179966.44844877	181713.36552382	310148.80680030	595570.63634841	312963.19277478	69202.80390092	20525.42347791	143927.49824864	44886.84945592	51560.63572399	512113.90122579	675637.89213371	269158.11871982	286516.51267434	588506.73099113	604685.66329762	456176.45958821	595697.00621494	519958.66551662	358658.90355909	93603.15987841	266174.92462469	94569.66150559	331227.01079178	590496.86715744	
386617.30466450	206872.53039205	215294.99855635	102836.34216220	283581.22024653	262819.16379705	583256.84290629	266727.72769190	69202.80390092	20525.42347791	218061.46411222	44886.84945592	51560.63572399	532383.45525992	553637.84225984	269158.11871982	286516.51267434	645145.03067313	604685.66329762	425962.93733613	595697.00621494	612255.41541999	420822.35420231	136223.90173713	240213.24009771	94569.66150559	343401.91837538	550560.54525995	
386617.30466450	206872.53039205	215294.99855635	85936.80953634	302627.84212798	339321.27036340	583256.84290629	205024.77355583	191514.83315383	115635.24403534	218061.46411222	44886.84945592	49029.09300062	532383.45525992	553637.84225984	363169.86713637	286516.51267434	664622.75392616	627513.11029233	444844.65385916	620405.08653794	570445.44020230	477760.47983603	136223.90173713	240213.24009771	94569.66150559	308114.28848890	550560.54525995	
507108.18918279	183047.18695179	188681.03920594	125948.49746050	184656.36502178	366014.99144484	503989.54584456	84447.73955068	109115.56961545	115635.24403534	218061.46411222	44886.84945592	49029.09300062	532383.45525992	569756.67976553	367277.49107899	321410.47019662	664622.75392616	617289.87587142	396128.34386772	596437.81276527	492993.44110592	562356.23074132	136223.90173713	219705.58125572	62399.31512949	424841.47439171	557075.26410371	
480542.17364400	131460.79118229	179756.72171953	126435.65557514	185379.02953797	323316.78526469	503989.54584456	69950.10897729	205385.57444518	27455.04942712	218061.46411222	44886.84945592	12529.35648355	539480.35184841	569756.67976553	319441.66442736	321410.47019662	609752.21714928	622395.93979315	396128.34386772	586706.18380340	407784.83481931	562356.23074132	136223.90173713	219705.58125572	62399.31512949	489130.34228601	557075.26410371	
401002.10999318	164613.72967347	74535.54176870	14295.07233994	254643.88398553	335624.39091562	452988.40568708	69950.10897729	277067.36876211	27455.04942712	150154.45570002	44886.84945592	70226.77515054	457702.16560163	523382.76670056	434102.15624011	415082.63307262	609752.21714928	647636.13575891	442328.92723554	586706.18380340	368685.14494555	664223.86667180	136223.90173713	219705.58125572	62399.31512949	523624.48027078	579564.55792625	
501235.37474053	150285.49952578	223588.50169434	74732.35577730	340227.59933052	359934.30801372	452988.40568708	69950.10897729	180283.21575730	35789.30175767	133248.09552156	44886.84945592	194698.29478390	526738.76347901	523382.76670056	354443.21873804	560537.09999720	609752.21714928	687399.72674162	509752.46552785	590441.58405056	320042.46773007	664223.86667180	275931.75004143	179457.11790128	62399.31512949	543383.89264831	549826.43093282	
501235.37474053	234835.46842878	285518.91986842	17323.76280305	295486.13733862	417863.35390981	316368.30834173	69950.10897729	312338.24146059	35789.30175767	130921.86547435	42817.83355932	115047.49173588	526738.76347901	533065.40279837	354443.21873804	560537.09999720	592236.02418173	687399.72674162	633394.12720130	677665.53581489	306090.04280218	597199.40691414	275931.75004143	179457.11790128	62399.31512949	470461.67208923	549826.43093282	
501235.37474053	245167.24736270	379619.88448793	17323.76280305	354632.40900533	473410.49740962	263848.63967641	69950.10897729	310553.87352062	35789.30175767	123511.26206255	42817.83355932	98657.95115354	421108.89661763	506773.84349139	321050.29940585	483076.48829447	592236.02418173	687399.72674162	534690.15224417	677665.53581489	300015.19252454	536340.34167361	147300.57910342	313317.82806308	62399.31512949	612573.56450816	429773.16606922	
501235.37474053	98066.35772137	379619.88448793	89983.93206034	397848.09289776	473410.49740962	195466.49049009	69950.10897729	193701.79716469	35789.30175767	1946.57759120	42817.83355932	80792.88850724	377931.40258078	506773.84349139	351542.23356884	441579.79268782	553144.61604016	687399.72674162	555737.23645682	585778.12935889	156731.01498343	427995.89447818	185460.08390900	420673.37030899	62399.31512949	612573.56450816	429773.16606922	
501235.37474053	140620.16422160	316751.44096009	223280.16019251	337741.76605111	473410.49740962	321827.64998980	141702.65345606	258131.74132958	35789.30175767	1946.57759120	47560.29360893	80792.88850724	377931.40258078	634323.84184957	295736.80760186	441579.79268782	499960.29815259	565787.33550036	489740.84416883	457440.04103660	160749.87393306	294419.58528074	214735.60749507	530583.94411507	82440.89479308	481468.67940024	429773.16606922	
570817.36098671	228556.01756055	436944.28270298	208805.17497475	306956.11690935	480066.20631325	220104.50277718	58674.17067456	258131.74132958	35789.30175767	64218.35379992	47560.29360893	80792.88850724	377931.40258078	634323.84184957	279777.56160239	441579.79268782	474071.95667889	540557.33203331	489740.84416883	457185.94675790	160749.87393306	294419.58528074	214735.60749507	530583.94411507	82440.89479308	443775.01314956	429773.16606922	
570817.36098671	214316.82494181	436944.28270298	66157.90554072	245167.75736048	472007.17404779	363840.30621393	51545.22650896	231196.27700874	35789.30175767	64635.33714417	47560.29360893	224666.97506687	373796.95647443	634323.84184957	305495.14119707	441579.79268782	460346.91791981	555930.45006468	489740.84416883	513992.73589244	52491.66110004	294419.58528074	214735.60749507	666731.20412357	82440.89479308	498296.99529624	409348.26829846	
532399.63863460	210132.13610418	357107.85957521	66157.90554072	151408.60534427	470174.53573429	310101.25745644	51545.22650896	259408.63363210	35789.30175767	22013.54016570	47560.29360893	201162.72763481	373796.95647443	634323.84184957	385070.47389058	441579.79268782	460346.91791981	632565.74432481	489740.84416883	365102.32627747	52491.66110004	272026.05568598	228455.98190152	666731.20412357	82440.89479308	479544.83591147	551705.70506261	
473616.18737454	258376.77681762	435967.67855235	74758.47934211	42124.59498281	470174.53573429	223117.82295115	51545.22650896	259408.63363210	35789.30175767	22013.54016570	47560.29360893	201162.72763481	410073.75049966	688614.77379561	275991.92732773	441579.79268782	460346.91791981	632565.74432481	500019.06479958	453164.42906702	52491.66110004	354643.42335318	254509.18906085	666731.20412357	82440.89479308	467250.23737567	628320.06774017	
467793.15959296	249295.36003598	410635.62308577	74758.47934211	136105.91664675	323541.75647531	98466.39946804	7215.88324467	315586.57220280	11215.10569480	128621.55297993	39143.53955148	177171.20755040	324344.88863216	572174.38116480	398873.02142498	506638.37298610	346393.01922173	652807.78098206	466350.60424831	497223.12214583	52491.66110004	361284.92181252	137173.58006330	666731.20412357	82440.89479308	505863.48134405	585094.16614522	
570862.68028006	252518.41716955	410635.62308577	74758.47934211	277152.24483502	200956.12213822	88023.16418142	7215.88324467	330598.64011106	11215.10569480	82268.39560090	39143.53955148	177171.20755040	446873.52442462	572174.38116480	297140.82835211	535726.82837723	346393.01922173	594112.17612740	552099.21527285	556222.39598862	89583.08241311	361284.92181252	116191.55086526	666731.20412357	66472.94700087	488603.34222178	500942.97935057	
570862.68028006	252518.41716955	451698.19451307	74758.47934211	335171.78188290	131269.35795013	202653.65143417	7215.88324467	330598.64011106	11215.10569480	40213.44900193	39143.53955148	146224.54374688	446873.52442462	572174.38116480	284693.77841637	535726.82837723	254038.61839068	543686.87828408	595415.44932873	645578.27486884	208192.16867491	336896.15345484	88929.58903551	666731.20412357	212145.55745983	487552.07588886	530536.23861012	
452779.67025303	272028.16243054	481441.85360117	174592.66629082	267167.22557626	209466.72193452	136010.32992416	7215.88324467	188191.58276591	11215.10569480	42978.18952188	24599.19181538	101453.00407135	446873.52442462	581219.10700113	284693.77841637	505091.85800817	399276.99086793	632397.11292517	692692.89590480	625059.90253996	238176.86568899	269113.69523941	153978.31784354	666731.20412357	171899.01031964	357660.20870062	615891.23943628	
501441.18381300	272028.16243054	459004.81807557	74705.08574507	311802.49820548	193959.41485228	237220.43278997	7215.88324467	81349.27983764	11215.10569480	26766.08348259	24599.19181538	121567.95753531	555018.76900653	581219.10700113	284693.77841637	528153.47665610	437179.31563064	690599.76962952	692692.89590480	553897.60535234	372043.28589736	337663.20528343	280837.56448492	666731.20412357	218088.35119522	483000.63156723	615891.23943628	
501441.18381300	200143.39674926	497441.57519856	193233.11362287	342186.33937880	84038.19236870	291266.59656697	76129.34993291	184867.43972814	11215.10569480	26766.08348259	17976.30170122	121567.95753531	548980.96471364	581219.10700113	405964.92676770	669851.04029353	437179.31563064	569856.87913035	692692.89590480	474520.88683831	361214.75799290	385588.49731871	280837.56448492	666731.20412357	69598.72622990	483000.63156723	683161.60165060	
399535.96928320	140509.19966222	362541.69203160	193233.11362287	246162.85610581	84038.19236870	291266.59656697	75247.93450057	218672.21377892	65014.07367078	26766.08348259	17976.30170122	116992.27674803	548980.96471364	661900.28671029	530651.35872136	686857.14777304	421704.89557858	569856.87913035	695366.07590748	500520.43815646	314822.77858869	385588.49731871	227548.62254222	627373.74254556	60272.53352137	604395.87218668	683161.60165060	
411599.11993211	78206.10192545	398948.91028693	189485.23824297	252298.76125453	27880.43084343	153396.89156142	196067.69955574	318439.98893851	65014.07367078	26766.08348259	26979.11999886	58125.69764836	474319.24506357	661900.28671029	645533.08181025	565918.06529916	451025.47341684	467102.29013670	681774.30834352	593666.53551800	297771.41290059	434005.54511026	124482.14918181	627373.74254556	60272.53352137	499296.39600843	620251.39692696	
277839.88128681	98421.77503646	344621.82082848	48369.55818663	235378.26634049	135415.92451469	94404.81979029	238044.53340821	312167.21029065	110606.14120599	26766.08348259	26979.11999886	58125.69764836	603580.02237998	565524.02342674	645533.08181025	565918.06529916	524543.70076689	475574.98060407	681774.30834352	449107.53496557	262907.77213070	400778.29101532	124482.14918181	593379.78581516	60272.53352137	579100.49344321	620251.39692696	
213842.04009520	201069.54513575	231685.30396909	48369.55818663	121560.36902519	83440.10902103	130328.34626823	169760.36798484	312167.21029065	110606.14120599	59619.64156790	26979.11999886	58125.69764836	603580.02237998	565524.02342674	593248.87117364	530395.76899533	595242.28144296	610821.10654378	533376.55933614	440898.16474722	355543.64347749	400778.29101532	125029.87408587	604744.84377212	60272.53352137	579100.49344321	620251.39692696	
213842.04009520	191842.78609799	339672.86732612	48369.55818663	80500.67143499	187877.96809333	257578.00908225	109126.02553897	201834.61725060	7540.25470831	197565.75717587	26979.11999886	48683.73491786	603580.02237998	608143.01113397	597287.35295672	675320.28005778	595242.28144296	606728.02316199	580887.60787557	480945.75224810	304460.55153176	366664.92915981	125029.87408587	697069.55382000	60272.53352137	574519.47167292	620251.39692696	
280820.22185079	122262.49744927	461577.43505228	48369.55818663	214031.75635790	115496.94236216	260403.96153968	199030.87191123	59135.44930176	7540.25470831	51630.32152918	26979.11999886	17774.03296484	603580.02237998	666394.72996169	460043.13635914	675320.28005778	595242.28144296	606728.02316199	694815.37794778	537531.43045705	304460.55153176	366664.92915981	100233.26083833	697069.55382000	60272.53352137	484642.77364474	620251.39692696	
382539.85161182	135399.84696888	465685.04169364	48369.55818663	157128.98109096	3400.74843983	328358.42942098	199030.87191123	81094.24161149	7540.25470831	55610.58931043	26979.11999886	63307.23307497	595931.48789678	666394.72996169	538142.25014090	626412.94415937	613575.53499315	675827.27059448	694815.37794778	501214.50335081	248816.61024598	434003.57145173	93415.64746025	697069.55382000	60272.53352137	439082.50704301	620251.39692696	
250448.65337569	230327.94190549	608922.34467460	48369.55818663	246017.56337120	3400.74843983	303087.95227009	111310.17253324	20422.25945799	7540.25470831	89283.79468728	10988.90259955	63307.23307497	595931.48789678	647693.16851259	492345.68011561	659505.26069588	620705.00453431	675827.27059448	593706.33544560	501852.78737675	264991.06107372	441941.87184136	61359.05536082	697069.55382000	60272.53352137	439082.50704301	620251.39692696	
359275.39499105	167665.64276009	463399.10382199	174675.01408026	281573.75851156	84831.34533527	385418.07420216	209621.25806604	20422.25945799	7540.25470831	89283.79468728	10988.90259955	63307.23307497	595931.48789678	647693.16851259	513119.81758820	680909.08344164	574064.84606555	627442.79404432	462584.12476408	482732.64472008	367567.08262143	377199.25758326	61359.05536082	676468.80024030	60272.53352137	482900.82618164	620251.39692696	
282435.43261214	55844.08109767	585936.18495889	153974.52520997	175403.84787030	76953.64788932	347410.63833578	290261.07390059	25369.17139986	7540.25470831	89283.79468728	10988.90259955	35545.14186877	483323.57936283	647693.16851259	412623.68327474	611482.87467007	439262.21190251	670035.71858760	328194.26801190	575133.47021164	367567.08262143	386831.71614954	44659.67942995	574540.00033024	58909.03028602	586039.76454010	540568.88937035	
340369.23408893	157179.02710777	585936.18495889	119429.14016516	174653.31062324	211956.90402728	275940.50883082	298480.90283014	25369.17139986	7540.25470831	64057.29267226	41231.85210375	16651.25562994	483323.57936283	647693.16851259	358100.55490594	611482.87467007	460678.01435377	644877.70575309	378217.39719705	435087.93126443	372521.88131124	354073.87492914	50232.50462620	645838.88974056	58909.03028602	676780.44101804	503215.94478996	
276014.19675461	151475.33009663	443601.43710558	99572.70460023	254045.55904288	334357.76650133	268938.02440085	296738.55061358	149371.58134343	7540.25470831	19554.09735370	41231.85210375	16651.25562994	483323.57936283	647693.16851259	232657.43833944	611473.73216310	340283.75470573	609682.60477259	378217.39719705	503855.15113296	476317.01249192	354073.87492914	50232.50462620	549756.86043040	58909.03028602	676780.44101804	503215.94478996	
423770.05352145	205820.74674128	528237.81459431	179321.68200720	395786.37899264	345055.22236775	276715.74404423	190967.01274859	267122.55071538	7540.25470831	53260.15433712	41231.85210375	16651.25562994	486237.00992206	560186.53418460	232657.43833944	595167.50412273	209200.80328762	609682.60477259	366575.90976926	428567.16462872	616956.12428776	376531.00899340	155323.21796934	604530.14452007	58909.03028602	635238.10710503	503215.94478996	
549962.43985499	207373.49448853	528237.81459431	179321.68200720	400434.74517123	345055.22236775	425471.43660365	129954.59733416	264454.48034396	7540.25470831	53260.15433712	41231.85210375	23786.31745691	487055.69122946	560186.53418460	232657.43833944	646294.89836547	283752.74116164	582824.35584984	366575.90976926	428567.16462872	695946.95911997	292007.03551340	277163.12920338	604530.14452007	58909.03028602	664218.88074574	503215.94478996	
544098.30463578	157220.60114860	552609.57603987	227337.07985902	452722.98882483	345055.22236775	425471.43660365	207225.44897633	264454.48034396	147384.25122387	42116.32175496	41231.85210375	23786.31745691	487055.69122946	676387.47705452	232657.43833944	646294.89836547	333917.24794804	496901.75436585	366575.90976926	428567.16462872	557754.42053946	297492.62167722	332134.42160896	570789.90229228	58909.03028602	664218.88074574	503215.94478996	
487973.82177676	157220.60114860	465507.25301447	217558.59507135	388052.52997932	345055.22236775	425471.43660365	232564.57413081	264454.48034396	137101.39213868	189323.84992118	32127.47799635	23786.31745691	487055.69122946	643388.24535201	247092.44046422	504326.33993672	227515.48956075	425427.07128907	488405.81165378	575561.94175749	604195.74515808	297492.62167722	261760.17958093	421226.31847481	58909.03028602	664218.88074574	633925.23385739	
600689.79677296	86074.75262242	465507.25301447	101468.65132746	323222.41529015	381821.06345732	473454.31416447	104097.11312860	264454.48034396	137101.39213868	116960.21585824	32127.47799635	23786.31745691	487055.69122946	621337.95738119	301192.34359935	504326.33993672	226283.66390332	447158.08701845	481031.13883158	575561.94175749	514212.01094719	297492.62167722	257694.43554573	352262.94698836	38139.30173854	664218.88074574	633925.23385739	
600689.79677296	48157.49391655	430681.43429716	87213.46163134	328953.76261882	404120.25929751	473454.31416447	100308.78058682	264454.48034396	50154.29880158	192810.71775686	32127.47799635	23786.31745691	487055.69122946	697516.44241575	273841.92552824	570353.64388273	248271.26765681	447158.08701845	503720.05206902	616330.10250160	514212.01094719	273676.61018872	143142.21818581	393876.46653798	38139.30173854	664218.88074574	637476.26880429	
639000.78506114	71450.46208601	493450.21880073	178361.21912242	300923.19975226	393967.80472586	532380.55558170	203708.12328918	264454.48034396	50154.29880158	91319.69224802	32127.47799635	31265.78051944	454737.78520268	696255.70012480	298322.17888257	591576.09709162	350401.96030211	593245.41283872	602368.48197794	616330.10250160	439366.23450822	273676.61018872	124607.91542325	536718.68972830	38139.30173854	664218.88074574	637476.26880429	
586675.79385397	36148.28529078	408984.35842388	251480.49153718	314191.24653102	244898.54402700	484147.53214100	353527.81069854	264454.48034396	51237.54741673	158331.91377089	32127.47799635	27891.78442557	535349.87870228	696255.70012480	443950.62589737	691388.78005187	313395.37055722	696043.75028648	533360.89644656	671781.25588256	439366.23450822	273676.61018872	124607.91542325	587416.16398578	38139.30173854	625470.21131378	579634.99335621	
524981.08873095	122794.51587036	280940.56780237	152731.93843464	430501.33361755	351282.92276134	448726.07845429	224475.62245301	264454.48034396	51237.54741673	278167.44700701	32127.47799635	114855.95421083	496008.48884764	591976.63759927	392245.58943341	650407.13100080	313395.37055722	578882.79789955	533360.89644656	634366.73668481	399531.80158319	273676.61018872	126741.74674527	531548.16907336	38139.30173854	671683.29000577	579634.99335621	
524981.08873095	142519.86561431	261871.00264226	76216.31133852	470203.49147349	347024.28668526	349462.99541127	324080.11005786	264454.48034396	51237.54741673	233605.02180716	32127.47799635	246792.13257482	496008.48884764	591976.63759927	521348.46268151	650407.13100080	373335.06615803	663761.09447105	517901.12186420	686222.25487540	399531.80158319	385120.97085334	80387.48028896	531548.16907336	38139.30173854	584858.76460552	579634.99335621	
524981.08873095	213082.24145210	390004.82387784	68669.37076597	520129.93294736	394509.11982254	255073.87561922	324080.11005786	222686.29680313	45609.80406433	244819.39622398	12639.86755611	156305.17026531	425120.15507844	677240.31503264	379580.60679904	650407.13100080	342166.51265583	622590.50411427	656581.89234651	584845.39437985	455948.74539654	256446.68915726	61379.50669011	453281.13916956	38139.30173854	452888.37631653	447421.30558091	
486302.52744192	211103.53853766	292985.60008314	68669.37076597	370741.77906345	434326.52229686	246322.94155800	274410.05735676	132690.50162954	45609.80406433	216074.06013174	12639.86755611	293389.44488337	315584.25174321	601586.73547491	408026.54771947	650407.13100080	230169.30879109	523862.16536027	656581.89234651	657486.64563985	365473.47176063	340182.57746588	139410.85250717	602575.51786349	38139.30173854	393633.89623386	515225.21070157	
549680.51460832	213418.13197788	201182.62074641	68669.37076597	405964.68836185	492780.41013386	349239.64601739	274410.05735676	236430.52926805	98119.98401762	194923.59833385	12639.86755611	293389.44488337	435651.66475136	654107.55804149	285412.99809194	650407.13100080	304520.91003722	433541.41910010	656581.89234651	531669.32699273	365473.47176063	340182.57746588	139410.85250717	568064.01455778	38139.30173854	453301.28152658	462516.61151082	
451766.41524574	213418.13197788	206371.58087869	145721.93839264	307268.67382063	477179.70494294	470238.21276474	229304.45578992	90141.20364810	20627.02211514	77223.17418198	24300.60347447	293389.44488337	435651.66475136	519899.79404783	285412.99809194	606833.77142528	304520.91003722	433541.41910010	656581.89234651	557861.51032845	272950.72439633	246665.88351194	103610.23414828	568064.01455778	67947.57054173	453301.28152658	462516.61151082	
456708.75768348	124270.72782289	86700.99891112	151730.63078601	358315.38091697	347442.39594145	460355.50839602	252390.45161604	90141.20364810	20627.02211514	77223.17418198	24300.60347447	268137.71531065	435651.66475136	470955.76194149	422822.71238311	656015.33738933	362733.07988887	408150.67228924	656581.89234651	522722.92840763	272950.72439633	168605.42568924	80012.32303036	653959.72650092	141247.83438364	541483.72834135	473946.35315876	
409885.99584034	244941.96101358	18325.82086485	135555.45916999	336339.87979564	455110.28779338	462107.30579311	237400.32414755	90141.20364810	20627.02211514	84602.85095074	98523.28344352	312026.19964257	435651.66475136	576094.87659941	305364.21759539	682459.87550092	362733.07988887	408150.67228924	576187.77972789	571944.51683268	272950.72439633	151474.95093204	80012.32303036	651762.91728612	141247.83438364	635599.10052721	485368.26874069	
498839.65164904	299166.23174430	18325.82086485	245554.28424583	250680.62282966	343348.94370248	406414.83526524	126066.25241613	90141.20364810	20627.02211514	128735.23225294	86186.40502524	273561.50449493	435651.66475136	689060.17791302	370211.97122273	682459.87550092	362733.07988887	282470.70251061	435847.14529102	532548.68489974	262343.53810245	180953.81820825	80012.32303036	616047.66296838	141247.83438364	635599.10052721	600464.03159383	
647638.60249646	299166.23174430	18325.82086485	151035.48927704	180123.51496404	343348.94370248	412944.54447760	244889.85728489	124069.06847404	20627.02211514	182744.96938246	93515.53855976	276657.25908346	393568.85722011	689060.17791302	370211.97122273	682459.87550092	255654.76663137	330984.51306494	436183.41151710	532548.68489974	262343.53810245	322952.55308886	161918.66318470	616047.66296838	212808.58428528	635599.10052721	568617.55972185	
620321.64111960	299166.23174430	102827.45233666	145103.49041990	172793.87882793	370060.99082421	425472.06659580	208559.30186278	83341.45573166	20627.02211514	267618.76847475	93515.53855976	296618.99745369	393568.85722011	689060.17791302	509720.53138465	681745.48021257	255654.76663137	407570.56278110	436183.41151710	622260.51364095	380013.97290468	176734.12361267	196934.22328386	616047.66296838	212808.58428528	517798.35835418	483043.19332939	
620321.64111960	371692.43725167	115337.39098205	71553.35136643	150093.35219503	342326.38126840	519812.67797526	191699.88065962	83341.45573166	20627.02211514	254905.05196461	160086.62710099	296618.99745369	393568.85722011	689060.17791302	429321.76218229	674923.36579970	255654.76663137	485172.03904693	497396.44616037	644001.71636879	294550.54739944	298462.18755855	114382.27101310	586674.79850781	241049.51076752	637367.49857196	421588.95169864	
573635.96744898	223865.60671378	115337.39098205	218723.09831648	218747.99278966	419741.52103152	541611.59491758	211729.15561398	25421.80499713	99743.74650448	201385.17524304	138851.60005463	300454.40752350	404201.53076906	689060.17791302	458686.48338047	597020.38905929	255654.76663137	520559.49311567	466589.52408627	644001.71636879	306255.56217182	298462.18755855	193660.16077289	591713.64419463	241049.51076752	644847.67760507	462376.56448113	
658193.95657021	347406.32265454	235151.00392701	178941.98713002	178386.23477916	419741.52103152	395276.43638187	211729.15561398	25421.80499713	145741.92402411	265378.46567398	160313.24712731	392340.89960429	404201.53076906	689060.17791302	380564.76463034	459874.46292671	255654.76663137	400267.12290338	608185.83452128	567424.09605207	231827.95943461	390827.43298283	234692.75885032	577728.98807931	212834.24822537	604931.71890565	462376.56448113	
539046.94141308	347406.32265454	344810.03025336	178941.98713002	87492.94619535	495537.60941997	342839.28582690	211729.15561398	25421.80499713	145741.92402411	346125.37725552	160313.24712731	303450.94226324	404201.53076906	689060.17791302	527466.54524494	527915.66484729	260520.94538886	313887.13913476	608185.83452128	679263.41873657	264484.02919868	430151.35585522	219048.40183454	577728.98807931	212834.24822537	578722.32943645	462376.56448113	
549092.44891628	214551.11436738	342430.15427656	111179.19463889	99251.97079887	389094.49430808	478493.15861759	129563.32480012	25421.80499713	145741.92402411	222710.44381530	111876.33307843	303450.94226324	462134.50863374	689060.17791302	648517.52662426	556753.57163036	167783.42608767	430356.99668913	504754.73528776	679263.41873657	211985.98340050	469206.35297039	174666.97114616	515450.92051357	212834.24822537	615542.18497182	558928.11405607	
549092.44891628	142354.89821628	313669.82047381	111179.19463889	249000.15409976	244410.81119004	478493.15861759	28970.61432493	25421.80499713	145741.92402411	138085.83863701	101023.73605455	238277.55150839	552652.70665368	681778.75401299	535316.30258873	684530.60657254	153961.39038519	304282.28917596	571130.47262773	561732.71834248	195197.78874681	512920.28659389	174666.97114616	519561.17056560	212834.24822537	473212.97236158	558928.11405607	
632039.74479148	151861.26865984	311513.35163545	95221.56997626	255817.92200059	270835.91227901	429680.81116025	28970.61432493	172405.55509723	174029.75719250	225729.91041150	125765.21468057	354389.11753678	505982.65835840	699280.49965376	666865.91258852	684530.60657254	153961.39038519	306093.43324757	510957.68537181	481294.29028455	70036.18836488	622390.73535400	276280.38100081	522036.77875986	201891.64892785	527783.38712060	621671.72116557	
578864.99261819	238407.84157895	188635.42285848	27670.53723876	136610.76720221	223304.89103349	471497.01412624	28970.61432493	49107.52985848	174029.75719250	127593.82575127	125765.21468057	361883.45466417	505982.65835840	699280.49965376	666865.91258852	691304.24960492	153961.39038519	165535.61371791	375339.85293147	481294.29028455	123947.98613568	554561.65650095	214991.31198984	405645.87324819	201891.64892785	498187.79167302	590059.79458473	
617043.93777592	187886.41500271	286190.13095511	118513.63273189	112464.48847522	294298.78083266	471497.01412624	28970.61432493	46829.45125675	54470.10015258	236074.80296547	125765.21468057	471090.73405121	550983.03446298	699280.49965376	565757.73287415	620626.19018109	185240.58778637	165535.61371791	375339.85293147	481294.29028455	30602.49141275	621665.54346286	242315.25744920	477910.68681996	201891.64892785	535580.28492768	590059.79458473	
617043.93777592	41075.78002612	272286.99760931	180098.55581941	164734.46984428	294298.78083266	386005.94115674	29999.16892812	179237.88137244	54470.10015258	285418.92403033	197827.92347302	479252.01295466	550983.03446298	699280.49965376	563029.52382664	472177.40287988	187630.94304542	290903.71666526	375339.85293147	411107.18800629	130716.81533205	621665.54346286	242315.25744920	384776.82733421	201891.64892785	648103.15324104	590059.79458473	
651169.96402705	123656.80726479	190249.64055670	180098.55581941	190821.85882864	351893.40011879	386005.94115674	29999.16892812	103350.23296649	153613.53228464	309088.23928482	197827.92347302	437781.23001393	550983.03446298	699280.49965376	512894.15845865	564025.00751661	187630.94304542	290903.71666526	384621.87438455	411107.18800629	199377.15897489	549808.77442670	288136.64159016	384776.82733421	201891.64892785	511685.25960370	630204.33293014	
686405.11038434	113901.18571886	281188.67992193	180098.55581941	247125.99569446	379268.93959666	386005.94115674	154537.71594792	216739.50736688	120099.50214805	249326.66799344	197827.92347302	293673.55635648	550983.03446298	699280.49965376	513899.99656803	635065.99583395	187630.94304542	357460.66016878	433476.66075070	411107.18800629	199377.15897489	425694.10700881	150369.26073216	462355.31609207	201891.64892785	640588.90003957	604051.44552420	
693579.27495891	113901.18571886	340868.29770235	180098.55581941	145865.05075352	379268.93959666	386005.94115674	114183.87823266	153583.00222905	120099.50214805	172112.88944863	197827.92347302	278974.34988602	550983.03446298	699280.49965376	530516.35304312	635065.99583395	187417.66143716	236788.03126285	433476.66075070	487852.61100002	129466.92624612	403620.97844319	217915.35251078	338939.58592359	277029.80199192	613234.26892501	581616.53806603	
693579.27495891	250570.92768704	472312.47219410	183857.50010671	60765.42034002	235307.27869483	386005.94115674	114183.87823266	240317.68578802	120099.50214805	161915.29059431	197827.92347302	150724.00774727	550983.03446298	699280.49965376	612118.55886466	655886.61367348	187417.66143716	244187.21830552	506394.29463937	461676.22745720	129466.92624612	403620.97844319	251296.82864853	405139.36221139	277029.80199192	578448.40117578	581616.53806603	
693579.27495891	148254.06422193	464358.11836822	149515.51594615	142210.28028227	156194.28861580	386005.94115674	114183.87823266	187120.65107949	120099.50214805	39704.98210359	174476.19505643	217053.74555557	550983.03446298	699280.49965376	506413.92014392	655886.61367348	187417.66143716	199613.38269296	630914.88789520	574599.89973743	232999.62350031	403620.97844319	363718.64387137	471502.79924869	277029.80199192	578448.40117578	581616.53806603	
658469.51596112	184107.44260509	547148.88249744	149515.51594615	54644.02846312	52116.67887297	415503.74955455	173862.04315458	287619.24791387	213819.69873136	125566.15764128	211655.72751557	280119.81314998	550983.03446298	699280.49965376	513279.81150306	655886.61367348	162165.38907539	152755.72020963	690228.85167270	574599.89973743	232999.62350031	411428.05800189	241749.42226091	324470.79117092	214444.79271832	557750.39014614	574956.10424323	
632290.59576278	104649.88964778	538486.34695900	149515.51594615	9265.64413722	52116.67887297	297651.04778801	127997.98901831	287619.24791387	202393.12131342	203469.24054751	211655.72751557	280119.81314998	550983.03446298	699280.49965376	613863.57479585	655886.61367348	162165.38907539	148977.64958365	569373.05533437	538601.80707257	235496.75225624	546744.92122755	241749.42226091	324470.79117092	235002.26521083	691067.67301667	574956.10424323	
550953.99924725	128271.24157046	460325.40342462	149515.51594615	106951.61570872	182680.80155021	367567.39681584	80174.51226682	208453.78277892	202393.12131342	136681.74064644	211655.72751557	201978.79633354	550983.03446298	555902.97187428	643479.06989877	644182.56646623	235706.79320500	197263.27524438	626295.00364978	451658.17480031	98820.72191851	626795.11749788	241749.42226091	324470.79117092	235002.26521083	617038.03072313	678679.82116728	
550953.99924725	249543.94530969	365967.86553232	149515.51594615	106951.61570872	105872.62724599	367567.39681584	87321.85885417	120036.45362183	202393.12131342	107403.75214567	211655.72751557	167053.84918063	647669.64525756	637852.32569036	571868.99472532	539946.68093979	235706.79320500	305579.63544266	626295.00364978	460444.13528871	98820.72191851	626795.11749788	352118.82851166	435886.50209141	235002.26521083	580984.09520455	678679.82116728	
454050.49189670	190759.57279451	382347.78861135	149515.51594615	223740.61499808	177454.71306053	235753.05445132	47399.05701058	237741.31309836	162742.51158012	170656.32983023	211655.72751557	60103.79079009	614238.86435991	598472.40466353	501240.58414989	659720.86707714	235706.79320500	256845.60883393	676049.75568936	460444.13528871	208885.97081248	585896.18681824	223739.57433389	442774.68234205	235002.26521083	580984.09520455	640717.24821842	
554108.73199154	75629.29702346	473165.07140019	149515.51594615	223740.61499808	170690.81303170	243903.27740917	47399.05701058	90241.65299771	123972.41933526	260286.87721003	143257.50795339	60103.79079009	614238.86435991	598472.40466353	522614.31359117	525807.10747538	275473.96387645	317039.72531947	676049.75568936	357042.09704127	147902.74127472	601518.91796242	134583.24232005	418248.39815086	244838.30958044	604832.12719995	640717.24821842	
446583.68854661	118880.53082092	473165.07140019	107751.29560984	90146.26730725	261344.14227146	243903.27740917	47399.05701058	238269.38323721	123972.41933526	254053.90563210	135844.05021698	15906.43990035	614238.86435991	492470.69719988	396285.03015226	563853.53376257	365925.33087378	367698.70667740	532450.99939831	301854.38453579	231089.30637526	569496.15778276	172719.07589767	475716.78205432	244838.30958044	679247.99230525	640717.24821842	
446583.68854661	118880.53082092	473165.07140019	107751.29560984	90146.26730725	204058.53918391	243903.27740917	141039.70633222	125317.14676062	123972.41933526	325747.59955341	135844.05021698	70040.88973304	479905.39453646	456424.32083219	272596.42555625	563853.53376257	386672.48181372	338685.45429817	560553.42850403	331715.09241751	334106.28053502	569496.15778276	237427.55882546	409436.46292458	244838.30958044	573194.59273942	640717.24821842	
446583.68854661	242076.47639915	324591.97016363	202982.48635672	189703.19948280	113404.30088711	305565.51499556	162188.92907172	20637.96167598	123972.41933526	388139.10511604	135844.05021698	217718.29796990	345972.73124837	456424.32083219	272596.42555625	576089.99205159	350954.84742522	194420.58323328	675273.10838735	331715.09241751	334106.28053502	600488.48328254	284845.28592671	409436.46292458	244838.30958044	488691.34826149	640717.24821842	
446583.68854661	116682.80287220	268070.45197388	64779.91876276	189703.19948280	14799.86227867	157578.17741433	97703.27020589	123059.09102704	123972.41933526	368032.70290173	236186.26271332	131998.62732725	420760.64700499	452716.39820534	219027.42203046	450722.49756687	316399.38388379	309509.94891443	651711.88697004	188712.29690433	451694.60735635	600488.48328254	220730.39133277	412755.19672561	244838.30958044	359448.51029781	582135.56955056	
446583.68854661	116682.80287220	169017.28640046	64779.91876276	68945.53297916	129074.91018475	157578.17741433	143205.38918765	221210.81179825	184449.76168916	368032.70290173	236186.26271332	96666.72933031	408843.06225172	452716.39820534	213198.12517269	519755.72834219	286538.12981830	275677.90721725	559340.40788354	241265.63707561	363444.76483662	600488.48328254	367859.69820441	412755.19672561	244838.30958044	396606.09479812	628550.86042159	
382529.57809172	147555.40659429	203118.47405238	199625.58316123	113912.30739194	131742.19439441	157578.17741433	269194.30841980	221210.81179825	220103.94306959	410329.64666171	236186.26271332	131076.80186669	478663.10079163	540599.74650207	278341.95207715	421066.89717728	236912.27306343	346474.50570280	462357.26983611	251773.77874812	441056.36347501	600488.48328254	452316.79785281	557502.86409301	244838.30958044	318782.95726404	628550.86042159	
358354.09657241	250041.84666167	222707.81497601	199625.58316123	260925.59424744	192051.09787001	192581.76298884	204378.46161264	125113.72792178	152696.89109375	332674.26432789	236186.26271332	131076.80186669	587331.48527451	499342.97436740	417793.10114239	382139.03746369	265069.06668410	291996.20202992	352826.73165873	196528.63606221	362263.94789504	623455.02063420	345417.73649198	592828.59230444	244838.30958044	318782.95726404	628550.86042159	
411566.91362361	324697.20739565	341154.17437486	199625.58316123	248281.64739115	187353.93878363	152575.83737538	282449.93110314	30796.42398069	152696.89109375	396808.75586360	236186.26271332	8679.89150417	546303.78657149	499342.97436740	350433.56475380	382139.03746369	289100.18374295	411375.82304226	368283.79086281	180916.09414001	362263.94789504	677136.05884934	344997.09291636	531810.99487505	244838.30958044	209587.98265588	628550.86042159	
411566.91362361	271791.95554135	341154.17437486	199625.58316123	347755.03216841	146158.40377250	144568.63929075	282449.93110314	115951.12117159	152696.89109375	255733.01660333	236186.26271332	22259.15749787	546303.78657149	499342.97436740	305664.45621009	382139.03746369	408080.55137060	490215.20749094	382082.70969804	169908.16258097	493208.82829271	551651.43473368	344997.09291636	544996.92085907	244838.30958044	209587.98265588	551294.71533762	
352081.17422483	271791.95554135	313710.14401113	199625.58316123	440634.30517300	6236.69771120	149834.89949084	216856.93397147	9152.43422062	152696.89109375	298151.94317449	236186.26271332	22259.15749787	510510.98584182	369336.11595749	305664.45621009	362649.09271610	362519.83159419	490215.20749094	331167.17583226	169908.16258097	440898.89467023	409004.75918266	358609.01372361	418093.14965652	263315.62937752	72108.90335357	551294.71533762	
352081.17422483	186832.37041944	313710.14401113	111973.44063321	440634.30517300	111949.98661500	72140.42168395	91404.01571260	9152.43422062	152696.89109375	288687.04729293	236186.26271332	22259.15749787	510510.98584182	369336.11595749	305664.45621009	362649.09271610	288299.33030970	522411.72008917	265524.17402719	158098.10755673	430338.47044269	558706.74772315	339473.65694220	561411.69300007	263315.62937752	152581.76648505	517544.66796897	
288291.01587736	76060.22613252	268787.42041322	107431.66521012	440634.30517300	201933.59837679	72140.42168395	142325.91356245	9152.43422062	45022.48586759	197489.99291754	236186.26271332	22259.15749787	475651.40671186	386411.34553217	260457.90672226	362649.09271610	429337.25419216	649333.40436128	238254.73527578	92690.42709817	431055.35702429	592017.53692998	330643.29006789	561411.69300007	281314.28112792	152581.76648505	656367.51758496	
344160.85232162	76060.22613252	223046.62155262	23065.76817033	386674.65112498	201933.59837679	72140.42168395	125559.82916581	32222.06176259	35903.46864858	283739.83889750	187470.72285933	22259.15749787	486781.86918762	454853.53738271	196437.33423383	389505.61848383	382250.64474079	649333.40436128	238254.73527578	197644.43107974	309752.51712370	651880.20749337	330643.29006789	452566.79751708	294848.01984929	158757.41418744	656367.51758496	
344160.85232162	46912.80773289	158681.11988611	23065.76817033	477746.43926524	213721.16425391	120659.12574264	125559.82916581	24575.32738599	24241.62550904	174038.87478285	153774.42981736	22259.15749787	621481.05406068	356406.62388179	196437.33423383	377787.66078737	425453.48888707	505538.23883542	301747.12404845	328198.27735772	364157.05253044	651880.20749337	342886.61877698	517811.36661384	259906.12705950	107750.15527867	656367.51758496	
310447.13153371	86012.56937315	222360.93987098	23065.76817033	424518.36318235	200650.75651068	120659.12574264	250088.52113825	45440.55414371	24241.62550904	193520.24940690	104579.81747645	22259.15749787	630474.51037832	356406.62388179	260372.05723864	438001.49995129	351298.37225149	455350.10022373	409136.56913674	234400.29140629	425384.59039345	651880.20749337	440600.67540455	517811.36661384	365811.68012428	22858.41631156	656367.51758496	
310447.13153371	4939.51371084	128796.45821830	113678.68091303	281073.19335039	347381.69967098	120659.12574264	356286.00105567	57384.86959928	24241.62550904	289758.28319799	104579.81747645	22259.15749787	630474.51037832	356406.62388179	257793.18762030	445075.14263780	442954.82778938	498725.80904051	495003.39141745	158415.26035604	415322.82892811	583035.73914864	311868.17793600	523579.03449274	460722.22644007	22858.41631156	656367.51758496	
270403.94373760	101532.27741433	166321.49382232	63298.21306937	417395.39233361	220024.38467314	120659.12574264	356286.00105567	57384.86959928	40141.53483035	328580.85405239	104579.81747645	22259.15749787	630474.51037832	435446.30036661	281732.05778840	334257.89694737	442954.82778938	498725.80904051	613190.33913288	158415.26035604	527027.75809430	653040.45667975	306873.68178530	524102.14028397	368760.52766919	22858.41631156	656367.51758496	
270403.94373760	80351.88403280	183505.44229540	54455.81896964	267972.29046645	125913.91812280	120659.12574264	399206.23111090	57384.86959928	62228.75543622	464732.63625266	110737.47927838	22259.15749787	590220.11254959	448406.85911565	341232.55225344	334257.89694737	442954.82778938	544487.07232794	577458.53414970	163985.80355267	477980.25104280	653040.45667975	306873.68178530	539713.20495447	339172.49478686	22858.41631156	646741.53285113	
215867.55174384	140783.96950317	73181.96010567	103632.17085925	264911.08887724	25634.79416552	120659.12574264	399206.23111090	85753.78640771	70068.96489191	402787.06949728	110737.47927838	22259.15749787	590220.11254959	332042.75611105	202562.59932947	450176.07619360	302478.69063683	606809.70524092	691483.31664361	163985.80355267	464872.77973619	653040.45667975	306873.68178530	581685.04937476	350404.38582538	151088.22641847	646741.53285113	
234397.36209024	152526.69537060	27675.54108453	156591.51930292	160526.47396599	106769.82473791	120659.12574264	371614.46861487	20009.84430614	96772.41222026	433733.45469305	110737.47927838	28620.32731414	450391.53608132	456706.04600563	301361.78846340	437579.12074082	198257.32080057	606809.70524092	691483.31664361	216767.05519289	496283.82429152	578242.13441597	337307.45297887	681628.89682105	234374.08230154	67249.51354517	635087.24486396	
273571.06195178	25388.73046420	27675.54108453	65980.18440192	225530.59882075	185737.40494106	77973.27734193	244763.97004128	142214.39321001	96772.41222026	483430.27825516	121470.50006071	64160.90263226	450391.53608132	470220.37726679	275035.16778418	429613.23169942	208935.40660166	661260.93179448	623812.43247689	319702.37786922	536327.63094068	613853.00737233	296837.85193897	681628.89682105	203423.43869782	86708.12362968	635087.24486396	
395136.16182881	92700.24900000	27675.54108453	147103.67862107	90954.21566783	298501.82276701	185633.15723806	158506.05551795	226480.23988893	96772.41222026	520766.28322484	181143.30169811	64160.90263226	568910.13398135	395813.88799122	362835.21521282	465057.64124789	238179.01151047	542976.31711205	623812.43247689	319702.37786922	477683.55381693	508314.08271327	263081.35218823	675057.24480973	203423.43869782	153435.71006918	635087.24486396	
381670.25851088	240158.65125086	84866.57369402	147103.67862107	74589.81263460	252844.56367043	264054.72227033	292230.39655233	124339.80301926	96772.41222026	520766.28322484	160095.30996449	64160.90263226	589966.57125734	395813.88799122	341323.68193710	435100.00875118	236565.46511967	401495.88787043	623812.43247689	362434.61749523	585558.12115466	377465.58113245	359701.81730027	599177.92323374	203423.43869782	90205.94703472	635087.24486396	
381670.25851088	99894.98157974	3396.01825248	134617.92465738	192797.42952867	345053.90890854	264054.72227033	280730.40804015	4089.90252440	150381.17513034	564580.18423210	185813.63724673	64160.90263226	589966.57125734	482529.13444321	264445.30120589	465046.87748218	236565.46511967	317694.38509819	635521.94288067	343835.52876936	545623.58378568	501875.15744560	359593.56497184	645824.89438444	203423.43869782	90205.94703472	602850.93021477	
418594.16933687	43662.00571012	3396.01825248	134617.92465738	263321.98454158	327673.97007017	316281.57401747	366867.64821169	4089.90252440	158182.89582524	588725.54711909	185813.63724673	64160.90263226	589966.57125734	482529.13444321	168290.55147099	410471.42715184	283916.96718706	466499.79711589	641296.21592166	336903.25881570	464968.39279348	442087.55536557	220992.98031340	594254.46237695	203423.43869782	72255.61168132	602850.93021477	
477418.91742765	118670.10145974	48796.98185241	161713.07150636	402105.19153418	340826.75225715	316281.57401747	365420.17095337	4089.90252440	158182.89582524	588725.54711909	165382.90558573	64160.90263226	499721.93692410	482529.13444321	168290.55147099	431212.94013634	214857.62839012	466499.79711589	518251.55490396	336903.25881570	524510.54240846	424096.80649473	220992.98031340	667891.52930314	203423.43869782	72255.61168132	602850.93021477	
468749.91235838	141431.56409117	94252.37517798	161713.07150636	402105.19153418	358409.27439911	316281.57401747	512481.62793669	4089.90252440	158182.89582524	588725.54711909	165382.90558573	64160.90263226	580389.13461164	482529.13444321	168290.55147099	303939.68628028	214857.62839012	503577.90028160	438384.14791642	336903.25881570	614513.54848947	449174.96385576	220992.98031340	619145.12887975	203423.43869782	219809.59600383	666510.35005188	
340552.13646190	98272.31128583	94252.37517798	174270.95841769	402105.19153418	336283.36954778	316281.57401747	512481.62793669	4089.90252440	94553.17428878	565495.19999299	165382.90558573	64160.90263226	580389.13461164	415315.88856077	280551.06755317	176321.79421841	359652.20729756	578262.74221466	451073.49187935	336903.25881570	614513.54848947	411377.06198107	163818.52492568	601359.57770509	179906.72265679	205890.97413956	699534.45366121	
340552.13646190	42478.67303418	126431.31069754	53390.31175856	520068.46212874	336283.36954778	316281.57401747	382628.58403474	55905.30069765	94553.17428878	446891.45116153	165382.90558573	87685.73413104	538437.03358144	430320.83888213	286191.50368767	176321.79421841	256961.34661954	578262.74221466	597187.70491103	322242.79647623	681902.47818393	303947.14727707	163818.52492568	601359.57770509	243668.70874152	334513.71513076	634291.43240270	
334026.62525006	88663.86839093	88086.92584538	53390.31175856	371037.81284115	235246.11016820	256349.92018070	381166.51482834	28891.76285054	94553.17428878	381443.17820710	166060.55839095	87685.73413104	538437.03358144	352201.43071363	416432.22622959	176321.79421841	144192.81936937	671305.64342290	452920.57202654	284597.79339242	681902.47818393	303947.14727707	184944.75731293	451541.39201171	243668.70874152	403559.11409960	591090.05423978	
334026.62525006	88663.86839093	103097.13232132	53390.31175856	301549.72889279	200376.12982685	256349.92018070	378460.10752534	28891.76285054	33802.52737352	286076.07018351	32166.71633551	112144.67793498	538437.03358144	352201.43071363	354584.28734212	214848.21523195	69253.84260337	671305.64342290	500643.85621550	284597.79339242	603354.59051081	154866.47264029	184944.75731293	548144.98092604	208741.70831879	479473.51615032	673613.77428281	
261933.75812581	10073.15969871	93993.10314447	53390.31175856	177528.50584590	120501.50729015	216080.89965075	401117.96576312	57110.04239378	36846.27132989	324900.36078014	32166.71633551	23920.46417131	655104.45922301	337864.25610559	487264.31691132	353188.15228581	91530.01736401	675971.46002161	440608.52807349	284597.79339242	603354.59051081	154866.47264029	170955.33117364	494913.72827444	208741.70831879	544041.51739480	673613.77428281	
330285.02151681	156907.90023821	95420.56803374	53390.31175856	173920.15015712	209540.39475693	230595.15954511	410987.75641287	102316.33040189	36846.27132989	301394.54525677	32166.71633551	23920.46417131	655104.45922301	337864.25610559	450924.75050327	370442.95262244	91530.01736401	640304.65890915	414630.13246904	284597.79339242	564683.67052960	171667.95928249	56769.05320255	568370.66368722	208741.70831879	589787.54101782	673613.77428281	
329171.52454017	199846.53337987	120398.82835168	53390.31175856	111517.28103080	355658.79604893	251916.61378473	417188.57530788	102316.33040189	36846.27132989	301394.54525677	51300.42796004	115314.34834483	655104.45922301	337864.25610559	408967.38532009	407705.85220086	91530.01736401	699755.27478845	414630.13246904	284597.79339242	491457.77108073	277686.89648641	56769.05320255	500474.71750163	197072.18696107	589787.54101782	679981.20039172	
329171.52454017	243914.75903654	38984.18700645	53390.31175856	193762.47255781	264370.39518201	251916.61378473	473919.88199889	150475.26666620	36846.27132989	168232.31278964	94784.46776398	110701.58050027	512318.32393508	337864.25610559	283227.10605496	547620.10059096	91530.01736401	681273.78607093	298979.02253640	317621.82456650	491457.77108073	346528.06706217	46244.39302010	609986.76787832	158161.04071854	589787.54101782	687736.04400677	
329171.52454017	139957.09081212	38984.18700645	53390.31175856	122605.34553870	172986.73533783	251916.61378473	473919.88199889	35733.26833166	36846.27132989	106049.36700043	94784.46776398	1506.60427483	481289.98470912	337864.25610559	283227.10605496	524859.74911581	91530.01736401	691475.75418624	298979.02253640	391784.71444184	491457.77108073	371496.51515554	46244.39302010	610538.66816317	158161.04071854	600971.94838315	687736.04400677	
329171.52454017	240889.44192297	88369.62629206	53390.31175856	145978.88404294	31359.46384617	251916.61378473	451321.05559811	72232.24476294	36846.27132989	255527.76120872	94784.46776398	1506.60427483	503075.48917553	477311.71226454	283227.10605496	424049.83913461	91530.01736401	691475.75418624	152235.47124257	459748.07852133	491457.77108073	351406.44548608	125092.26780485	470572.83051149	158161.04071854	600971.94838315	687736.04400677	
433649.65706925	240889.44192297	49980.91294743	53390.31175856	260298.92520878	58933.09985858	343601.16754343	451321.05559811	38633.99859685	36846.27132989	218656.50396944	94784.46776398	1506.60427483	560784.60373999	477311.71226454	353881.70975788	341959.95861951	91530.01736401	672052.79020763	118334.90532170	464275.97865958	561932.00782294	262499.65988041	125092.26780485	430143.59324576	255231.02211652	520165.19673747	687736.04400677	
351327.11357872	218445.51272563	49980.91294743	24411.66021129	197051.99264362	58933.09985858	195935.41061576	451316.53683442	3920.05033708	36846.27132989	240728.83083059	132023.43108210	146886.11360748	463252.36814838	619359.23949237	324225.79165443	350046.68608579	81814.36857050	672052.79020763	70363.22572129	574021.84233466	494548.71219051	243001.95139061	143673.05680218	484406.70575639	229320.67167144	413211.80968523	687462.02472780	
489661.65274404	287861.37451853	91004.88471441	24411.66021129	235215.50929400	58933.09985858	335637.38047036	451316.53683442	34313.45055239	71706.63058523	189800.17927240	132023.43108210	200306.54087765	417803.30406415	550807.56613527	373406.06479696	309121.82217172	81814.36857050	672052.79020763	147700.15045747	612393.65805791	494548.71219051	152918.24338669	143673.05680218	387023.91261463	236940.91738016	413211.80968523	587063.33645944	
489661.65274404	139699.42594418	94883.33251788	24411.66021129	314678.77022027	144416.10458822	434478.28133283	451316.53683442	34313.45055239	71706.63058523	169963.47044422	168653.36282461	121648.55119915	417803.30406415	550807.56613527	426158.71977925	211405.26340120	81814.36857050	526641.62159032	239182.81769518	658031.20238412	494906.31483314	152918.24338669	143673.05680218	387483.80247152	236940.91738016	331262.12846811	621983.41613051	
542709.48434769	134900.18169241	102451.92294405	24411.66021129	275109.00250345	118416.95744058	476189.88109225	307551.29540097	76406.49067298	66682.83192227	96419.32433853	57251.98246125	251546.10905728	417803.30406415	550807.56613527	341131.55625321	325074.86986459	81814.36857050	652979.77547238	184826.11739520	526380.57094342	494906.31483314	192626.06860526	143673.05680218	258896.19133216	236940.91738016	259021.76604980	575820.50985383	
542709.48434769	63361.56583702	159222.63543678	24411.66021129	183369.55781507	118416.95744058	402781.77171531	428092.95048617	76406.49067298	38290.31354736	65782.23301301	57251.98246125	245197.92883097	509132.57764748	550807.56613527	432139.77913230	458764.32571022	180884.94708055	652979.77547238	184826.11739520	526380.57094342	430183.98037178	306747.71001791	181647.93718492	294257.01584531	233451.34651087	247930.68039619	575820.50985383	
439918.99343709	63361.56583702	183363.36079427	24411.66021129	148944.67274377	63944.36852390	402781.77171531	428092.95048617	49926.34096105	38290.31354736	65782.23301301	201586.46776259	192375.02051208	362644.44604933	550807.56613527	404245.46148283	428133.30799443	216449.54003888	652979.77547238	184826.11739520	526380.57094342	430183.98037178	402580.35132943	181647.93718492	442991.88364388	233451.34651087	296739.27427460	625914.18505857	
477728.38344015	63361.56583702	183363.36079427	24411.66021129	55984.87083668	124460.28376472	396730.27695590	428092.95048617	86806.25605707	38290.31354736	52464.37183960	201586.46776259	192375.02051208	285165.82605892	550807.56613527	461217.16232711	539873.99069973	254042.35496300	537404.57413624	184826.11739520	429901.35353418	447203.58020089	287320.47693336	54339.60908315	501550.80218690	233451.34651087	394326.28938711	695199.19600536	
513888.05931104	63361.56583702	146709.67120471	24411.66021129	55984.87083668	124460.28376472	384349.63527943	434842.27371130	12253.91596617	25302.87232022	97152.93915436	201586.46776259	266846.11437743	321866.68714716	550807.56613527	379297.00301539	407017.35382508	288832.56085227	552701.60776803	184826.11739520	434697.73575447	447203.58020089	212330.99110326	155291.86955664	490533.62888445	233451.34651087	299577.15527207	621392.90995817	
369810.61524372	77003.10044064	133748.28816248	143475.46358221	104387.72851146	91527.42831364	387500.03547724	310458.52216640	12253.91596617	25302.87232022	113002.12741333	201586.46776259	217151.53406744	449595.81270499	550807.56613527	379193.14243804	505344.44341044	311181.74623048	654082.84171098	184826.11739520	434697.73575447	416911.59990354	151835.24750578	159577.02228524	490533.62888445	233451.34651087	390375.20253458	621392.90995817	
369810.61524372	165765.49604445	261816.08591831	42504.79284618	188947.36604175	91527.42831364	387500.03547724	312466.63085247	12253.91596617	25302.87232022	113002.12741333	201586.46776259	178561.04851722	510807.31183944	435608.96488609	481477.25079060	640390.88203772	311181.74623048	654082.84171098	240222.84523355	434697.73575447	327043.94397344	57646.27581894	159577.02228524	419872.03373710	233451.34651087	305134.62750889	621392.90995817	
394620.79280632	177745.69403496	393771.25613407	141309.82004463	74089.03990597	208162.40716761	317023.55372257	312466.63085247	12253.91596617	80005.51042866	87191.51442052	159160.94609408	95909.35784292	362168.75547551	577615.11296645	591621.56139540	549317.59062595	311181.74623048	646332.72756351	321344.86331751	339691.56049654	327043.94397344	59436.46439521	159577.02228524	436409.40754980	233451.34651087	305134.62750889	548551.90946510	
394620.79280632	41247.18788142	432600.54185866	26889.65615192	197108.79798565	265689.83048430	317023.55372257	312466.63085247	12253.91596617	80005.51042866	172185.10175726	164112.41365983	224007.95833432	442037.50795784	577615.11296645	607166.43311165	442562.43516433	354435.04112985	646332.72756351	345980.52117110	339691.56049654	327043.94397344	59436.46439521	159577.02228524	510250.48231533	233451.34651087	344394.37347638	621527.51768809	
324714.77282960	131646.67716796	325613.21452001	6086.00321341	187393.80392886	154662.43619988	240098.57381608	270293.49266820	12253.91596617	29143.43137931	281126.27121128	38362.52799695	224007.95833432	430468.36818788	470855.12653031	513146.27446149	365681.21522762	477708.34555856	646332.72756351	198170.79466315	461152.42552871	316909.95392902	59436.46439521	170038.83765026	510250.48231533	199801.04404504	375977.19022533	621527.51768809	
446008.92937440	216739.41026424	325613.21452001	156062.43250288	269630.28003113	128709.27702370	362502.23637993	169353.48426297	12253.91596617	29143.43137931	361365.81475289	38362.52799695	240577.17949983	477145.06172881	470855.12653031	541425.02302341	357811.71409012	594757.80895145	646332.72756351	219251.54051466	445516.75520834	316909.95392902	175716.67417610	64840.28902146	510129.73854781	136203.94301527	375977.19022533	554715.28013186	
446008.92937440	160533.05930226	325613.21452001	98331.90923261	286824.11104560	28318.50455095	229900.39078863	308872.36860423	39169.63196495	60432.65954449	223832.18292522	38362.52799695	279291.87640146	551106.07698238	470855.12653031	615240.66625488	429272.71896450	651053.59438540	509170.77514175	196248.02159963	471925.61804164	316909.95392902	253516.64679688	144854.19784780	469367.54248586	136203.94301527	310915.02695297	602212.46324223	
446008.92937440	294358.69417928	194760.70680507	75495.61310202	237915.82928293	28318.50455095	312022.70369788	183665.51769122	114714.35346460	60432.65954449	314030.05159752	81798.90936901	279291.87640146	551106.07698238	478838.92102050	553079.08030646	523196.56508223	583617.02644634	655382.41582635	200873.96656880	605000.47903772	201173.32879826	192776.59946111	135016.86017259	436377.52920607	183233.08485028	310915.02695297	602212.46324223	
426598.19908345	282619.65969379	145865.52473040	75921.90932085	158957.45976617	121519.34155812	213251.86030333	36739.71130435	145132.65686102	94342.11070841	318189.87495418	81798.90936901	279291.87640146	498522.68025537	478838.92102050	448748.32762628	642241.28734565	583617.02644634	675031.88794197	200873.96656880	552680.86769276	203855.58124552	246651.60549061	135016.86017259	436658.07132901	183233.08485028	385395.93997012	579845.07964813	
393860.52166251	304013.85882627	177301.18510124	215487.05393846	56446.91118023	24801.82743478	179828.65693950	153253.72803364	205993.47483414	94342.11070841	261142.07358857	77655.39153159	279291.87640146	559179.90381659	478838.92102050	375659.42524195	670352.66264458	644993.50569110	611280.32914990	144504.03085306	484249.48326122	346160.95113930	320938.48430306	135016.86017259	415291.51777325	100230.86960898	501938.65237853	600970.29130172	
444395.23978790	249134.94497272	161091.85435035	277887.42164785	56446.91118023	25510.83734789	179828.65693950	292644.51713435	75406.07490062	94342.11070841	187442.84501586	78246.21560763	320289.35679581	553330.19662810	478838.92102050	471083.18961637	670580.11262880	585180.52037763	499441.14815430	64970.06219101	519203.24507818	392471.17543105	390942.25561005	135016.86017259	415291.51777325	100230.86960898	465962.30019337	602085.81777228	
427379.40054148	211480.71953610	89259.27464590	256261.09941041	105269.01787498	25510.83734789	106394.59722084	292644.51713435	57522.77901229	94342.11070841	178840.16935054	78246.21560763	320289.35679581	553330.19662810	549236.72467015	384421.66623579	626320.84614629	592946.74448258	637140.54975863	64970.06219101	488950.83473467	315309.17564636	404129.90569812	135016.86017259	538193.40875044	100230.86960898	465962.30019337	602085.81777228	
427379.40054148	253607.81085349	200563.76811260	233300.09686498	105269.01787498	25510.83734789	106394.59722084	292644.51713435	112756.64314141	94342.11070841	34155.07036833	85263.80536358	183500.02545438	584483.40065111	460440.88706118	422238.64164259	570250.62427079	551862.29791720	513995.04369149	64970.06219101	632901.15318921	315309.17564636	391415.02450093	135016.86017259	427560.56174609	100230.86960898	455782.07277857	602085.81777228	
344224.15745012	202578.19995557	74828.18010115	311986.49985286	61120.43094395	54492.59485841	222452.08086312	292644.51713435	80936.77439771	94342.11070841	34155.07036833	85263.80536358	278267.98394704	584483.40065111	406232.13347511	522092.10213301	427361.88082200	610066.47097167	457826.76077573	64970.06219101	487154.45213494	359355.69200151	247003.30785722	177441.64277950	336804.13145071	100230.86960898	455782.07277857	698729.66214533	
295717.77086153	325664.84557724	189210.37923391	186257.17967904	61120.43094395	54492.59485841	217913.55876897	201519.80687005	80936.77439771	130927.55551777	34155.07036833	71535.84739705	227427.83158380	584483.40065111	521072.91457474	457905.46421209	392937.93719070	689290.62614707	356668.23659573	159342.96095678	469984.71781212	425616.84407144	298553.31255172	177441.64277950	336804.13145071	100230.86960898	382144.46033528	587877.48802147	
342748.25406267	409796.11822484	67245.76508220	93213.75055337	158353.63541599	54492.59485841	82903.10921150	343705.02324539	15573.46494115	30922.09824055	149560.48314304	71535.84739705	244059.04194224	499543.23136629	460979.90347503	581897.88726274	542579.03060110	695394.33852031	470475.50431239	258097.04086299	557164.67280942	551602.92048227	218678.48737297	118545.27002014	404194.58732101	100230.86960898	430542.59304366	542928.75845292	
342748.25406267	382519.91448830	181715.02471329	191619.52127436	271143.62718467	188461.25445629	82903.10921150	343705.02324539	114260.58037010	30922.09824055	2530.00092438	71535.84739705	308607.73336320	436751.27421830	512400.79986841	542290.11555607	621890.20746576	695394.33852031	423041.42480955	258097.04086299	677839.59569419	639548.66679749	362282.14711154	112360.22976779	437012.86515537	100230.86960898	348564.47674360	542928.75845292	
342748.25406267	530658.62079954	192851.60812940	196255.55050124	202662.49056667	188461.25445629	26849.48332785	263907.35488855	234602.79544307	30922.09824055	2530.00092438	71535.84739705	308607.73336320	357292.63040582	472385.97227737	542290.11555607	621890.20746576	657088.74732772	487259.80518245	326275.17510553	684156.46988617	639548.66679749	300761.06894989	246720.87253295	325475.49377948	100230.86960898	348564.47674360	423313.29673873	
407860.02771850	515454.40112826	123220.20832396	291880.67483469	158375.06006597	268603.06636265	155607.83096503	353565.55607064	234602.79544307	49329.87603794	100433.89625365	71535.84739705	308607.73336320	343550.24869636	472385.97227737	534691.32688526	694469.12929643	637924.83518614	469808.58336791	326275.17510553	606013.99434714	569773.65231417	255177.89000914	112136.12200816	289253.37770981	84649.24388775	413088.78487455	459741.86465445	
433553.33572830	444132.15980649	267564.15843462	142588.71984996	219617.69081035	140507.90660668	213821.17872501	450849.55296948	214848.09775330	49329.87603794	249687.40810136	77247.68811501	219253.65312181	343550.24869636	472385.97227737	560796.18588442	694469.12929643	490449.08501527	455024.83733407	385063.11144823	693667.82302682	664935.96336818	362075.67615597	100941.98910787	289253.37770981	93464.66973326	280008.90649499	494307.00011544	
433553.33572830	385753.89862463	215723.25811864	29238.07937111	241402.37895353	96631.51579211	322000.12477991	312714.94381226	214848.09775330	49329.87603794	143797.29794361	77247.68811501	155372.99440524	216668.62128175	527680.33127300	668382.86743533	665330.02092389	532264.59667774	523787.08312938	335216.35442820	693667.82302682	614039.49533265	426819.57204459	179948.02792758	180748.40322042	93464.66973326	193662.32913898	358551.28905457	
526962.24519055	338728.74559759	311058.05409727	155504.98568796	190814.52022889	156585.10673765	324842.28918685	273225.67730337	214848.09775330	49329.87603794	143797.29794361	77247.68811501	163880.79365433	85842.73583355	527680.33127300	647334.55785075	665330.02092389	640149.71598694	405065.46709911	194871.55742759	693667.82302682	632937.38580340	463753.42481014	205139.21395791	180748.40322042	93464.66973326	176939.29248187	369763.69415846	
502483.86945094	338728.74559759	165100.12633961	264102.49201655	217029.46003268	156585.10673765	202777.69787260	393012.13382988	252623.65609585	49329.87603794	143797.29794361	77247.68811501	171211.00861025	109426.33139560	525289.81916417	647334.55785075	635066.88164652	634641.55079398	407451.60876196	297498.61457439	545589.37760933	567484.81958332	531838.11235248	260791.77470213	189774.92208565	93464.66973326	176939.29248187	369763.69415846	
502483.86945094	284565.02005785	205235.30503306	202609.62125778	343337.92864828	56469.10335228	196874.43541269	488208.08714080	132439.72194180	27926.02673104	5364.72692243	77247.68811501	103113.62293612	256827.15369922	653537.54429275	504460.72746829	635066.88164652	514150.70652955	517351.83442247	277024.64980031	457272.87573727	567484.81958332	554862.72445707	309135.78579770	307457.46710958	93464.66973326	232817.98399348	305746.64067309	
581425.18103426	303115.78592812	146736.36889537	116096.28759267	343337.92864828	70359.51426818	218269.26927842	482281.86327880	113780.43082880	47529.27495588	80600.95279560	29095.59817804	13580.21367365	222976.77301753	653537.54429275	588522.91727404	635066.88164652	406046.41667643	482347.21388307	377337.02678746	425912.48242690	698338.28810868	533041.24754296	205659.71248668	335713.49733424	93464.66973326	115619.21652802	305746.64067309	
578862.56272618	303115.78592812	273893.43354779	116096.28759267	324922.96639496	129575.87510457	146017.91262089	350448.49219747	113780.43082880	47529.27495588	80600.95279560	84211.46259630	13580.21367365	149419.84779051	588818.57144345	588522.91727404	593037.07353189	460420.92208935	403449.36421766	417400.64725588	460757.63497917	550174.65735498	533041.24754296	180639.92725814	461722.66259821	93464.66973326	156690.73409818	319958.05916990	
582076.19029052	344294.88939265	368827.77459691	93880.72290874	232522.86293677	129575.87510457	90952.04590401	457150.26732002	113780.43082880	47529.27495588	133930.04953079	84211.46259630	11820.29122078	146241.01302505	584416.76384448	537008.46502502	686682.38347457	576765.84363703	470314.28692376	422497.70070055	469790.26897849	550174.65735498	646568.46861800	162344.62611638	541666.00432670	93464.66973326	252769.71924446	299485.86046160	
432580.74132661	221867.42288457	253958.18643774	203451.12013451	162891.61217758	16333.00524452	172476.68210126	371852.35943055	49279.79958118	48789.40591898	272957.13720521	84211.46259630	11820.29122078	175837.59225848	614456.62158032	405946.22037822	686682.38347457	576765.84363703	554864.13410285	446685.45183882	357785.70877090	553229.95782161	646568.46861800	162344.62611638	433131.57759056	93464.66973326	215708.97660201	275256.73482905	
473841.07679993	282689.76910032	110949.33578630	230547.85291376	23028.15757854	156306.00653888	167050.64128267	386474.14403631	49279.79958118	48789.40591898	255878.09845215	84211.46259630	133365.64820482	266349.09053808	629626.70595956	501443.73266676	686642.99524002	507713.38350966	615905.50409498	417014.44235485	282041.23201433	652629.85478921	646568.46861800	162344.62611638	556810.18428986	93464.66973326	182938.96790868	375291.37399103	
599802.24410631	391927.92487174	110949.33578630	230547.85291376	151126.69187333	276154.71493568	125641.18647081	249597.95032710	49279.79958118	48789.40591898	329004.99803841	84211.46259630	18334.40339805	300927.83363272	629626.70595956	472705.28088717	686642.99524002	520104.83580244	467291.40441582	311080.24924543	429045.94409203	536198.23538471	538853.05040801	266194.68010873	462546.93231092	125630.88442867	225018.61350562	375291.37399103	
599802.24410631	305799.91063295	227793.60070086	161849.49231432	1811.41087838	202234.83325297	90861.05348969	270274.20877074	49279.79958118	32989.81005423	390438.41140680	84211.46259630	84061.00283047	261124.49291158	682134.71900736	599409.29002069	699475.34513107	551114.67114317	382701.52624889	343229.00349919	388009.84763517	440920.38147771	425305.89251140	231587.85408994	462546.93231092	125630.88442867	180928.62196228	375291.37399103	
582417.89153320	171944.42803322	292297.17553255	121664.87058775	3635.84583572	310507.87280582	136005.35708258	248239.78381583	156633.88769579	96807.79510598	369053.96570246	113751.18858503	84061.00283047	261124.49291158	682134.71900736	455532.03382777	665766.43716379	551114.67114317	446880.71017352	351005.31872303	388009.84763517	301775.90007535	413520.88227889	231587.85408994	392074.06856688	125630.88442867	101789.68038589	425996.03826927	
673326.35438467	99766.56229966	323318.68854415	14391.59967083	3635.84583572	167664.63654225	233814.92649508	260132.64550296	156633.88769579	76916.67907250	369053.96570246	113751.18858503	84061.00283047	260873.42250607	682134.71900736	599874.06821220	682063.03334556	698383.76527497	481047.46166761	284059.35309052	413011.72250810	366870.80742110	502025.87662278	161273.65642841	392074.06856688	125630.88442867	110873.95279722	351074.72840635	
673326.35438467	99766.56229966	329109.79459139	14391.59967083	34845.66763255	42178.53648690	120385.70726658	304788.12084035	130504.78173271	76916.67907250	272314.88184251	59070.46559362	84061.00283047	260873.42250607	682134.71900736	677132.24587000	549411.15226161	585917.12082764	390450.62130478	313963.78452304	492130.98404758	366870.80742110	620073.19817573	116930.15387350	308222.32270674	95347.36245511	110873.95279722	449590.68036730	
673326.35438467	140511.98350285	372383.65207489	14391.59967083	50833.79281298	124647.42232125	199219.57270773	304788.12084035	92883.52129161	76916.67907250	154955.66586304	59070.46559362	55269.32931034	362165.29519570	682134.71900736	582296.70141008	497283.60591482	654665.91119324	418570.71608467	275347.07697387	600856.79737120	477072.22160286	531359.44601070	116930.15387350	293246.38401665	128281.34832051	239931.81572019	492968.68968271	
673326.35438467	204285.60248236	372383.65207489	14391.59967083	120632.90102536	83169.95507039	223042.93968263	185464.42609357	224305.58115921	95649.28669924	250716.40691522	59070.46559362	55269.32931034	449887.43402039	682134.71900736	485480.96326776	535199.31959201	586847.69844423	354643.32352319	311236.89090152	455320.16649432	553362.11592979	609319.10068909	116930.15387350	293246.38401665	128281.34832051	359616.28260416	492968.68968271	
675367.48294878	261214.79970803	456577.40730718	56246.68946912	187731.61599788	125260.10910499	117514.04260143	157551.93382894	200411.62114774	44973.57634572	285189.33658208	48493.60500504	143145.31570682	368104.21688213	682134.71900736	485480.96326776	666678.38167910	498026.43321583	307719.03508136	211451.37043904	500684.29821817	430065.90168134	525174.99348692	116930.15387350	293246.38401665	81425.32977984	393707.47059010	512792.53108363	
597618.84452323	165967.66336176	510465.99888759	193121.43158179	266624.21775507	73743.10068116	175739.51280312	141403.38355851	213667.61338037	44973.57634572	181020.17903680	48493.60500504	135888.47659729	509826.01122187	682134.71900736	485480.96326776	666678.38167910	470465.09272466	270808.84451862	351438.45884526	434268.53410079	325226.36539950	397122.95264657	177548.28556983	342441.19604514	81425.32977984	426604.55820601	557081.98630830	
597618.84452323	268404.60420145	606210.29636890	149965.48948333	266624.21775507	130726.47754162	99652.10075733	76909.30855046	174671.23496209	44973.57634572	128762.13196718	48493.60500504	214712.77819145	530391.60809681	682134.71900736	429310.91589746	666678.38167910	500908.35443846	351206.89522545	453423.52409322	551514.95071171	348365.73213884	406360.43123325	242155.15534466	449232.49502169	81425.32977984	426604.55820601	557081.98630830	
597618.84452323	161964.49379298	637514.36446162	21013.73063598	347970.63175343	103930.26538101	99652.10075733	76909.30855046	140071.15536519	33340.83895680	128762.13196718	48493.60500504	320517.49519958	537773.14341781	630053.27711218	522740.46462112	666678.38167910	641271.53957179	458183.47590514	479015.18148146	566549.64366101	487139.49014005	326422.51528417	268686.79377871	449232.49502169	81425.32977984	426604.55820601	557081.98630830	
624842.45376232	137272.54286935	637514.36446162	148694.37002076	259166.57696417	58105.58164505	99652.10075733	92111.90827964	107952.39062680	33340.83895680	178971.26287997	3978.05964201	250155.44662775	537773.14341781	630053.27711218	496128.86716656	666678.38167910	641271.53957179	378127.33034527	443258.96828373	562280.58387522	391332.40168151	270389.69147231	154751.11252523	441864.37934083	81425.32977984	509827.74659285	557081.98630830	
624842.45376232	148058.09897779	589843.04567533	123673.89226614	356170.59192856	57544.68309749	129453.53747149	166121.16254658	116289.76919213	33340.83895680	34077.36888243	3978.05964201	223758.03048002	537773.14341781	630053.27711218	611341.67579421	666678.38167910	641271.53957179	500744.61452760	558339.46062729	544229.35226562	423586.84633387	270389.69147231	186190.85022141	347415.08676417	81425.32977984	513284.24781901	557081.98630830	
624842.45376232	267398.71903208	589843.04567533	35178.01841775	352190.38591482	199869.36643558	124374.65253076	70418.40945531	209234.72924946	109757.42551106	15984.90565874	3978.05964201	163057.73421511	530547.97792858	630053.27711218	512602.72159615	666678.38167910	520837.49901174	409607.73331572	599181.94502995	666694.87785293	533933.22916106	343762.34339971	186190.85022141	459476.44768911	83723.86695412	649191.96001766	557081.98630830	
476702.60932911	401370.82150757	557969.21810862	26179.83968386	352190.38591482	139128.04864779	3165.85343538	150409.70908527	267524.77115689	109757.42551106	15984.90565874	3978.05964201	25383.13740123	556622.26389108	685465.21072904	474758.27103372	619128.26664657	666529.85427962	409607.73331572	599181.94502995	558746.53388709	533933.22916106	343762.34339971	192431.88610561	504854.46014521	83723.86695412	649191.96001766	557081.98630830	
606989.34715291	422998.35791050	557969.21810862	46629.88187024	352190.38591482	63971.10600151	3165.85343538	41470.01378765	267524.77115689	154415.46420852	15984.90565874	76618.79525967	25383.13740123	556622.26389108	685465.21072904	597896.72515240	619128.26664657	643201.53952068	424641.52610431	517273.90706463	562094.83506871	462586.03877320	343762.34339971	192431.88610561	514066.57603779	83723.86695412	551820.05373858	655710.63169627	
607255.26746789	333723.48982435	448463.97364092	182546.85096631	352190.38591482	84491.79070295	145619.20793096	150199.58843473	159033.22603710	154415.46420852	15984.90565874	76618.79525967	93598.52164787	556622.26389108	669786.05434282	671774.02306371	627196.13141704	630764.11014226	555252.18212934	424340.67257865	645893.18496097	322146.30892405	343762.34339971	179280.85616861	514066.57603779	83723.86695412	551820.05373858	655710.63169627	
607255.26746789	411159.40451274	354199.62724451	169001.06915459	481037.19717798	216065.98931737	174473.21581275	143805.16776857	190246.50879627	154415.46420852	15984.90565874	76266.66665406	93598.52164787	556622.26389108	669786.05434282	671774.02306371	699577.48178028	630764.11014226	599240.01793224	284169.85847565	543739.67561786	209619.84435018	491107.49616932	207766.50728900	541002.43763637	83723.86695412	628592.05882883	655710.63169627	
607255.26746789	276935.68173738	316143.75795182	224532.05683697	510157.63478100	216065.98931737	174473.21581275	143805.16776857	190246.50879627	36736.45654603	15984.90565874	76266.66665406	40481.38654573	641828.96884899	669786.05434282	671774.02306371	662649.37826073	605543.50399916	599240.01793224	284169.85847565	542431.77322747	209619.84435018	491107.49616932	143844.35982663	541002.43763637	83723.86695412	699108.04416767	655710.63169627	
607255.26746789	193587.64200413	359940.18698060	275919.31149667	595319.67384672	88337.27121460	87574.11904041	27657.84123191	83227.61544962	36736.45654603	22940.73785986	54808.49155120	40481.38654573	641828.96884899	669786.05434282	559609.53495191	561844.54514825	615172.40680607	599240.01793224	192800.59953885	513739.85564390	262602.00271320	617751.72392486	143844.35982663	415281.87658217	83723.86695412	631323.08659990	655710.63169627	
537650.43186793	218352.46431144	295553.11341510	421853.33525211	595319.67384672	118314.51519010	120147.43137392	27657.84123191	193815.48214553	36736.45654603	22940.73785986	54808.49155120	156746.95763868	570291.43333953	590224.56525931	602824.39157198	463698.75855866	608166.29376950	599240.01793224	266484.92144027	483604.18725196	234067.98866112	589377.08020645	209620.70795715	465589.22907320	64254.79521182	606232.42312234	655710.63169627	
573609.67805959	184150.86690495	273493.59235851	539897.76070002	590714.66208291	121439.46090791	1033.24215170	141198.77976116	233190.77069272	85742.67210511	22940.73785986	54808.49155120	91648.30736342	570291.43333953	590224.56525931	601131.71861558	458625.95931028	608166.29376950	599240.01793224	239058.53737997	518653.54765639	237819.85604659	642452.69947669	239635.96026282	465589.22907320	62500.39199188	677405.08123486	655710.63169627	
573609.67805959	68349.46500525	278221.71270117	592772.28766239	566344.21258546	37493.23077882	1033.24215170	122287.96000270	107258.10263627	188855.14463796	159628.10461761	54808.49155120	140041.16877058	569440.44154597	590224.56525931	469513.53506531	486921.74892589	608166.29376950	599240.01793224	130202.76502121	419971.54870049	343153.16361811	519721.36955113	239635.96026282	363003.62109998	76187.41500599	570781.02667275	681963.66280312	
565310.87529076	68349.46500525	222804.93792971	592772.28766239	582813.62754920	37493.23077882	9333.47851325	122287.96000270	150256.48591831	188855.14463796	238772.18645587	57541.61311022	27887.61619830	664702.28110393	667206.39440480	356180.72587809	442819.77086936	608166.29376950	672922.71143097	151493.12905859	317998.69172743	313251.15416622	662610.18616092	239635.96026282	395925.99902435	69224.62700471	570781.02667275	681963.66280312	
565310.87529076	68349.46500525	296330.48849843	592772.28766239	617107.99270742	85397.28311563	9333.47851325	135846.13201703	166251.06302407	135208.13836300	102658.01770368	57541.61311022	46654.85785974	664702.28110393	679799.26789588	356180.72587809	452801.85927426	608166.29376950	672922.71143097	151493.12905859	278753.81495170	250388.19573447	662610.18616092	348399.50833398	330774.70226829	69224.62700471	570781.02667275	681963.66280312	
498710.25470791	68349.46500525	438047.41480218	592772.28766239	617107.99270742	85397.28311563	9333.47851325	213634.94662467	21831.98696652	135208.13836300	8817.73504304	57541.61311022	46654.85785974	664702.28110393	668115.94012977	397633.49200277	452801.85927426	655800.54432198	674150.31326655	178718.75422419	131216.35381474	250388.19573447	583414.14084825	397198.26757214	357213.41937869	69224.62700471	510063.02827230	681963.66280312	
498710.25470791	184085.18703496	438047.41480218	526972.61388254	508319.28405451	54556.09807907	22044.12357002	86132.83359856	21831.98696652	47797.93732981	147337.47387207	57541.61311022	163876.45375355	664702.28110393	598354.82851185	407127.26962391	452801.85927426	655800.54432198	674150.31326655	139498.65015178	125001.27037228	259454.02531372	493532.87003291	267482.20364191	357213.41937869	69224.62700471	437517.07097336	681963.66280312	
498710.25470791	296306.10772887	438047.41480218	474105.57106044	579027.55480197	49919.46404599	29573.22772799	77360.72345552	169347.87614017	81593.52589049	226001.50687348	57541.61311022	94320.59646649	664702.28110393	559545.63941955	298445.76522677	585456.42253345	655800.54432198	653055.62413129	240020.64025476	125001.27037228	129676.75335544	452822.19326063	269629.61257452	436132.37329976	69224.62700471	514694.92559852	681963.66280312	
397830.24851570	291991.57680689	323313.87058278	400335.72804662	536206.56819346	49919.46404599	7341.95073588	77360.72345552	294149.98178278	5640.99523424	355539.55294093	57541.61311022	94320.59646649	664702.28110393	603186.49459964	426776.94100199	453999.00887386	594188.15288702	653055.62413129	175241.46472875	16683.94684024	129676.75335544	307251.64074461	269629.61257452	446676.80010078	118053.60308348	583872.17699519	681963.66280312	
458547.95048680	158925.84188626	446069.26788565	512744.22182925	536206.56819346	49919.46404599	7341.95073588	244.21403290	294149.98178278	130050.40491357	402313.23629333	19364.90547899	94320.59646649	620986.97958460	603186.49459964	548399.84694409	453999.00887386	603653.59582275	566358.44290861	205938.98509221	50411.32775641	87887.26633768	307251.64074461	239030.30113824	446676.80010078	118053.60308348	687786.00525087	681963.66280312	
479900.35969121	95158.03180432	446069.26788565	462385.18325090	398486.08870500	27056.07280648	7341.95073588	85738.85311944	294149.98178278	195815.34139162	323745.86435842	79656.34269760	94320.59646649	673819.19056911	590761.78835861	402204.54265554	453999.00887386	560124.65793046	589738.60874766	94959.41052896	50411.32775641	87887.26633768	308552.08163511	291883.43696051	446676.80010078	98608.96495415	697501.44912960	681963.66280312	
540909.88498083	95158.03180432	446069.26788565	510363.65580238	348626.70450446	27056.07280648	7341.95073588	16697.41273099	283316.73353060	277714.25860058	290122.38910487	79656.34269760	1172.14758452	647695.41648501	579997.80840855	402204.54265554	464331.12093226	540586.84366299	677632.53410658	215398.58913692	52482.51836882	215510.58307592	427495.79976052	291883.43696051	562285.71373048	98608.96495415	681113.65093978	681963.66280312	
540909.88498083	87885.84858772	446069.26788565	510363.65580238	201588.66324184	166547.20510592	7341.95073588	103080.24706272	155614.10305003	224587.61609940	412742.42414185	79656.34269760	17412.22524256	647695.41648501	579997.80840855	517242.66132438	464331.12093226	530133.36781040	686062.98465825	215398.58913692	52482.51836882	119194.48091346	427495.79976052	291883.43696051	562285.71373048	98608.96495415	696922.43650972	681963.66280312	
427523.14447410	211710.03538219	356039.89805824	510363.65580238	205359.52388112	136445.67844938	7341.95073588	16932.30640107	301288.20698749	129141.89085532	271056.93375152	79656.34269760	17412.22524256	637309.85361973	440410.96043764	627774.25566645	483219.51777635	516477.84854928	565450.64472458	165496.09535822	176660.58534345	67383.10507324	438100.86322903	363378.29565857	430502.15213086	164341.44690295	651995.29619113	681963.66280312	
427523.14447410	88667.70157635	403488.48704047	450768.87512390	225995.71994404	86152.13606998	7341.95073588	16932.30640107	360539.43011460	129141.89085532	381793.53266806	79656.34269760	17412.22524256	534330.29199986	469484.49076805	544912.02841476	483219.51777635	556984.34638846	426662.86747710	165496.09535822	258345.76525125	95545.57222954	438100.86322903	230505.92895966	546099.89371644	234117.20747403	593651.09080902	662493.47744402	
427523.14447410	141171.86701155	354400.13039528	540205.18259920	129999.20106098	46574.62708460	7341.95073588	76645.27827126	212845.62630474	129141.89085532	381793.53266806	79656.34269760	17412.22524256	586286.53495326	476194.81192913	430307.37205433	447889.79670295	556984.34638846	399363.39588102	261156.76342976	133148.31720938	184843.76645666	389234.66113946	300265.33488538	472183.18140931	227279.21187924	593651.09080902	662493.47744402	
427523.14447410	89756.57779723	405152.83217468	541143.14510548	35086.64288849	36697.34121974	111243.30518468	76645.27827126	132000.16953327	97704.43172412	299075.49368821	79656.34269760	8033.53693070	586286.53495326	508505.10028957	430307.37205433	432559.18328797	549525.04826037	308037.19843129	140115.10875558	133148.31720938	187215.17847891	389234.66113946	300265.33488538	472183.18140931	271766.23174281	593651.09080902	662493.47744402	
360198.97497900	142297.88150593	302792.33548797	541143.14510548	74454.62133211	29860.05471695	51012.32148364	120901.82360409	162016.50981710	197165.25432272	421428.62923714	79656.34269760	8033.53693070	600497.72477401	561132.79504131	389718.37515517	451728.25187451	549525.04826037	384521.10176469	166875.73667934	243270.68219983	232221.85616947	389234.66113946	283419.87210816	449376.00003962	266313.31289684	541046.41030091	694633.25133025	
331793.14799809	75826.81302518	247524.64877905	541143.14510548	43763.68561186	92979.80013794	51012.32148364	120901.82360409	227479.47857092	197165.25432272	447169.88609159	179251.20247761	8033.53693070	460310.35980060	656292.60170350	405914.98405021	484723.44886582	549525.04826037	492125.18514678	179633.39559179	121530.32915944	351137.00281757	380953.37066639	283419.87210816	556115.79871261	257649.07272417	466133.19902649	604288.34423904	
331793.14799809	75826.81302518	327730.26666051	484276.34444441	43763.68561186	78598.89183896	51012.32148364	45489.65816173	197802.79285323	204116.22735762	455472.00930577	179251.20247761	8033.53693070	446365.61816306	656292.60170350	365291.22550766	351369.23231472	527912.70217990	483554.13235945	179633.39559179	165197.50611729	284200.03697455	347315.38604731	405153.96654887	556739.00011676	257649.07272417	459519.62661817	504576.63856400	
211114.11870006	2301.64879160	224405.84397221	464428.63157157	87865.00300975	86684.98217326	51012.32148364	45489.65816173	144489.07240741	137469.55822422	384008.74571724	235495.78486311	135399.72909748	492818.51372303	622661.61347518	365798.76822389	351369.23231472	547879.76241785	400311.77008992	271979.31274641	276901.46134442	240543.46757809	237213.12088733	354934.77296762	545311.68039589	257649.07272417	438318.84213290	516830.91212565	
329578.93694028	2301.64879160	179943.74251813	354373.86741060	192830.75102893	59764.72976520	104519.75218751	45489.65816173	149053.18631484	91753.21718516	435905.16680712	235495.78486311	7036.50162042	455950.31941396	667924.48791251	365798.76822389	289236.86701808	519447.97981995	326680.89978042	311215.14948896	256083.19065704	122089.35481835	234747.11033428	365282.79260670	578322.86188402	276532.32150390	411796.27787108	518561.06183852	
329578.93694028	79258.82174379	62575.44979344	295392.02102625	80404.54579702	156676.24492448	104519.75218751	45489.65816173	43515.05043349	164152.09215544	338631.54305585	235495.78486311	7036.50162042	455950.31941396	598787.78712218	365798.76822389	324315.75637728	432744.67896019	411407.93413202	452614.50035125	370874.62045530	237750.44812776	356761.46397764	342886.66058997	596765.82246741	276532.32150390	528990.33618243	457621.69814661	
313608.50436061	79258.82174379	62887.69269324	308849.43379028	26832.81972484	7313.39421922	9903.76168624	45489.65816173	1911.52764039	138174.20923910	371988.75382084	235495.78486311	7036.50162042	455950.31941396	699899.62103366	456743.56380557	177226.05144308	568748.67873114	439600.43964832	338259.38185440	233439.30449668	107173.37792311	383910.88564748	477804.91543789	596765.82246741	276532.32150390	547345.16242917	478781.44875399	
301187.29526038	17949.45891409	62887.69269324	279678.21956755	36801.68982214	7313.39421922	9903.76168624	45489.65816173	9988.40336081	138174.20923910	358320.04310208	235495.78486311	7036.50162042	455950.31941396	667165.23523067	581156.63243769	125305.56309412	461181.43190150	588825.34030569	312257.39384419	233439.30449668	107173.37792311	250894.86151986	450016.44109407	555958.09194091	276532.32150390	405057.49341510	478781.44875399	
368300.24467036	17949.45891409	62887.69269324	408083.02164382	36801.68982214	7313.39421922	119503.42477283	45489.65816173	9988.40336081	131329.29119362	368938.23570041	247274.81780408	109672.77765709	455950.31941396	639099.95172905	439013.99827297	169533.02200095	461181.43190150	527028.50834346	435423.62600995	351394.24004870	236101.00903317	194958.40645264	319329.22062477	573217.89177425	276532.32150390	456954.08200759	625486.23081342	
479556.97927008	17949.45891409	62887.69269324	402578.06464366	66174.00342149	7313.39421922	68998.35785156	45489.65816173	9988.40336081	70617.33693838	459116.67540112	247274.81780408	109672.77765709	492990.32194379	639099.95172905	541391.85540815	259849.50605931	461181.43190150	479380.56955381	579375.40523359	461851.71378587	357769.96895161	52056.21429570	325026.16791784	573217.89177425	276532.32150390	381950.95913521	625486.23081342	
602739.91459175	112748.93583572	37653.22744661	278126.84367843	178347.42960334	7313.39421922	134972.03379436	45489.65816173	9988.40336081	70617.33693838	464659.53245114	161769.34983138	732.24226112	547702.94065026	617335.93315506	531314.89202302	181061.02723805	393739.08063264	362643.17365167	464535.61304346	403343.75741067	419996.14294343	139412.91910703	310063.63288817	573217.89177425	276532.32150390	374509.00704662	625486.23081342	
602739.91459175	156590.18598227	85186.89794283	381235.49750483	62818.44514743	7313.39421922	66245.86297042	141349.18824177	9988.40336081	70617.33693838	553459.02026401	45204.89401753	67081.02824929	582795.17077621	617335.93315506	429980.00083285	180294.76022068	533997.98205638	242050.84235076	432182.54891490	257386.23310486	307241.42126634	139412.91910703	310063.63288817	573217.89177425	276532.32150390	490674.14190769	625486.23081342	
494154.27729532	292680.41538299	65747.07912621	425045.99034581	62818.44514743	7313.39421922	166076.31041233	275313.82589261	17414.29917137	70617.33693838	514652.92788838	2119.69515986	194740.23420237	525249.38107147	617335.93315506	324188.02645654	180294.76022068	519370.45857304	244100.08386978	477003.18945980	264064.89369324	336684.75609711	88602.90149610	173426.42988848	573217.89177425	246186.25698768	446536.51651610	611509.59994746	
421500.80120391	292680.41538299	77684.72899528	381791.22418325	62818.44514743	103170.20249944	60254.07370679	291056.55301856	56322.82981865	70617.33693838	485044.42567380	2119.69515986	194740.23420237	554124.12463690	566853.94494278	324188.02645654	180294.76022068	576510.18758034	348260.92483842	482799.40730931	323196.71378222	303074.30040889	88602.90149610	283803.35533337	643820.86608857	221601.90966366	490031.61113567	650139.21356781	
463101.51174503	290134.79067260	31322.46642138	515236.70282804	37042.56243055	57066.68449961	26816.68539938	218532.42153727	4095.07002770	70617.33693838	609370.92431076	39630.63249119	194740.23420237	634888.09128984	474829.42432694	292992.91801374	293777.04806935	576510.18758034	360524.54985275	466059.11161844	352933.68582182	303074.30040889	209559.74665465	283803.35533337	643820.86608857	221601.90966366	415330.41825934	650139.21356781	
463101.51174503	290134.79067260	110096.59859173	394818.79164515	37042.56243055	149839.32909023	26816.68539938	120116.39490171	27601.18643533	70617.33693838	582806.15549171	182357.35738311	194740.23420237	634888.09128984	474829.42432694	292992.91801374	307901.44127282	659414.61450389	416293.19694037	515665.79102052	392304.97730599	288007.28409324	207399.72638966	194934.96007864	643820.86608857	221601.90966366	272934.92318095	650139.21356781	
320219.16106462	290134.79067260	185065.88723868	350792.72554240	14233.89563030	51975.75004562	129449.08939430	67506.41331218	27601.18643533	70617.33693838	582806.15549171	182357.35738311	68112.65398095	634888.09128984	338238.89796060	319461.34723318	406878.94449482	659414.61450389	348669.86261285	468715.52571518	405256.53404461	314689.33004068	182425.75687306	194934.96007864	655459.92238109	221601.90966366	272934.92318095	656897.79190711	
305330.61009467	191783.58355241	304488.57115211	267205.40397415	14233.89563030	140840.51149242	136314.17267403	115161.50392893	27601.18643533	70617.33693838	589307.54129725	182357.35738311	157459.74581914	634888.09128984	392182.67521832	376819.73201301	491538.22388741	512112.46239990	217701.81957938	363266.97933224	546425.96306353	336608.02304828	182425.75687306	100230.89372637	655459.92238109	222541.89349304	197060.01413259	656897.79190711	
258101.63300723	274476.15921343	328673.85711668	267205.40397415	104203.42931104	68512.07356777	259259.70181632	31615.04596829	10014.94328666	70617.33693838	644090.32514128	82258.34596061	187580.00576007	634888.09128984	295775.54696443	376819.73201301	595861.00894878	381208.65264275	194781.41197846	281584.18401272	547677.31954129	403410.76999310	182425.75687306	100230.89372637	655459.92238109	208590.08354649	197060.01413259	656897.79190711	
134936.71557806	275862.21240666	430153.70299429	351345.49774815	23662.54747263	190227.74160900	207365.04280101	31615.04596829	23385.43706650	73762.74507305	615854.42954254	166110.36075421	187580.00576007	626150.59652883	295775.54696443	520246.01124838	595861.00894878	381941.44751402	275713.71915562	278155.60788611	533418.38635046	330110.60224663	187408.29100053	100230.89372637	655459.92238109	208590.08354649	259544.75098500	656897.79190711	
254632.67740554	157607.82036613	570231.83301054	258842.39132733	23662.54747263	185594.21010405	246550.12045149	31615.04596829	90826.56478391	73762.74507305	615854.42954254	166110.36075421	187580.00576007	626150.59652883	295775.54696443	504845.36059706	595861.00894878	452634.45029486	378506.38510851	309412.84810891	561494.37375579	330110.60224663	306993.93290462	100230.89372637	639953.32654713	208590.08354649	228647.51595301	691882.97761303	
254632.67740554	217635.00983103	559516.51222770	206990.77063353	144413.48006431	179075.41737842	185150.89825268	31615.04596829	161038.83587063	58123.70085998	584554.85593540	166110.36075421	187580.00576007	674433.26836603	295775.54696443	469743.99304441	687430.60537340	416590.77058951	326585.66479393	259694.03970288	532412.28512788	321779.00662892	374766.82436875	100230.89372637	639953.32654713	208590.08354649	218121.12721842	691882.97761303	
254632.67740554	300289.86905720	655634.62580482	201550.67251434	207784.70527659	195838.91467361	185150.89825268	15403.09851887	216466.95544833	35292.69750384	610958.69916337	166110.36075421	187580.00576007	674433.26836603	301133.44516678	469743.99304441	687430.60537340	511104.03182399	428171.48576314	262241.15408849	586681.33991722	309733.57219271	345146.78072951	84881.33964905	628141.06267443	208590.08354649	218121.12721842	691882.97761303	
282988.10891113	445564.17080496	655634.62580482	317102.36521734	190632.19979989	111585.12950262	185150.89825268	163991.95458629	216466.95544833	35292.69750384	496082.17093591	166110.36075421	62354.84774854	674433.26836603	301133.44516678	469743.99304441	687430.60537340	512183.51817607	415985.80721439	128455.64071348	473941.57028263	309733.57219271	328079.37697390	59528.22497915	628141.06267443	208590.08354649	275287.21221252	691882.97761303	
282988.10891113	462159.31472502	655634.62580482	466760.49469568	243464.81333402	32772.12017682	185150.89825268	32870.05704225	175599.19256043	35292.69750384	551884.77180001	166110.36075421	62354.84774854	674433.26836603	317716.82936004	469743.99304441	687430.60537340	512183.51817607	311964.58794545	229207.04975704	385222.38118752	160164.90688767	261956.41068007	127551.95914431	628141.06267443	208590.08354649	219151.36484681	691882.97761303	
292823.96964369	395032.38971886	673810.01648908	429818.92010753	168920.21940854	32772.12017682	285283.99034311	32870.05704225	152678.73732540	35292.69750384	445598.80004514	82277.23146224	106822.01678465	663494.32462643	317716.82936004	605124.35221114	689980.91651856	446377.17261728	320380.40300569	229207.04975704	442708.25638931	78639.25553032	264555.47020134	121545.06649604	553643.99376234	208590.08354649	181953.10087608	691882.97761303	
292823.96964369	272609.20238548	632026.60395444	429818.92010753	91157.37475488	128421.98653118	368306.68905056	73510.98265313	154780.42094262	35292.69750384	430979.73447570	161375.28880455	106822.01678465	634244.37982235	317716.82936004	605124.35221114	689980.91651856	446377.17261728	458462.56815794	341407.99144783	545553.75806540	78639.25553032	164385.10828326	203894.77023218	553643.99376234	268466.39477301	181953.10087608	691882.97761303	
271735.66633780	236863.95039930	632026.60395444	429818.92010753	91157.37475488	16252.21798649	220933.52148439	73510.98265313	154780.42094262	35292.69750384	434145.79339321	214852.28247532	148119.10681447	618874.22031053	395380.91867921	605124.35221114	689980.91651856	446377.17261728	500546.96956216	378766.20142839	420295.85403352	78639.25553032	220109.08937621	145156.13813784	579777.81448176	268466.39477301	181953.10087608	691882.97761303	
184838.41905255	283121.37751850	667737.61865116	301569.93193737	91157.37475488	16252.21798649	220933.52148439	73510.98265313	154780.42094262	35292.69750384	421051.30847320	214852.28247532	167887.69009893	618874.22031053	538667.70429865	689017.33819205	689980.91651856	446377.17261728	500546.96956216	420535.91851678	497083.72861362	78639.25553032	220109.08937621	145156.13813784	579777.81448176	266677.90674347	229154.39594877	691882.97761303	
246086.02232404	210144.12275866	597226.24817115	295463.52551259	127339.75420508	48410.05298031	323880.08545136	73510.98265313	216569.82126879	35292.69750384	434665.66523413	200088.16622222	53278.80869165	618874.22031053	471940.97823441	682189.07746584	689980.91651856	408437.33000994	520570.14949339	503727.24576759	525048.10314193	78639.25553032	220109.08937621	173721.57755580	508483.36093143	266677.90674347	98326.07479579	691882.97761303	
274798.46227125	277475.96131922	540363.02493252	295463.52551259	176936.58736827	20968.53759980	323880.08545136	73510.98265313	175107.33956404	40366.14967615	325721.43274987	200088.16622222	53278.80869165	665658.50232541	364039.51226436	602514.78853196	656486.08441495	321982.67124954	539003.82115803	577284.03406467	571759.88665052	78639.25553032	220109.08937621	320241.58138568	463906.98671789	266677.90674347	65762.34130935	691882.97761303	
297998.77282334	288959.29731602	571165.03293316	246784.50084715	46203.86339328	20968.53759980	323264.87037897	73510.98265313	201564.09073383	40366.14967615	450930.73315538	247528.56149841	53278.80869165	665658.50232541	364039.51226436	602514.78853196	656486.08441495	342751.81437512	656487.34876193	449261.18172573	624512.02541839	104392.88553568	220109.08937621	263180.22205287	463906.98671789	310666.56816932	117927.27478119	691882.97761303	
352485.64251458	257729.28885438	571165.03293316	246784.50084715	176703.48463287	20968.53759980	331553.04253976	73510.98265313	129498.86875669	77480.82998768	450930.73315538	183242.48804951	114939.78651473	665658.50232541	444503.40105962	602514.78853196	656486.08441495	467023.58939697	554149.35307458	318201.70908303	624512.02541839	89368.26711939	263955.66552338	198887.29103748	463906.98671789	296293.20063344	117927.27478119	691882.97761303	
396748.61667310	248568.01626338	571165.03293316	174034.66804230	71458.98952736	12024.68749529	331553.04253976	73510.98265313	151888.14465908	77480.82998768	346018.82447127	169472.96103766	114939.78651473	665658.50232541	444503.40105962	602514.78853196	656486.08441495	493446.34656618	520925.69250854	346786.64114473	513920.66913662	89368.26711939	225649.55688805	138109.56511375	456967.62178498	296293.20063344	171218.60823510	666631.97063649	
396748.61667310	301371.99007489	432772.16062360	121851.37752717	36560.09711022	12024.68749529	249472.58145808	73510.98265313	154880.00127236	49347.79070122	210654.21856678	169472.96103766	123971.35842634	665658.50232541	520761.73181594	596481.07017217	656486.08441495	493446.34656618	373824.01124439	240620.39702350	427493.24042154	89368.26711939	225649.55688805	174732.67535574	370039.63762639	296293.20063344	264528.11032596	666631.97063649	
257316.99997216	222780.38243015	534360.02229456	1812.94038718	105882.59840175	12024.68749529	198009.76866550	73510.98265313	180007.01077372	106595.03277418	307078.87826407	169472.96103766	241168.09138984	665658.50232541	635373.38477599	620784.98545748	559535.95972536	398686.77584700	339428.58942948	210342.50767865	524065.93016202	93475.70845898	214220.77111442	176646.42400230	370039.63762639	296293.20063344	373116.29820678	666631.97063649	
213618.56125548	105620.22898324	534360.02229456	10103.77597854	105882.59840175	12024.68749529	235532.10033552	73510.98265313	126805.15895516	106595.03277418	301651.33388560	169472.96103766	144154.17377972	665658.50232541	493242.39905791	524141.84648470	631928.81448704	432046.39891542	305859.33622485	272680.03308911	455916.71137056	93475.70845898	204593.10222952	176646.42400230	328916.33402432	296293.20063344	274549.44365218	666631.97063649	
339890.99063401	105620.22898324	476195.03811745	142156.04528704	137962.85709382	54136.30068272	235532.10033552	10075.17529770	53078.22098185	106595.03277418	301651.33388560	70570.59534403	33774.13222925	632966.44164202	519868.58480997	634223.73738394	630103.69603837	323580.82746326	378035.29792332	270261.36441495	576782.36964985	111046.72355800	115681.81433829	242726.84823662	328916.33402432	315242.05650815	350328.42021366	666631.97063649	
489042.13619857	168816.62758327	603679.64467856	72035.88125942	137962.85709382	52313.43638570	90186.24465261	10075.17529770	53078.22098185	200814.09239200	272506.33293143	70570.59534403	65513.32651111	537166.24091461	519868.58480997	687152.60540295	630103.69603837	327174.82701508	363686.84005899	351754.02434375	524318.79159904	221711.89501454	128114.69659600	242726.84823662	282367.92895038	170252.73585585	450146.28406847	666631.97063649	
489042.13619857	253545.14506325	603679.64467856	69153.10372415	42994.12403741	149806.70351618	67892.13228370	10075.17529770	53078.22098185	200814.09239200	272506.33293143	98641.78673128	65513.32651111	628083.54138040	519868.58480997	641725.15876738	630103.69603837	379179.95805501	416493.70968747	478313.43182130	524318.79159904	221711.89501454	134871.71774205	308612.99478937	314090.97648579	108466.94799811	371284.66017807	666631.97063649	
387156.81392078	269829.66829070	603679.64467856	69153.10372415	42994.12403741	18572.44242793	174138.08708411	148542.65963095	53078.22098185	200814.09239200	272506.33293143	98641.78673128	65513.32651111	628083.54138040	458203.58707853	647707.08230488	696187.97092015	355587.10650720	530627.41165506	610996.16971318	541917.78834794	306809.91794973	62388.95783301	203158.12906713	314090.97648579	100528.52258401	265165.29608061	666631.97063649	
387156.81392078	375844.38990205	523847.84628799	125830.50284200	70451.41139590	51987.52166203	269081.10783480	166106.35651889	53078.22098185	147819.59291015	272506.33293143	50327.01812774	100204.72120868	645628.41909172	457007.52962962	647707.08230488	696187.97092015	349488.01987532	474388.35809641	607127.28081588	436925.19707479	351736.05987404	62388.95783301	269177.23081118	314090.97648579	100528.52258401	130014.04757007	666631.97063649	
387156.81392078	487954.36344136	497205.12101689	148185.53532642	57163.39833544	46094.72960532	348829.13698385	37352.34959947	53078.22098185	147819.59291015	176668.62204517	50327.01812774	81228.13252267	645628.41909172	457007.52962962	519124.80151346	546717.24646514	349488.01987532	469031.42570264	602962.49942127	436925.19707479	385192.57904418	62388.95783301	408142.36232116	314090.97648579	100528.52258401	93764.94737422	666631.97063649	
387156.81392078	341006.25450521	428942.23069587	189640.40007281	57163.39833544	46094.72960532	348829.13698385	37352.34959947	53078.22098185	147819.59291015	167076.47300781	50327.01812774	45904.44099505	645628.41909172	457007.52962962	597737.11613010	546717.24646514	349488.01987532	350659.55370941	554541.79031666	565609.78486657	341380.01330897	62388.95783301	368602.00263169	314090.97648579	100528.52258401	95487.12455696	666631.97063649	
347432.12881671	459044.97349640	421329.15789846	220113.63612253	57163.39833544	8440.07872562	401893.90647839	37352.34959947	53078.22098185	147819.59291015	85700.60817719	50327.01812774	45904.44099505	645628.41909172	457007.52962962	530284.54107514	439138.29193885	349488.01987532	493850.22693546	554541.79031666	456583.62520095	444981.26674745	62388.95783301	277983.07682682	308704.64565475	131581.87325165	116461.21379700	666631.97063649	
217124.70830685	408193.96826404	421329.15789846	220113.63612253	190219.37107553	8440.07872562	423765.50398951	98383.36843431	56109.48046527	165114.05249570	79377.65627794	50327.01812774	45904.44099505	645628.41909172	442974.53044092	530284.54107514	439138.29193885	279912.91582926	643281.67377812	662517.47944128	456583.62520095	390241.15500375	62388.95783301	350728.98494415	308704.64565475	131581.87325165	260882.93774950	671838.78189170	
107322.03478228	382591.13472237	301371.93828310	173983.72018325	74642.98981062	8440.07872562	423765.50398951	98383.36843431	60112.74763047	165114.05249570	79377.65627794	50327.01812774	65113.97676435	645628.41909172	468246.80372958	530284.54107514	367228.17525487	279912.91582926	546146.47693347	541814.39303032	474303.69439289	356960.76703535	62388.95783301	264930.92591078	379341.03929246	97725.85163797	260882.93774950	671838.78189170	
22750.36173816	516502.15881254	318673.90705286	245357.98219631	74642.98981062	54059.85614410	423765.50398951	173029.31359241	60112.74763047	66997.84054533	15837.97823739	50327.01812774	164541.01553691	645628.41909172	528624.84095995	618113.91176038	496403.18321459	316138.05514467	404082.90907304	533755.04374368	580503.79738305	257344.39336655	62388.95783301	195075.01017481	379341.03929246	59160.33706330	260882.93774950	671838.78189170	
56970.38779923	463588.64953605	460101.85672414	245357.98219631	74642.98981062	67744.68355999	454002.59641263	233435.25490154	9517.63178120	62516.86741825	15837.97823739	50327.01812774	164541.01553691	645628.41909172	528624.84095995	618113.91176038	637231.46135254	316138.05514467	275327.84155024	440894.36097936	653132.30427786	354506.13666553	62388.95783301	221593.74734414	339819.15976903	59160.33706330	236201.55343788	671838.78189170	
56970.38779923	584551.02672267	460101.85672414	153073.83588313	171126.83214510	85140.59827435	454002.59641263	331324.58473785	9517.63178120	62516.86741825	138266.23254669	50327.01812774	164541.01553691	596965.06989148	528624.84095995	657333.77448138	487557.59085721	218817.31001542	275746.45377173	440894.36097936	629963.77784507	474144.46167730	121572.52801161	89807.86722586	471448.39013172	59160.33706330	210643.64400439	671838.78189170	
56970.38779923	537605.17524238	460101.85672414	153073.83588313	269361.62626274	217189.81674932	383831.43937012	425976.65757945	9517.63178120	62516.86741825	117365.98736534	50327.01812774	164541.01553691	636020.12420460	456519.53900223	657333.77448138	487557.59085721	218817.31001542	275746.45377173	409177.94407206	488998.33184035	474144.46167730	121572.52801161	89807.86722586	356541.55887196	59160.33706330	210643.64400439	671838.78189170	
10101.43588832	599533.05346267	336319.69872042	153073.83588313	269361.62626274	102111.41826710	383831.43937012	375027.61873751	9517.63178120	62516.86741825	255047.08988895	50327.01812774	164541.01553691	667505.67346233	477626.02393305	657333.77448138	555617.73521772	164574.17654132	275746.45377173	280169.28191678	420947.15620460	485309.08622274	121572.52801161	133355.57402716	356347.33512575	121254.77968372	174067.06378578	671838.78189170	
10101.43588832	636416.62301970	217130.98322030	61955.97886188	158867.28883116	18974.33360776	383831.43937012	375027.61873751	9517.63178120	124792.68194880	232623.48479003	21444.40143165	109521.63737548	563025.74656633	398788.65685321	657333.77448138	686751.38737198	165157.39255017	220224.37610048	227229.88703877	420947.15620460	406923.11154204	166566.29143979	133355.57402716	356347.33512575	115214.18643379	174067.06378578	671838.78189170	
19812.61363700	573629.53487839	168463.36413904	155369.73558561	158867.28883116	18974.33360776	242815.01261270	286936.82579636	9517.63178120	115890.40160646	232623.48479003	21444.40143165	89975.54334810	563025.74656633	255991.48410472	658004.29199481	686751.38737198	298114.42712993	319857.98752441	340022.92603988	453405.33787151	406923.11154204	35018.19860014	130442.92647884	330485.89408046	61608.08660832	104545.46446734	671838.78189170	
45209.56143116	648232.46019039	27575.58294395	33868.46008272	48148.10607809	18974.33360776	280415.03755383	401576.14737892	9517.63178120	50881.31113805	88494.62244671	21444.40143165	89975.54334810	563025.74656633	175414.25982377	658004.29199481	629188.68773925	213364.36403950	208210.22825472	327506.21886715	380578.72459464	406923.11154204	35018.19860014	130442.92647884	197147.68315727	61608.08660832	219013.16994580	671838.78189170	
45209.56143116	579741.38697815	127932.54209165	33868.46008272	133451.02895042	20068.43987044	280415.03755383	401576.14737892	9517.63178120	50881.31113805	88494.62244671	21444.40143165	71704.20676149	439949.33319738	46942.52363136	658004.29199481	534653.10354901	224360.95699203	320458.77842716	381671.38591072	380578.72459464	423497.37529162	39511.89930669	130442.92647884	195087.41635579	61608.08660832	132539.74356711	671838.78189170	
45209.56143116	585928.11462004	93312.76015588	12187.69991704	262539.45653055	20068.43987044	263858.33551766	401576.14737892	18849.58506472	50881.31113805	34608.11573140	21444.40143165	84004.66545661	483399.09456063	46942.52363136	658004.29199481	479334.75196507	179179.58453070	314730.18984729	466696.17209744	287439.49305400	496228.75667946	39511.89930669	130442.92647884	130440.99113813	153655.68586708	248258.75087822	653245.91216479	
45209.56143116	585928.11462004	238076.12420943	12187.69991704	251033.49578740	135864.12216870	263858.33551766	338896.21707279	18849.58506472	50881.31113805	34608.11573140	21444.40143165	84004.66545661	596568.03477919	88115.85180735	658004.29199481	565824.48298027	215827.65611865	364727.35499371	400811.18213370	264021.56878750	555037.01885761	60424.35665928	220383.58065858	154246.67473437	176362.77014588	180491.29912738	683327.19759003	
45209.56143116	592004.14188072	138134.29392752	158138.18605315	344885.42911306	216663.60797795	210914.14076340	338896.21707279	18849.58506472	50881.31113805	98393.71538190	48983.93018992	63266.03546165	596568.03477919	88115.85180735	640796.55455189	432547.26046452	215827.65611865	364727.35499371	536752.36589623	339971.90651361	616367.24548755	60424.35665928	134121.69387879	154246.67473437	89370.04183485	119760.09838510	683327.19759003	
45209.56143116	592004.14188072	196318.70821331	158138.18605315	213443.04703018	272099.43835759	258082.35087021	338896.21707279	18849.58506472	50881.31113805	45030.65989288	48983.93018992	108746.60636592	675046.53970197	88115.85180735	640796.55455189	338209.37910905	215827.65611865	481574.53991250	483359.39304325	380909.20627064	632437.84549015	115395.60550243	208677.30076589	151224.40862537	89370.04183485	238518.87103165	683327.19759003	
70026.21239741	455323.52402367	277805.18499547	158138.18605315	221082.69887720	165038.08011306	237083.39745920	321446.74882461	18849.58506472	104133.13148980	45030.65989288	48983.93018992	83616.68870602	675046.53970197	88115.85180735	640796.55455189	338209.37910905	215827.65611865	353973.19271907	618024.39235709	380909.20627064	632437.84549015	57188.06782100	219725.82272520	151224.40862537	89370.04183485	176309.72499729	683327.19759003	
70026.21239741	516980.14192663	277805.18499547	72790.06070585	337725.81698831	184343.41456560	164596.29850101	257988.01429372	18849.58506472	104133.13148980	36440.84148368	85172.29310105	105446.08227212	675046.53970197	174920.66613559	636849.78873430	338209.37910905	92044.64771311	414111.86739728	618024.39235709	509373.83075335	632437.84549015	97117.80650098	219725.82272520	197218.83191586	89370.04183485	310602.80034520	683327.19759003	
70026.21239741	421624.30505539	277805.18499547	72790.06070585	401917.52394817	220959.17013078	192102.07405075	280509.19322978	18849.58506472	80680.78791653	101077.01863013	15417.97931381	133792.41631586	633095.38660066	174920.66613559	636849.78873430	476447.47504460	92044.64771311	414111.86739728	677684.24958989	385926.14638501	535068.44417163	225345.93301466	305017.41561658	161785.50641305	89370.04183485	332622.49117107	687346.13288566	
32553.18982817	279780.83806302	129093.59920014	72790.06070585	265847.42182228	71004.44414861	335740.41683816	342226.79953534	106118.66389610	80680.78791653	101077.01863013	15417.97931381	36096.10108837	633095.38660066	324024.93588363	636849.78873430	587137.83493453	78907.50596910	504771.88514276	535025.34981904	385926.14638501	679298.71802058	348636.39995678	225773.96788500	114707.19171868	89370.04183485	441337.82434937	687346.13288566	
32553.18982817	226855.74820474	129093.59920014	3192.67506603	317608.30900317	4506.25932807	335740.41683816	218904.16615121	169970.82982923	35172.79464980	105621.11796399	15417.97931381	36096.10108837	633095.38660066	288245.35078999	556516.63427336	574447.91879659	78907.50596910	545680.04915788	410800.56791388	385926.14638501	593579.94475556	202674.22238218	225773.96788500	170752.72548852	89370.04183485	363968.64011732	667440.73001504	
32553.18982817	92372.63394633	235594.12892003	3192.67506603	326508.76442779	77676.08217086	335740.41683816	264100.81303390	169970.82982923	119646.56569730	50843.76176140	15417.97931381	36096.10108837	633095.38660066	378438.21075258	556516.63427336	476407.05493963	78907.50596910	573782.43023260	391811.60271666	453565.59345098	559191.15368559	202674.22238218	215418.67758329	54566.79807840	89370.04183485	408784.73675927	667440.73001504	
101289.62381299	116679.85468126	206474.06688112	3192.67506603	327378.88204019	145411.47491732	317586.90682583	316122.09576047	169970.82982923	119646.56569730	50843.76176140	15417.97931381	68532.31259881	633095.38660066	270816.41231241	574601.87173017	507489.94653231	78907.50596910	604838.76845503	295814.65948851	325860.37446078	452982.32651711	202674.22238218	248301.72447744	65120.42483448	89370.04183485	343424.34810777	667440.73001504	
206546.04450352	124192.37641256	216243.80239337	568.02372977	445344.00172958	213196.48805367	317586.90682583	304747.91412138	195606.13692940	101718.07742613	50843.76176140	15417.97931381	68532.31259881	634587.06444889	399345.45494692	574601.87173017	633852.29757506	105576.77769062	529331.96134858	368956.70057215	459342.89411333	452982.32651711	240310.24877330	110482.40026502	125599.59535298	89370.04183485	322249.95187103	652235.82515810	
206546.04450352	136893.68836443	104241.12504719	568.02372977	445344.00172958	201862.76361675	369873.83777771	347737.05323861	107070.47210932	80712.40501405	112862.16705105	15417.97931381	69584.51348683	634587.06444889	324476.14686237	574601.87173017	593209.09920358	105576.77769062	480353.61846548	330938.06159564	555805.82877171	562920.30400066	161013.02416123	202377.52827600	125599.59535298	89370.04183485	337665.82743674	652235.82515810	
212292.06556581	143344.33318390	1981.26366515	568.02372977	437142.62580969	234206.35462809	366512.98560185	395986.70419691	153709.97994951	140258.21784685	112862.16705105	15417.97931381	69584.51348683	634587.06444889	324476.14686237	522458.46539161	661621.58508593	170025.77545329	554728.80304772	297499.11416036	432110.00995795	562920.30400066	266622.52802881	202377.52827600	241160.86240352	89370.04183485	291061.31685156	652235.82515810	
300992.35739304	74490.45023584	1981.26366515	5102.22672213	447411.25608649	252933.61561095	366512.98560185	443695.53257026	180614.40964106	88278.60347829	204936.01454835	15417.97931381	69584.51348683	634587.06444889	324476.14686237	522458.46539161	661621.58508593	291522.39237113	636446.31576242	301034.43360711	501710.98920483	609645.08743085	266622.52802881	190214.39745943	241160.86240352	89370.04183485	320624.11937936	652235.82515810	
300992.35739304	30990.58171734	1981.26366515	129779.56241907	357246.44606500	122484.33374426	276039.98620551	436925.40664816	180614.40964106	17529.10267494	228102.34642438	15417.97931381	178.66490923	634587.06444889	376556.72113385	439339.48483408	655263.01393072	181182.37894499	656509.38243622	274377.99990356	423479.87025183	638225.10441049	230159.44283281	86560.74416565	276209.63984246	99512.99429983	432093.09572996	652235.82515810	
361212.35885820	133960.37409376	1981.26366515	129779.56241907	461954.51342524	255259.69404166	276039.98620551	508455.85144114	180614.40964106	17529.10267494	154441.55415280	15417.97931381	176.58560915	637308.41084477	376556.72113385	565907.54585528	623552.70265465	181182.37894499	656509.38243622	416843.41214490	411229.48336921	548371.57505076	230159.44283281	61865.24480134	212397.21060920	58279.05911901	410861.85186837	652235.82515810	
255759.01597305	257592.46486692	12091.04595704	167516.95332806	383112.93270547	108174.92537935	153749.36480143	412654.23016724	73888.50751168	17529.10267494	88807.58539924	15417.97931381	176.58560915	626971.62107511	515313.09769550	486289.16811220	556023.74011444	181182.37894499	589569.85661042	481837.97904070	294481.91911506	548371.57505076	291735.17158275	61865.24480134	212397.21060920	49501.62653716	416539.07179422	678753.13739645	
136488.43349100	304912.41292594	12091.04595704	30425.58958031	351834.19988444	212374.48582589	41374.94594068	460080.75335248	11387.27028954	17529.10267494	46955.33533027	35678.10962924	176.58560915	626971.62107511	564027.79895078	436665.87317519	596820.58117791	217525.40836823	570818.20755037	505077.49083487	393561.81560238	667339.87767915	221988.95351396	203625.57045132	180389.85793165	49501.62653716	451686.39354687	678208.09294083	
115576.82119205	430030.89724209	12091.04595704	35280.63645714	210025.02519376	265208.40431551	41374.94594068	564849.21552724	11387.27028954	119438.30685224	95375.54502695	35678.10962924	27086.56089575	626971.62107511	564027.79895078	436665.87317519	662360.57678514	217525.40836823	459660.88892500	638120.68619165	266701.12378217	667339.87767915	340774.27767332	203625.57045132	197978.51135897	152294.16015952	442907.92794996	678208.09294083	
6120.88134370	286140.34856562	12091.04595704	35280.63645714	132064.08060586	355554.21999413	110131.57693374	586643.61970583	11387.27028954	119438.30685224	95375.54502695	35678.10962924	27086.56089575	617925.79576986	505651.92773669	438600.47182402	694573.84017172	188821.75513189	445469.48739489	558387.99059542	236780.03749048	667339.87767915	487797.12310846	206775.64800533	315658.95719808	152294.16015952	569959.85177617	678208.09294083	
124441.80532153	244067.99177563	158828.23703826	60878.89460864	142055.00186479	305094.03830483	84481.12408503	545346.48864855	60759.66936891	111756.49261616	95375.54502695	140057.98644867	161150.74700886	507786.93744229	589082.20353087	479633.19654511	665614.39838441	75672.96646834	436538.03552140	420044.09566037	349584.39119655	594289.91097520	460398.34561652	223634.93495129	242052.98804729	152294.16015952	569959.85177617	614296.19711270	
47570.40647137	354237.67039840	230884.92842943	51054.04406386	190175.32210757	181986.62593693	151199.23447095	403701.28839591	35822.47806661	112287.32536699	85516.06816939	102209.33547114	225178.49564720	507786.93744229	589082.20353087	373102.10753863	621528.93709974	212832.30777338	573044.62133289	544477.60377654	441287.93460523	526486.11839681	454966.45651868	122623.39964203	129063.74762659	136275.42361056	563531.04412292	539998.27643079	
129086.75970915	354237.67039840	111577.49162921	30355.08410916	106060.15106920	231296.49103039	191433.94357984	397290.07236050	152230.29069464	1706.05252252	85516.06816939	102209.33547114	163837.26463863	507786.93744229	563505.47788730	370732.22673681	621528.93709974	231396.45200390	670176.48537511	575298.26051797	497247.28685795	526486.11839681	523694.95691925	102100.00188002	129063.74762659	124296.71370352	563531.04412292	534035.82117580	
129086.75970915	253515.26998114	73812.24866105	30355.08410916	106060.15106920	256253.50638192	228307.75949121	445535.58294203	129013.16030824	12236.18490408	85516.06816939	102209.33547114	85384.68175725	507786.93744229	445290.07189715	370732.22673681	621528.93709974	180235.11221379	520329.49256172	624349.94312877	527214.53347363	468923.91333406	470792.78426276	102100.00188002	265130.31615441	124296.71370352	558342.48780323	628734.04399851	
49192.01809304	160350.44823577	99669.77109328	179193.13988150	106060.15106920	239511.46138454	228307.75949121	445535.58294203	29386.42541923	12236.18490408	59539.35099336	50289.61656864	21812.56223087	567166.99209477	435414.90076757	514416.18919606	580965.16962505	180235.11221379	508508.59271640	522624.60659300	527214.53347363	500612.07358070	414670.15416868	102100.00188002	235910.92807427	124296.71370352	699343.29367475	628734.04399851	
156726.79328532	24615.44597447	214389.16668675	179193.13988150	106060.15106920	258858.86454174	203996.10623275	405888.25232254	133192.51217460	12236.18490408	41000.88085052	50289.61656864	19830.54264571	567166.99209477	535050.62515615	655666.93637411	642136.74092466	180235.11221379	385269.66280776	554617.13805642	521951.91339130	490203.53026611	469572.48069206	102100.00188002	235910.92807427	124296.71370352	615045.20815798	678490.97046429	
255332.41956211	24615.44597447	117532.76814337	179193.13988150	78787.22693933	201423.75108370	135702.49370721	453200.39110330	96391.44340722	12236.18490408	39485.35260251	50289.61656864	19830.54264571	567166.99209477	581668.98704916	518461.14752206	551089.76627619	180235.11221379	498153.52274177	554617.13805642	637882.89341894	587423.32453232	469572.48069206	102100.00188002	235910.92807427	179301.93539140	632063.73247270	678490.97046429	
197627.22337608	37573.64968057	189710.62498894	179193.13988150	167054.54852847	283566.89717635	130936.86180967	414966.37507366	32645.43418846	12236.18490408	132310.15657538	174069.46305343	19830.54264571	567166.99209477	647742.12903020	543280.97149411	692761.25439335	180235.11221379	442039.13541226	520825.30053815	557097.28601289	526036.39560405	483215.76566187	61786.06022007	291877.76559403	181250.91086002	617284.13015982	678490.97046429	
239504.76652898	37573.64968057	84132.88175380	179193.13988150	248276.61878591	421482.08325243	234099.02919025	326233.25124582	161956.42360761	12236.18490408	132310.15657538	121903.18834326	128748.59918284	633560.45639369	647742.12903020	427993.65169331	574458.97469207	180235.11221379	530772.69823264	444039.44593049	446749.72227760	629223.31018406	522238.74079984	133087.03900395	393737.89365713	181250.91086002	479308.79612416	678490.97046429	
305930.11256711	37573.64968057	84132.88175380	179193.13988150	316475.33364398	421482.08325243	235316.79053172	259102.69379448	267572.14747679	12236.18490408	140066.62510707	174859.81120822	147913.75321809	633560.45639369	569673.57036257	441739.94088486	483563.22547245	180235.11221379	680703.16140806	562153.65613841	363539.48432694	629223.31018406	522238.74079984	271511.21903313	318536.44223932	181250.91086002	619853.89386669	633676.30651445	
347794.83671400	37573.64968057	33553.34785675	128906.01982443	423656.24116133	497801.53068343	308044.95632116	333953.77648076	416440.98904804	144713.37806928	140066.62510707	174859.81120822	24303.70555780	633560.45639369	569673.57036257	419560.64331012	586027.98979966	223072.54091357	557710.59832172	527898.40844889	365495.24638550	629223.31018406	522238.74079984	362045.02077727	321683.27687143	181250.91086002	630364.88077681	636644.10388053	
347794.83671400	137899.27594538	94446.00912687	167672.05575966	536840.33370260	407549.90983945	347744.52932936	207361.68903617	385053.79672181	144713.37806928	140066.62510707	174859.81120822	24303.70555780	605328.93339259	645152.85293513	373058.97890342	679802.80431603	280656.79591245	620129.46364669	410058.53262850	365495.24638550	618205.33969420	504965.84176528	244746.38488386	245443.59055280	181250.91086002	620275.70429024	636644.10388053	
353295.00379495	164306.56723980	58286.27482101	195706.75617504	585700.46242217	407549.90983945	347744.52932936	76656.56753432	385053.79672181	136196.11946234	140066.62510707	174859.81120822	24303.70555780	605328.93339259	523036.25979390	326699.41622601	679802.80431603	244432.83888266	688467.67370199	408079.80194606	362930.91499204	666735.97418774	504965.84176528	244746.38488386	245443.59055280	181250.91086002	493939.86782529	636644.10388053	
394687.68706848	137811.71097529	58286.27482101	195706.75617504	655534.20615223	395081.55067096	347744.52932936	6349.76388503	385053.79672181	200644.18554414	140066.62510707	174859.81120822	164953.45190285	605328.93339259	538218.56220146	436727.90405817	606397.79338812	224734.44525893	688467.67370199	408079.80194606	399343.26235811	682461.97502785	572206.75660740	244746.38488386	264128.25103321	181250.91086002	493939.86782529	636644.10388053	
337248.17731034	126679.01044199	204357.51969246	207697.55209921	607593.85876929	395081.55067096	227609.53253074	53724.53643090	409039.89008350	200644.18554414	253021.27046822	174859.81120822	138950.66398986	605328.93339259	538218.56220146	558377.73731839	668511.22947840	224734.44525893	688467.67370199	429150.46444885	483918.67522388	697277.93644551	572206.75660740	248559.17434984	264128.25103321	181250.91086002	453369.49335965	636644.10388053	
455025.94401800	11372.11937196	330638.40025315	71438.21566972	495624.26166436	395081.55067096	124585.81427557	182260.07550208	509579.33545122	200644.18554414	253021.27046822	174859.81120822	195383.73045963	605328.93339259	514235.83410636	609865.37426321	642339.70942122	224734.44525893	688467.67370199	469359.63891209	540022.73327083	569649.45321792	548329.52657397	334901.54096100	264128.25103321	181250.91086002	503019.68278955	636644.10388053	
455025.94401800	33597.17841208	257928.86354559	32732.09274931	519387.73560339	395081.55067096	105782.55845628	166864.07033691	448240.14114624	239736.25340182	247195.83821241	174859.81120822	139958.76324517	605328.93339259	514235.83410636	524872.26626668	685506.23178046	173298.75690221	674315.52448628	520126.43701393	633013.96665444	448649.77165880	566646.54680860	334901.54096100	282269.98740908	181250.91086002	436980.81525568	636644.10388053	
371353.81862095	33597.17841208	126353.76286395	38884.98197799	412776.94965883	454035.20387379	235883.74071694	35428.82621393	344412.98116513	206277.17087241	204478.40327120	174859.81120822	279308.58717546	605328.93339259	404474.21852215	524872.26626668	685506.23178046	156181.78698349	672632.74489815	520126.43701393	633013.96665444	405790.63521741	470260.82846093	224116.04368706	383419.66208787	181250.91086002	478165.28747399	636644.10388053	
258807.65876145	65684.13990521	252223.66052425	135300.37716779	478134.29310585	454035.20387379	241827.72892606	150665.79169947	294496.78169785	206277.17087241	186805.07444935	106432.23016778	420468.27680939	560306.04312868	396342.70477033	467710.47543786	685506.23178046	156181.78698349	611137.59651081	520126.43701393	633013.96665444	523104.05766585	449600.06305092	224116.04368706	391192.52428103	181250.91086002	513225.94118529	699586.28661672	
258807.65876145	171070.74080893	152352.97168704	42542.24277089	601399.04011174	365260.35609606	306476.55759087	166953.33105083	294496.78169785	172223.81469419	289602.66020255	106432.23016778	507583.88859596	661982.53023349	308629.60814707	418567.74404201	685506.23178046	283023.01899513	672660.33033240	601217.58981305	625371.61616908	622796.92968863	386895.62892408	224116.04368706	324955.53816863	112501.77283946	513225.94118529	699586.28661672	
218643.16094832	225920.88429851	67483.80790138	42542.24277089	598384.06350739	283894.36847544	371009.86665833	27242.83166593	294496.78169785	172223.81469419	206632.55008346	35006.07854673	507583.88859596	661982.53023349	339556.10498642	372818.95038392	685506.23178046	254479.87939817	670010.37211624	581323.59238596	625371.61616908	602023.43659680	441776.03663934	224116.04368706	324955.53816863	112501.77283946	513225.94118529	699586.28661672	
166106.70819975	322420.96342005	137382.13964580	115857.15159265	649082.46905401	307194.17594675	481641.62314970	147801.32647836	243718.09292567	142965.19157071	58330.07353977	35006.07854673	507583.88859596	661982.53023349	412397.18648710	372818.95038392	550333.19866206	292849.89311118	670010.37211624	678181.69074108	660898.39712676	501570.41204415	392744.36768349	224116.04368706	278542.64848656	40417.18275015	513225.94118529	699586.28661672	
270053.94305550	193530.57583127	123029.95811731	232291.26320000	653363.15905319	328411.37207959	619712.56874287	42274.86270432	112744.18275728	142965.19157071	107889.93722247	35006.07854673	507583.88859596	643900.87554025	374739.47016374	413634.73109600	445169.83547805	292849.89311118	697288.68640162	536109.90929491	663082.82273383	501570.41204415	392744.36768349	224116.04368706	278542.64848656	40417.18275015	513225.94118529	699586.28661672	
270053.94305550	335966.69436420	7459.58642974	232291.26320000	648707.89574946	409070.56788221	619712.56874287	157621.88097810	77776.37592822	77150.97908032	201501.72002796	35006.07854673	458683.03337360	541127.91099522	322283.95909857	413634.73109600	334433.01702981	292849.89311118	653672.65629082	653653.09627786	681274.05637024	516683.47898319	310022.24952582	224116.04368706	278542.64848656	40417.18275015	513225.94118529	622369.98896587	
229891.15533937	387196.59213448	7459.58642974	173591.66279645	650800.43523478	407389.19556208	619712.56874287	280028.51087779	106578.40820165	77150.97908032	275698.33429880	35006.07854673	458683.03337360	541127.91099522	342483.92444327	499958.80455161	285274.81290750	194749.07144133	653672.65629082	653653.09627786	681274.05637024	622827.50195368	383723.85680306	150919.02638597	373739.82121400	40417.18275015	550302.31039919	640440.71205351	
316552.90157339	387196.59213448	7459.58642974	164409.20576712	650800.43523478	383546.36801148	581141.33687316	391854.71212762	106578.40820165	16840.20022821	248145.71239751	35006.07854673	458683.03337360	485375.18284117	342483.92444327	437933.55235289	255104.52731387	209055.50188622	653672.65629082	669386.51508708	587652.74467656	473207.02762105	480480.32142709	150919.02638597	371153.56858295	40417.18275015	498421.15524973	640440.71205351	
175643.58296086	350278.80784480	7459.58642974	101489.03383067	630875.96070210	305314.08791828	482380.45204806	336871.73353188	106578.40820165	65560.35380708	241612.41969209	35006.07854673	453804.17816936	485375.18284117	262970.44226289	453358.94095741	347781.75361082	276812.27385467	653672.65629082	669386.51508708	587652.74467656	450295.47643481	480480.32142709	227474.54382896	319662.80224624	40417.18275015	498421.15524973	690114.25913919	
177363.91672061	379427.21721354	11278.12859017	189205.54077831	630875.96070210	225941.49325273	549971.02901309	285054.99687860	236435.07194153	18678.51114587	173670.42069832	35006.07854673	312882.73876838	485375.18284117	262970.44226289	434142.23545894	406271.08546873	237789.31189813	653672.65629082	669386.51508708	578495.49792469	450295.47643481	386776.66644753	328754.89048624	176750.05570192	40417.18275015	590729.20381792	690114.25913919	
177363.91672061	316109.49662934	11278.12859017	90823.97799093	630875.96070210	285848.62434813	546440.92843055	366696.84383519	218525.87578539	42243.05045130	173670.42069832	35006.07854673	312882.73876838	596226.55340477	223252.03037323	560690.95951852	364098.19887387	236261.55788869	653672.65629082	524488.68018954	578495.49792469	503984.04902627	328144.94156019	328754.89048624	176750.05570192	40417.18275015	679164.97970632	632045.98551316	
177363.91672061	284710.42679350	11278.12859017	227610.24158767	549851.72355218	272215.49542002	492274.06689419	311316.99375766	327226.08964353	72627.70029878	24522.23380718	35006.07854673	358852.40249096	508348.66197722	223252.03037323	501991.06927208	216612.56601003	320297.89757161	653672.65629082	411488.36918487	658882.34992441	467542.92633127	465928.47441278	328754.89048624	198858.01104042	40417.18275015	560802.75814493	587339.39129203	
177363.91672061	428172.15412028	78883.65552318	245573.64607844	522886.54119644	126821.94967544	541623.11763288	364821.51815060	257447.76302340	72627.70029878	137798.70657270	35006.07854673	272613.70445787	514883.93207777	254092.81496629	623711.12183203	309804.61758199	320297.89757161	548759.07026996	283541.66247212	658882.34992441	467542.92633127	342128.31130394	451975.45270585	198858.01104042	40417.18275015	695193.91442980	587339.39129203	
146205.38521868	444727.69582591	216063.00033472	202061.52129149	536965.04733742	126821.94967544	541623.11763288	364821.51815060	164530.06641848	72627.70029878	159289.29292306	35006.07854673	206660.55004245	514883.93207777	340983.44405393	565518.87109966	367911.05427461	205065.18166552	568724.26470247	399971.25907515	584692.75062637	600220.10837078	272054.90594546	355020.69082646	198858.01104042	40417.18275015	695193.91442980	587339.39129203	
146205.38521868	459398.83172637	82457.81336469	67184.02924807	536965.04733742	13558.19746892	581500.89465506	301443.42391645	173513.12045386	46690.60646243	159289.29292306	35006.07854673	133897.67198619	514883.93207777	204515.23768167	565518.87109966	490273.46029209	174540.74334305	568724.26470247	504115.20594304	584692.75062637	579637.69931828	338480.00974093	341735.64998086	192335.25566772	88193.54706649	611069.62205860	525659.33809123	
137893.76490892	537517.13194734	26448.50847965	156563.66646611	409913.08207143	13558.19746892	531201.01606609	303572.91997668	173513.12045386	245.88384053	159289.29292306	35006.07854673	126157.74007847	458650.72716079	152536.96070785	693382.47213541	465063.60040390	174540.74334305	452731.32278464	476846.79992898	584692.75062637	485560.18757227	235972.93876801	372402.20522741	288059.28579952	40735.42048427	581743.38276411	621404.74547436	
137893.76490892	657687.58293167	12450.63809758	156563.66646611	350197.50921789	78031.50865902	531201.01606609	205707.65359731	207521.92451588	245.88384053	260682.58326335	35006.07854673	274732.23205138	578184.62587521	250634.40420972	693382.47213541	357244.64771216	236541.72707183	454512.48808509	424944.19437435	584692.75062637	468239.85448612	235972.93876801	464812.43823577	331711.27595138	35101.00759612	610758.18126449	621404.74547436	
181988.32970773	657687.58293167	12450.63809758	172400.76126248	451990.37857986	123457.81697918	531201.01606609	303278.40590246	207521.92451588	245.88384053	159648.47666302	3784.39724833	274732.23205138	542307.45805798	188201.43600723	693382.47213541	281161.45740131	274625.19613686	512259.89719199	456726.37164203	596399.99622793	444400.15955182	371878.60914725	472035.43794838	182159.81066284	105013.70756150	565970.72866895	621404.74547436	
181988.32970773	591055.89505981	12450.63809758	79644.82132613	370857.56952067	140905.01916878	456267.24472740	403167.11182670	261303.95733849	245.88384053	159524.54977793	3784.39724833	181188.07030451	542307.45805798	263917.30120110	626237.17220204	165179.03508689	161242.17234470	588550.92827357	458301.54012660	596399.99622793	444400.15955182	322697.43695842	396689.06344893	242120.33643743	62035.84742471	565970.72866895	631798.59183377	
104459.36832653	591055.89505981	12450.63809758	79644.82132613	475330.91985137	26802.79158654	456267.24472740	341133.67495086	249143.44454338	65369.86320968	159524.54977793	3784.39724833	181188.07030451	542307.45805798	401711.57534373	626237.17220204	231917.97324286	144804.83806855	651756.49987812	449524.04736834	566415.90901985	352206.55056863	322697.43695842	449553.37923118	300300.44265227	62035.84742471	565970.72866895	631798.59183377	
115989.04134702	585153.21292407	12450.63809758	79644.82132613	575523.74682965	129565.47045713	370309.79960533	302372.08714207	185685.67760181	65369.86320968	46737.17573759	3784.39724833	61567.14209418	542307.45805798	409224.03489753	590727.21910894	233088.36785655	241635.55279115	651756.49987812	406239.73642091	616011.89288254	434229.72793880	377079.77937755	477407.68503280	241891.99342586	62035.84742471	550594.39269582	660695.33491673	
47335.03732872	585153.21292407	136566.00703749	52038.70397323	575523.74682965	120714.29604041	334088.40104876	195622.52471737	332895.86265326	65369.86320968	46737.17573759	3784.39724833	180641.07379018	542307.45805798	534117.68323004	590727.21910894	177476.34106386	149231.20833462	631663.91182454	516287.39368052	631296.26340199	443279.77022744	507298.01926684	492267.16706024	246319.05645400	62035.84742471	479799.72188556	660695.33491673	
116505.51295695	540596.53478677	136566.00703749	56615.67474958	444319.48083591	79985.94131370	333452.10323936	72270.24550335	332171.61697499	133162.88555089	137538.01622508	3784.39724833	214836.54187434	542307.45805798	484575.57935648	590727.21910894	299955.14407479	156604.41286594	631663.91182454	396397.87900802	631296.26340199	377661.16286110	476439.96611522	624758.05391376	233411.76701941	62035.84742471	538583.92523847	660695.33491673	
48820.10289787	586593.33798735	83079.89794967	31999.87246544	569250.74203603	124466.57304226	305359.30675545	77272.06654253	284243.60419276	133162.88555089	10909.99939365	3784.39724833	214836.54187434	540129.69578360	484575.57935648	624461.93513854	161651.87624492	160300.53182031	631663.91182454	449753.32644665	631296.26340199	480001.00102396	395571.39304575	477953.47364738	329329.26049744	62035.84742471	462887.16668673	660695.33491673	
48820.10289787	586593.33798735	83079.89794967	21218.19053919	590067.20180948	208766.24672870	343603.47054914	77272.06654253	284243.60419276	61500.08970416	10909.99939365	3784.39724833	84630.05882129	585985.71973909	568984.98111236	624461.93513854	86692.86690476	70923.23105804	631663.91182454	577705.68461668	671049.65393963	401789.57854877	395605.82152792	527131.98907261	470433.69603852	62035.84742471	534049.25763878	606405.83952762	
46712.44662072	586593.33798735	83079.89794967	21218.19053919	626561.72479853	166496.07200893	232791.68283128	158533.11362156	375246.35906967	61500.08970416	1882.70950752	17868.17119764	126569.25049394	585985.71973909	583817.39123131	624461.93513854	86692.86690476	156599.61564835	631663.91182454	442850.36005246	671049.65393963	316600.61248982	466832.50641507	527131.98907261	563943.58076314	62035.84742471	498032.04457281	606405.83952762	
67648.98828954	586593.33798735	83079.89794967	21218.19053919	598864.86203018	108780.83424133	374559.67920555	236857.58729319	257885.28135669	61500.08970416	1882.70950752	17868.17119764	57294.38218026	585985.71973909	627517.64858703	624461.93513854	86692.86690476	200894.17812446	655204.09245735	350140.26720677	678896.97194065	423094.07872835	387168.84054033	527131.98907261	563943.58076314	44441.30527944	498032.04457281	628006.49749335	
67648.98828954	583776.25779371	83079.89794967	146392.41810806	553577.87532195	213747.17443778	365753.45905118	202353.04014987	163625.88974719	81385.03208625	40570.37001907	17868.17119764	21546.84364524	585985.71973909	627517.64858703	624461.93513854	86692.86690476	327887.24087423	605887.30239477	399598.84686226	598180.45644241	512814.04387035	243016.06588240	400408.40597496	682352.25037898	44441.30527944	401026.81654035	608563.22036506	
67648.98828954	583776.25779371	3504.81587326	190497.90499916	553577.87532195	201216.20532278	358218.72281389	257574.75690740	181665.82621634	81385.03208625	40570.37001907	17868.17119764	21546.84364524	585985.71973909	486330.05104469	640221.23786602	127522.37865414	421810.31707946	605887.30239477	327394.71198375	583521.04050557	546154.78767721	224284.84308972	521678.60065187	603340.44725270	44441.30527944	352770.41109848	608563.22036506	
67648.98828954	465386.11165478	3504.81587326	257191.07122195	604407.35116554	301682.23944448	282262.86792283	119275.39574587	181665.82621634	81385.03208625	17833.75512591	17868.17119764	21546.84364524	585985.71973909	486330.05104469	640221.23786602	62705.06087318	491377.54581770	622087.76922145	378476.05278961	583521.04050557	504526.12635258	224284.84308972	517169.84847446	522397.35454913	87298.73641303	365434.01604592	608563.22036506	
67648.98828954	495947.78725908	3504.81587326	320830.70912202	604407.35116554	285545.52004047	424962.00156116	229085.47918843	181665.82621634	81385.03208625	7476.81928737	17868.17119764	157080.80950787	585985.71973909	486330.05104469	624350.99382886	102442.47905223	519568.48521019	622087.76922145	387691.48348911	694276.85265012	596797.45795586	224284.84308972	517169.84847446	491810.00427470	87298.73641303	315045.03326204	608563.22036506	
2004.95087192	416210.96077758	30144.37320306	318840.68235502	604407.35116554	204559.75036411	355574.75613766	237721.15256891	128247.80817733	81385.03208625	132832.40460250	17868.17119764	157080.80950787	585985.71973909	514981.36805408	483661.25019833	102442.47905223	519568.48521019	692954.10940468	356266.28002765	694276.85265012	553537.33356719	252770.58350016	532717.86313334	479530.88438400	72894.59888527	270553.20882982	608563.22036506	
142086.24585638	380534.70606228	30144.37320306	188284.43437144	647650.47555839	72286.91299608	438467.31159564	382585.83388603	8260.01758962	11137.95856138	263674.62428598	17868.17119764	157080.80950787	585985.71973909	501148.24945993	471484.47757172	157298.15276993	593712.88760261	695653.26475661	501837.87151504	665894.80584568	448254.57904388	374312.26309915	426196.65817874	402225.68119537	72894.59888527	326158.63462002	608563.22036506	
197447.25780317	380534.70606228	103278.86992670	251729.75468491	647650.47555839	99371.06220969	371684.94832566	447009.46394162	8260.01758962	11137.95856138	303087.79707503	27553.56303976	23152.55164668	585985.71973909	424308.07297863	531539.90808348	157298.15276993	593712.88760261	695653.26475661	466397.04245254	620230.73616754	459562.35292821	349824.87802784	464318.85135227	339164.24264959	72894.59888527	443285.00544988	608563.22036506	
303323.71879904	361347.02945278	103278.86992670	288864.69719121	647650.47555839	48645.34073486	370297.73627345	401319.49019699	8260.01758962	11137.95856138	235985.14380468	27553.56303976	23152.55164668	585985.71973909	424308.07297863	538788.87488536	237486.55790891	656416.82051740	695653.26475661	541935.61158263	525999.49381977	541828.70843466	303957.06472975	408047.01164202	478539.14941665	72894.59888527	443285.00544988	608563.22036506	
303323.71879904	251674.62232750	136786.14348425	359895.94540054	578289.36675041	21745.27843505	512055.76779943	359658.80448292	8260.01758962	11137.95856138	178755.19680855	27553.56303976	23152.55164668	585985.71973909	424308.07297863	664677.38074516	323090.77904831	555899.09077351	695653.26475661	628779.99075668	525999.49381977	605094.33285266	204696.66015398	410692.52252951	478539.14941665	72894.59888527	300985.15099092	641490.26986137	
299690.81675325	250077.41000718	75228.51030720	474266.86413215	479642.65359050	75340.36359041	411956.64362025	250691.88944498	143082.14736455	139810.52558403	178755.19680855	27553.56303976	63290.61357136	585985.71973909	400173.72260433	625190.04766737	258342.13523459	555899.09077351	695653.26475661	600519.03411781	534762.65213529	605094.33285266	204696.66015398	326850.21481186	595691.86354112	99793.52010903	329231.28410250	591562.56440803	
299690.81675325	283871.51136615	101434.66092831	378467.95380070	480781.59958426	75340.36359041	467032.54435544	314518.08753560	116851.37700835	139810.52558403	79387.31002670	27553.56303976	204938.09186265	585985.71973909	451174.90077651	494766.03253345	295979.39516330	522591.16447691	656654.55211029	600519.03411781	534762.65213529	549386.17668615	202333.51188634	326850.21481186	590122.38984115	99793.52010903	428988.64966900	591562.56440803	
178925.07936091	234948.68588428	101434.66092831	446601.71382619	531324.32140824	75340.36359041	467032.54435544	189326.40538836	116851.37700835	225710.71571378	79387.31002670	98650.01613935	147970.12974789	585985.71973909	409940.66182086	425686.69613057	430199.67956258	522591.16447691	656654.55211029	473485.73099402	517658.69350069	406916.39426157	213998.76608985	408734.50424800	554632.12624492	168189.34143750	326446.94864345	635812.05329938	
269223.73522612	98314.47911272	177776.39462047	442547.34815769	492185.12548300	46691.89898765	467032.54435544	108232.11394920	116851.37700835	225710.71571378	79387.31002670	98650.01613935	16738.03698616	585985.71973909	391001.54774400	489713.26430344	414248.13988162	652989.61838282	656654.55211029	371478.74636665	517658.69350069	504219.70142781	213998.76608985	288914.29715331	569724.18150163	168189.34143750	460129.53559917	587227.40626184	
354956.90072709	52902.04493186	123009.56929562	442547.34815769	540283.01386188	25460.42489566	467032.54435544	249320.66021902	143725.83935552	225710.71571378	49493.01394898	69009.08962503	16738.03698616	585985.71973909	391001.54774400	395442.41444516	362217.75743368	652989.61838282	656654.55211029	291085.58395615	517658.69350069	356937.73831324	159694.01423562	342033.45229575	459039.84623489	121827.03070112	495693.65530003	591429.92403444	
334170.67636868	25924.80487007	3744.66614104	503814.33702092	614022.51188087	115850.38576756	467032.54435544	249320.66021902	30191.23197814	124895.96726517	49493.01394898	69009.08962503	81917.36215222	542173.58194744	470038.37913395	311345.35529381	442189.83640526	652989.61838282	656654.55211029	376358.81444812	490933.63976179	479202.91146208	220827.46341439	342033.45229575	523442.64718700	121827.03070112	563886.47292224	622579.07618355	
268531.52450849	25924.80487007	70289.21110876	377269.32403420	614022.51188087	115850.38576756	467032.54435544	373175.45009527	30191.23197814	49912.87267190	130108.48290147	69009.08962503	177204.76629671	542173.58194744	511724.64087391	407299.26307655	400830.63802922	640216.61645858	656654.55211029	288375.78945873	528519.14275462	408801.82730344	182645.76095920	342033.45229575	513696.30990865	121827.03070112	685809.27575594	622579.07618355	
255294.07542306	25924.80487007	4473.22910895	363944.13178150	614022.51188087	115850.38576756	472584.18765857	373175.45009527	43417.40635543	81233.14932371	95115.20765876	69009.08962503	134394.35153917	542173.58194744	511724.64087391	408559.69290002	409129.83847521	640216.61645858	656654.55211029	389989.43017218	528519.14275462	463908.87943469	66404.38872435	342033.45229575	626203.82999876	80235.44949111	620801.45024843	622579.07618355	
232224.05804472	56296.68866577	91425.72439942	214579.15026482	614022.51188087	20332.73847808	472584.18765857	409248.75049293	43417.40635543	81233.14932371	64328.24010103	69009.08962503	134394.35153917	542173.58194744	589090.23873533	408559.69290002	293080.52472453	501661.71847304	656654.55211029	274777.12380936	528519.14275462	463908.87943469	115329.42074781	342033.45229575	618085.22388254	80235.44949111	506305.15954662	647650.48377450	
357791.45900803	129331.34180459	20423.67700492	209245.38919106	515508.59821825	20332.73847808	472584.18765857	454233.56415117	43417.40635543	81233.14932371	94696.11281711	69009.08962503	134394.35153917	437138.07058504	607290.42624496	372256.76014598	332257.78967177	626640.45915229	656654.55211029	396845.19799313	528519.14275462	485027.34855851	197426.19810507	288573.24523136	657778.62690632	80235.44949111	506305.15954662	582357.78160084	
498392.84464640	86803.17964608	8564.73798096	159421.82196409	613355.91135914	20332.73847808	360879.78675647	454233.56415117	2638.93152778	81233.14932371	125173.21534232	69009.08962503	44746.52079572	569706.18463443	640213.79568742	515927.42690851	234821.79104394	623285.78825620	656654.55211029	516780.72056961	511237.64685575	624410.62236009	197426.19810507	206628.70010098	657778.62690632	80235.44949111	566935.90606757	582357.78160084	
509091.54099611	21516.33807585	8564.73798096	279266.39674026	618279.06410277	109193.04227092	340085.19436436	404914.09475821	2638.93152778	103707.24729807	218581.57746247	69009.08962503	44746.52079572	569706.18463443	640213.79568742	570361.70451711	197464.87728908	597525.19990543	656654.55211029	472741.48790338	505278.51490219	624410.62236009	347271.19948871	122838.46028161	657778.62690632	86496.14820432	481178.00723124	614852.40322550	
580952.38343346	72147.35783043	76495.05077816	168480.78903697	618279.06410277	212235.21609412	398770.07356068	435461.77798054	2638.93152778	103707.24729807	120432.78627232	69009.08962503	44746.52079572	466149.12577081	640213.79568742	570361.70451711	184324.22062156	614440.70147748	656654.55211029	325954.08622671	523488.28634329	662685.90039575	339935.47723346	118624.67258585	657778.62690632	86496.14820432	486140.42329248	614852.40322550	
581241.03578627	50041.62889815	76495.05077816	54205.40251010	470300.50833114	87428.25149469	480343.38657562	373111.46842053	2638.93152778	103707.24729807	120432.78627232	69009.08962503	44746.52079572	603634.72576848	655538.35465761	448310.33573433	301350.33477171	628676.98678909	656654.55211029	284887.95172847	530817.08585690	662685.90039575	433962.24243523	118624.67258585	657778.62690632	86496.14820432	529630.23920353	614852.40322550	
531267.89230466	50041.62889815	76495.05077816	42849.90606037	383053.96054882	146909.47494604	480343.38657562	496356.47290978	46141.06655047	103707.24729807	244459.25416704	69009.08962503	33051.83311940	474950.12110402	655538.35465761	389309.66196522	166784.34127566	515130.35272093	698220.76258845	274192.75876822	495287.10172523	662685.90039575	382036.56706155	165152.83053160	657778.62690632	86496.14820432	479389.90348262	527158.80423325	
430085.91112255	100015.02151983	166264.85184251	100846.71438325	354225.77793810	72327.79800728	480343.38657562	622911.43418728	109414.30621978	140193.00744204	250624.24464796	69009.08962503	118618.49901273	474950.12110402	655538.35465761	267863.61041183	166784.34127566	587006.18362331	698220.76258845	225069.86198559	495287.10172523	662685.90039575	318149.69731002	148844.97421946	510177.27950021	86496.14820432	590668.41132600	527158.80423325	
575173.79358227	142849.17940160	166264.85184251	100846.71438325	276227.74406027	193141.65510764	494176.67364966	552496.43215874	95042.96473718	15756.74128807	399526.50965174	80264.96510096	118618.49901273	474950.12110402	599785.76449986	353589.45980093	235168.19298735	638825.68916814	698220.76258845	198637.36904999	522650.22777321	662685.90039575	318149.69731002	137692.12950222	510177.27950021	86496.14820432	682549.59494564	527158.80423325	
533089.38712286	192163.31766949	102468.12745595	191508.48004765	385547.81863470	127677.44990836	345920.13279777	530447.94788203	81204.78987596	15756.74128807	279816.18666311	80264.96510096	19145.48049448	430595.21160089	614017.53866691	260305.67287474	235168.19298735	638825.68916814	664482.74324646	131740.36651950	508719.73736675	662685.90039575	426943.73390088	38853.89480223	510177.27950021	86496.14820432	687230.74791488	527158.80423325	
482684.81240487	180202.87535965	225435.21904902	332482.67234935	482877.50471865	110887.94274872	445245.03992084	628073.22747168	81204.78987596	15756.74128807	294055.64798903	80264.96510096	19145.48049448	424702.21975531	614017.53866691	273132.48589645	363757.99069841	538280.54099967	664482.74324646	225665.22850330	508719.73736675	662685.90039575	517411.04426461	44240.60501233	464074.41040025	86496.14820432	551270.59753951	527158.80423325	
504091.22381097	175320.29267402	260910.66168108	253940.87952755	416195.40056373	110887.94274872	494545.96330370	628073.22747168	137686.82103116	15756.74128807	157711.37985348	76495.48708335	19145.48049448	424702.21975531	614017.53866691	283026.37580235	385620.97778151	522588.33116157	588656.75400250	166421.99185476	508719.73736675	662685.90039575	640098.50950369	164817.04010445	464074.41040025	86496.14820432	498636.12188592	527158.80423325	