x_Sanriku y_Sanriku ae_model_Sanriku an_model_Sanriku au_model_Sanriku ve_1998_model_Sanriku vn_1998_model_Sanriku vu_1998_model_Sanriku ve_2009_model_Sanriku vn_2009_model_Sanriku vu_2009_model_Sanriku
-1.9448716377147238e+02 3.5173931955178404e+02 -3.2095465659569533e-01 1.5899421578870243e-01 3.3247713109563408e-03 9.2590239452682854e-03 -4.5647412720975578e-03 9.9016557371011218e-05 5.7285227227156371e-03 -2.8158048984218312e-03 1.3558904179153096e-04
-9.6791863536007753e+01 3.3137477449986517e+02 -5.3303402874464423e-01 3.6076426929513805e-01 4.7206467242136216e-02 1.3377895965501117e-02 -8.8956866277256699e-03 -1.2969442710794262e-03 7.5145216493100308e-03 -4.9272796654791515e-03 -7.7767313141592783e-04
-1.2982429037677906e+02 2.8080262745792811e+02 -6.5329418044665843e-01 2.1639016361618493e-01 3.1952643428371424e-02 1.6759369220277362e-02 -5.8439402640689834e-03 -1.5371926383937705e-03 9.5731332353641199e-03 -3.4636484642909492e-03 -1.1857135606816848e-03
-1.7692152035138466e+02 2.7489814293159236e+02 -4.7920669181568698e-01 1.1287599708608330e-01 2.7384996895919832e-05 1.3286053437764705e-02 -3.4302679181501781e-03 -2.2600366011592640e-04 8.0147798277921487e-03 -2.1886319502032619e-03 -2.2570242515007128e-04
-4.9423715196953118e+01 2.0126431094056616e+02 -9.6043733270143616e-01 8.9677959397269927e-02 4.9758735305171703e-01 1.9435798400263618e-02 -2.8781642044264969e-03 -8.1749386908913056e-03 8.8709877405478196e-03 -1.8917066510565276e-03 -2.7014778073224176e-03
-3.6864715501989188e+01 1.3889621445930950e+02 -2.4473916458482936e-01 -4.6987338757100601e-02 2.4905188328078892e-01 5.7199109579275913e-03 -6.2689361918566119e-04 -3.7550334330474916e-03 3.0277801474944683e-03 -1.1437543455137679e-03 -1.0154627169588132e-03
-1.0076728926120548e+02 8.8189862746776981e+01 -1.4030573015143735e-01 -4.5730589952740777e-02 3.4548074914780638e-02 4.0224884586578568e-03 4.4593645227281736e-04 -1.8916245482693140e-04 2.4791254269920459e-03 -5.7100037207331175e-05 1.9086636923565563e-04
-2.2148796480158774e+02 1.8594138644642572e+02 -2.9389876953494926e-01 -3.0233989129020124e-02 -3.3781651592407536e-03 8.7788738593793814e-03 4.2914967407318223e-04 1.9962315746284171e-04 5.5459873944949398e-03 9.6575793653960845e-05 1.6246334071119342e-04
-1.9988565504238028e+02 1.2209450226259418e+02 -2.0310642968466930e-01 -6.4304152784243979e-02 -4.6641961707423723e-03 6.1894642800253861e-03 1.3728923773432353e-03 3.3275585026273376e-04 3.9552935534940235e-03 6.6554669671655157e-04 2.8144969238456767e-04
-2.2207784760621578e+02 6.6677829804010074e+01 -1.0228537171080904e-01 -4.9448120277551834e-02 -2.4028946989314449e-03 3.3889269604630953e-03 1.1126208698879678e-03 2.8665855417219968e-04 2.2637878716441958e-03 5.6869154683489764e-04 2.6022671248395379e-04
-1.7819545520713305e+02 5.0460138622349987e+01 -8.3170811086842086e-02 -4.3419261333173656e-02 -4.1135273088694297e-03 2.7502522401662271e-03 8.5992627368458921e-04 4.1295756334669702e-04 1.8353733182109643e-03 3.8231439901967898e-04 3.6770876294913330e-04
-2.4517853940093704e+02 2.9675820779526752e+01 -6.3471413620755354e-02 -3.7254450452332076e-02 3.1405210344183956e-04 2.2443065671082212e-03 8.6478905350486669e-04 1.5975867791550235e-04 1.5461210172799124e-03 4.5499009852921387e-04 1.6321325105336259e-04
-1.7511478964249341e+02 2.9004456956561273e+00 -3.6613011096609714e-02 -2.0466954944685804e-02 -3.7714826680236694e-03 1.3865366928574425e-03 3.0600713413318992e-04 3.4870986749485709e-04 9.8379357079473565e-04 8.0870629741646054e-05 3.0722355814659673e-04
-8.0993460258500249e+01 1.4526572872125818e+01 -2.6200438856009700e-02 1.4105289036696340e-02 1.0974242431867143e-02 1.0805160677463857e-03 -7.7104765544411778e-04 -8.9801798644794645e-06 7.9231124033027898e-04 -6.1588947604045803e-04 1.1173648688605910e-04
-1.2372500871549154e+02 4.4615843838643732e-01 -2.6866529371398065e-02 -1.5453797737596711e-03 2.5825691981751252e-05 1.0867511694776129e-03 -3.0648284599480921e-04 2.7929117916256226e-04 7.9121934639223414e-04 -3.2348202350616559e-04 2.7957526177436152e-04
-1.2865811302579340e+02 -5.6859832992151979e+01 -7.8252304623391711e-03 8.5735048802190617e-03 -1.4994522022826215e-03 4.7592089138642638e-04 -4.5384337838681217e-04 2.0100916597145564e-04 3.8984335630069551e-04 -3.5953482470440248e-04 1.8451519174634681e-04
-1.8108201744723505e+02 -1.0460201484459452e+02 -2.9434172777344850e-03 1.9726367342875629e-03 -2.2904097471865699e-04 2.6871476956185812e-04 -1.9246587798415210e-04 1.2690450615044751e-04 2.3633717950677878e-04 -1.7076687390698891e-04 1.2438505542854229e-04
-2.2745178985221625e+02 -7.2162805364284750e+01 -1.1836756969421243e-02 -1.0223705111379407e-02 7.5048143942530940e-04 5.7941938064425794e-04 1.7249485725108585e-04 8.6762932575744554e-05 4.4921505398062427e-04 6.0034101025912362e-05 9.5018228409422958e-05
-1.3037482572797259e+02 -1.3565260028671847e+02 -5.7137789653648316e-04 1.0090985121133149e-02 5.5648023863314800e-04 1.6438303139909322e-04 -4.0922859096778120e-04 8.7505906340359693e-05 1.5809787453719191e-04 -2.9822775463531656e-04 9.3627188965324321e-05
-1.5733778730383969e+02 -1.9634401206863643e+02 8.8885155770450060e-04 5.8704742644398490e-03 1.9284757264416627e-03 7.2698393612056496e-05 -2.5952589392368435e-04 2.8680670051422973e-05 8.2475760746806003e-05 -1.9495067701484601e-04 4.9893903042281264e-05
-2.3706303608399128e+02 -2.0986581231198016e+02 8.9711942040367307e-04 1.4988047281905956e-04 2.9662217178200376e-03 6.2898611192892514e-05 -6.2169524264285190e-05 -2.2416693613765287e-05 7.2766924817332918e-05 -6.0520839063275535e-05 1.0211745282255121e-05
-3.0937876361536632e+02 -1.7475854661131285e+02 -3.2509627192070238e-03 -5.6612275900249469e-03 4.5025368323106472e-03 2.0730805946921621e-04 1.2418902858964926e-04 -8.9410933813672627e-05 1.7154746955793895e-04 6.1915525099374836e-05 -3.9883028658255508e-05
-3.1479452536744833e+02 -2.2325686356828254e+02 -5.9795445537255904e-04 -2.9599083770912179e-03 4.3436964726675711e-03 9.9501592502947470e-05 5.5023903347573737e-05 -8.8970378977304125e-05 9.2924093493849320e-05 2.2464911199570336e-05 -4.1189717777960842e-05
-4.0461775623376468e+02 -1.9274654924935572e+02 -5.6560574125834031e-03 -5.2588154914224158e-03 5.8440846851302020e-03 2.6035654086740262e-04 1.3350402268190499e-04 -1.6197279616627744e-04 1.9813990932898519e-04 7.5657052276258420e-05 -9.7687864629845221e-05
-3.9924276905597634e+02 -2.5712385242876434e+02 -1.5815895484733349e-03 -1.0329743085604815e-03 5.2654184466763496e-03 1.2018206232044112e-04 6.5638807169513678e-06 -1.3957409718898698e-04 1.0278457728723444e-04 -4.7988366772139288e-06 -8.1654494275547129e-05
-3.4300750703789390e+02 -2.9654949270981928e+02 1.0391196834082172e-03 -4.2454391128780714e-04 4.1942735673988103e-03 3.7360994758706141e-05 -9.0427888126554677e-06 -8.9607523989862213e-05 4.8791311276196531e-05 -1.3712771836821346e-05 -4.3470514748475305e-05
-2.5032440636111679e+02 -6.2696574670116556e+00 -3.9509340045369046e-02 -2.7601035044940148e-02 1.2194613366139208e-03 1.4961330112362242e-03 6.3732332786985992e-04 1.0055272088758869e-04 1.0615302707371647e-03 3.3371194237551827e-04 1.1396679559034182e-04
-2.9723996884900475e+02 -4.1846097655151979e+01 -2.6977530113791514e-02 -2.1421536033649411e-02 4.6345774647222138e-03 1.0663480731266982e-03 5.3220582190660539e-04 -5.2034533214652652e-05 7.6959524187499159e-04 2.9656892553646185e-04 -1.0541811027083045e-06
-3.3590891608593643e+02 -9.5835238900135593e+01 -1.5098536088364837e-02 -1.4319471791068862e-02 5.7918920532913781e-03 6.3202652659539679e-04 3.7045883193430774e-04 -1.2464570091715296e-04 4.6594262962338360e-04 2.1294464223255025e-04 -6.0934888330947799e-05
-4.3475213380361458e+02 -1.4347939482636721e+02 -1.1531438810412954e-02 -8.5157273200935045e-03 6.6548714251622584e-03 4.6149872659215430e-04 2.3418892435924475e-04 -1.9847870119698712e-04 3.3465289967761182e-04 1.4051592383821621e-04 -1.2527511552020229e-04
-1.7115106386450785e+02 3.6589069288886071e+02 -3.2150744199939990e-01 1.9368885267749614e-01 3.2726284168476628e-03 9.1361591953163946e-03 -5.3877227429222326e-03 1.2829406350272675e-04 5.5995773333229956e-03 -3.2571453634697750e-03 1.6429297608805103e-04
-1.2436412824843941e+02 3.4896144955521646e+02 -4.2336030268426994e-01 2.8273337404412552e-01 1.4205503221979682e-02 1.1277910267139485e-02 -7.3737889768630029e-03 -3.0424308188325923e-04 6.6209469376125154e-03 -4.2637218623776223e-03 -1.4798254644148273e-04
-1.4571192135750354e+02 3.0357512548280909e+02 -5.3392345755305126e-01 2.1481113102638236e-01 1.1350087275757507e-02 1.4222725358479961e-02 -5.8911263470705320e-03 -6.2809783820275795e-04 8.3495673253963978e-03 -3.5282039057803263e-03 -5.0324687816942536e-04
-8.4261817969650139e+01 2.9428420415364258e+02 -7.7815448399893805e-01 4.0119557846186144e-01 1.2983588227515830e-01 1.8159228553618321e-02 -9.4220472848503944e-03 -3.6245328405839377e-03 9.5995292296300015e-03 -5.0088959217699184e-03 -2.1963381355571965e-03
-9.9090777731247186e+01 2.5635211701801290e+02 -8.7121975025152876e-01 2.3238883153626622e-01 1.2576941755896309e-01 2.0520949157539568e-02 -5.8652456414035941e-03 -3.9655880541545436e-03 1.0937531904772752e-02 -3.3089684945046658e-03 -2.5821244610059494e-03
-2.0664500576449964e+02 2.5328958920135321e+02 -3.9391544742016832e-01 5.0513973474806149e-02 -2.2692566519821292e-03 1.1344844599688975e-02 -1.7973088484795202e-03 4.2730186448567732e-05 7.0117746780671234e-03 -1.2416551402566526e-03 1.7768363276764309e-05
-1.5174421013324394e+02 2.4597205278130079e+02 -5.8688953953488443e-01 8.6523703969202143e-02 1.0344446515365591e-02 1.5648404733306781e-02 -2.7509997677303997e-03 -8.9056766042254802e-04 9.1926197984230525e-03 -1.7992390240691761e-03 -7.7677874875352652e-04
-7.2689736420827231e+01 2.4386352486535569e+02 -1.0505357160389870e+00 2.6574419887036299e-01 2.8811689150806336e-01 2.2643156115262603e-02 -6.0693222638315393e-03 -6.5276090579759454e-03 1.1087263238833746e-02 -3.1461360762575462e-03 -3.3583232513872490e-03
-1.0990070142642331e+02 2.1940708102468875e+02 -7.7295252133659820e-01 5.1969739950123411e-02 8.8766757844211952e-02 1.8730268661132577e-02 -1.8251544070959620e-03 -2.9210887981919662e-03 1.0227790926429997e-02 -1.2534872676446046e-03 -1.9446544619056347e-03
-5.5674351280698666e+01 2.3148435964394187e+02 -1.1292160844064845e+00 2.5914838885912811e-01 4.4756963461976729e-01 2.3010114432796418e-02 -5.6438543581897533e-03 -8.1987694306904814e-03 1.0588737504325089e-02 -2.7932220807393442e-03 -3.2755034498730402e-03
-9.1432539469707919e+01 2.1916837062550655e+02 -8.8631962029192646e-01 7.7150948145724110e-02 1.6846064660154692e-01 2.0302652921890030e-02 -2.3485847627489785e-03 -4.3532914033415256e-03 1.0553137098678840e-02 -1.4999243331460133e-03 -2.5002242907245097e-03
-7.7401297401091114e+01 1.9207613559148371e+02 -8.0027104852689712e-01 -1.7536572286873421e-02 2.2784292978279436e-01 1.7823978468842157e-02 -4.9615104437047888e-04 -4.4544528044200404e-03 9.0209969350462885e-03 -6.8905333952608652e-04 -1.9481805768093025e-03
-9.7710867438045000e+01 1.8475561869142055e+02 -6.5894858514030963e-01 -5.1242516077510424e-02 1.1388172614128797e-01 1.5713955840047093e-02 4.7138873837628236e-04 -2.5882502045058041e-03 8.4655214035036872e-03 -9.2278938476332250e-05 -1.3355512169516365e-03
-3.5801752165082064e+01 1.7186553926168398e+02 -5.9098110394818959e-01 -1.3918257666607309e-02 4.6948299315209069e-01 1.2052913548173857e-02 -1.4529001535104019e-03 -7.2283075381409908e-03 5.5521214047437716e-03 -1.6060009878430823e-03 -2.0639946134679930e-03
-1.0304653160067232e+02 1.7046319326149802e+02 -5.4484053932370180e-01 -7.6716535467833427e-02 8.4044011465547214e-02 1.3381309346382236e-02 1.0996705742206032e-03 -1.7662448826431555e-03 7.3880634138215164e-03 2.5578868407443540e-04 -8.4176075652213616e-04
-4.8366232102495246e+01 1.6969239252407232e+02 -6.0881849753190598e-01 -4.5471596190915349e-02 3.8231574788523370e-01 1.2947973542807904e-02 -6.7132133685647328e-04 -6.1888048825152718e-03 6.2509700699569385e-03 -1.1715088949565422e-03 -1.9833316557777004e-03
-1.2045294609071190e+02 1.5404112467265801e+02 -4.1106263525349435e-01 -8.7351538034614359e-02 3.6234804925464603e-02 1.0709691952156323e-02 1.5313405348431894e-03 -6.6323703717480198e-04 6.1880029643678848e-03 5.7047361646243150e-04 -2.6465418299469136e-04
-1.0280415513712587e+02 1.4217793954976671e+02 -3.7013539133611850e-01 -8.9552654621172414e-02 6.3410347532418809e-02 9.4493380565956239e-03 1.4030744491971849e-03 -9.0997974589532142e-04 5.3778487518983207e-03 4.1799524836428834e-04 -2.1246592303871453e-04
-3.5608723066653567e+01 1.2620833519462867e+02 -1.5426512606866566e-01 -2.9978738221430146e-02 1.9353792262313735e-01 3.9205205257058793e-03 -8.1031430560815122e-04 -2.8568466107518425e-03 2.2236041389505569e-03 -1.1400804260438828e-03 -7.2792946189733168e-04
-1.1327975059475222e+02 1.1634327049817911e+02 -2.3976100399913564e-01 -7.7157259792692487e-02 3.2462552684820845e-02 6.5140782684340601e-03 1.2554807697664888e-03 -1.6763433789592397e-04 3.8767072244435680e-03 4.0675091204687134e-04 1.8945374163710532e-04
-7.1973456537455348e+01 1.1312492707961063e+02 -1.9934442835551061e-01 -5.2126247204936679e-02 1.0416408079560484e-01 5.2212265652854337e-03 2.0662857294427768e-04 -1.5482465958132181e-03 3.0284378533748167e-03 -3.6676014631002577e-04 -4.0244170706156475e-04
-4.9282839343316418e+01 1.0356256809874681e+02 -1.0797374636765321e-01 -1.8263316194896243e-02 1.1440733622777106e-01 3.0321324051245826e-03 -6.7202135354903550e-04 -1.6937149726678710e-03 1.8444211950803973e-03 -8.7291783169289421e-04 -4.3523427416238930e-04
-5.4482763643112179e+01 7.8091052079387481e+01 -6.1526158513021081e-02 3.4999812481007709e-03 6.5073311001727654e-02 1.9929214591831016e-03 -9.0096211257905778e-04 -9.0082607163402410e-04 1.3161337155398697e-03 -8.6246231884994930e-04 -1.8501965061501978e-04
-6.9083827676964319e+01 6.4780319157870309e+01 -6.1968072310929670e-02 -5.4441076648564400e-04 4.3014834380211316e-02 2.0103565767107213e-03 -6.7384983261603300e-04 -5.2022279008961361e-04 1.3287077812904949e-03 -6.7983835104737508e-04 -4.7059611907289132e-05
-1.1971335391763834e+02 5.5666002072963572e+01 -8.0177979501796406e-02 -2.8941138104953013e-02 8.6187096336858074e-03 2.5499253848288855e-03 2.3876924193650195e-04 2.6591605412627214e-04 1.6679676103091251e-03 -7.9583277217981237e-05 3.6072186009681603e-04
-1.3624797632150253e+02 4.8558345425935265e+01 -7.4753002446646497e-02 -3.2102634466687700e-02 1.2728407670267903e-03 2.4306225748566704e-03 4.0895088849150974e-04 4.0727469001192960e-04 1.6083395479435589e-03 5.5821909357945085e-05 4.2127593844922429e-04
-8.0017798732390105e+01 4.0440250771132519e+01 -4.2841445882265315e-02 5.3623611208830054e-03 2.1428578835610227e-02 1.5324234488811360e-03 -6.6529783482609478e-04 -1.4830934487178887e-04 1.0611675441762176e-03 -6.0631186249638172e-04 8.7405022319923654e-05
-1.0649073156114800e+02 2.4848100982153749e+01 -3.9839271521131536e-02 -3.2549580199776151e-03 7.0562250725094621e-03 1.4541940832372218e-03 -3.5846449902708296e-04 1.7067381912745809e-04 1.0159620965047749e-03 -3.9426903724683673e-04 2.4829229492506218e-04
-1.3254341313304019e+02 1.1053736645838088e+01 -3.5247098649453426e-02 -9.4182943199774341e-03 -7.7204165463191433e-04 1.3329195047425194e-03 -1.1055549595309192e-04 3.3922394574808801e-04 9.4520141959853171e-04 -2.1415673347284370e-04 3.3073148754713696e-04
-1.5118001527828497e+02 -1.1495923719447754e+01 -2.4463177459948030e-02 -7.7946144917006412e-03 -3.1313312806681500e-03 1.0136799573413934e-03 -6.7167355175796017e-05 3.3606495934727253e-04 7.4458500528196505e-04 -1.5290811458450307e-04 3.0162031525992288e-04
-1.3388643469280422e+02 -3.1351457908791453e+01 -1.4425863360853526e-02 3.2899023541714339e-03 -2.0331291987356810e-03 7.0159322621811252e-04 -3.5458906635355361e-04 2.6011384135521176e-04 5.4290872924872373e-04 -3.1840014045766784e-04 2.3774942016911927e-04
-1.6921510575560976e+02 -3.5107729333766230e+01 -1.6620826307379526e-02 -6.5149223009702334e-03 -2.9920430820909558e-03 7.6207403214971275e-04 -3.5808783349520924e-05 2.8126831968264840e-04 5.7924494276853796e-04 -1.0747292866019349e-04 2.4835584577964789e-04
-1.5225906270218550e+02 2.2391819916119007e+02 -5.6281484259313064e-01 3.1352853953545895e-02 9.5657034166475377e-03 1.5068502755332858e-02 -1.3532342089276912e-03 -8.3331318650268289e-04 8.8775394868084202e-03 -1.0083528154386863e-03 -7.2809044891955998e-04
-1.7905468322523572e+02 2.1852023975077370e+02 -4.5210247825259625e-01 9.3667571080089298e-03 -2.4118354105691010e-03 1.2666282728655859e-02 -7.5001196122805773e-04 -1.8496951467044759e-04 7.6931554678773004e-03 -6.4697763303995951e-04 -2.1149970418670770e-04
-1.3463316387310508e+02 2.1140691690439732e+02 -6.1547730501420606e-01 8.8105779558049647e-03 2.8970118274314706e-02 1.5936845842660655e-02 -7.9278628304619463e-04 -1.3929168518270502e-03 9.1665954875043889e-03 -6.9586992553234001e-04 -1.0742455508095884e-03
-1.9751672853704343e+02 2.1586846188057334e+02 -3.9217406205315175e-01 8.4420476900977262e-04 -4.2363952319607184e-03 1.1271161292498192e-02 -4.9069155662719499e-04 3.6581579923628359e-05 6.9572466099135227e-03 -4.8140530416808749e-04 -1.0018767627939542e-05
-1.6794179074893103e+02 1.8890275974003012e+02 -4.2512844934387545e-01 -3.7138150381404868e-02 -3.7750134999764971e-04 1.1852289679432314e-02 4.5849040770280883e-04 -1.9347299033054579e-04 7.1758767366496851e-03 4.9970753507355264e-05 -1.9762550518051994e-04
-1.9115369545075902e+02 1.8158094016017131e+02 -3.4803588931652568e-01 -4.0602627362553607e-02 -4.8559587686035416e-03 1.0066284833002370e-02 6.2673954386232428e-04 1.1176028401866379e-04 6.2378900505205880e-03 1.8011064287423460e-04 5.8344737564024825e-05
-1.5185775756648033e+02 1.5993671454238597e+02 -3.7372800420256203e-01 -7.2351201684915351e-02 6.0160269335639031e-03 1.0305953312853458e-02 1.3490961575291199e-03 -1.5644577361886608e-04 6.1949452666252760e-03 5.5323293899505106e-04 -9.0269477349663147e-05
-1.8318746575957556e+02 1.5052614595319267e+02 -2.8853940599386413e-01 -6.4967072562937267e-02 -4.1718006630541279e-03 8.4143052621798112e-03 1.2913405869041687e-03 2.1072825472118358e-04 5.2403717962473057e-03 5.7670278871185885e-04 1.6483844742758817e-04
-1.7037809807652530e+02 1.3812124316809184e+02 -2.7240058762531622e-01 -7.3402718443901283e-02 -2.4016320879178292e-03 7.8829974201117398e-03 1.4860653629349449e-03 2.1993791479778247e-04 4.8865909562332615e-03 6.7863546005203078e-04 1.9351996183068635e-04
-1.5599335625260628e+02 1.1312621704392163e+02 -2.1224161803430253e-01 -7.5092816582423616e-02 6.9817540662020863e-04 6.1743169312128456e-03 1.5049758426017087e-03 3.0584867219623471e-04 3.8396591328355178e-03 6.7895486019504882e-04 3.1352860166905701e-04
-2.1256807079868884e+02 1.0102500343724255e+02 -1.5559050366274663e-01 -5.9009485614552888e-02 -3.6874265355174326e-03 4.9006845882269660e-03 1.3010267433883329e-03 3.2917650164322141e-04 3.1891890479367534e-03 6.5192240162825115e-04 2.8861480975252965e-04
-1.9072625130538626e+02 9.5812665083628687e+01 -1.5614583135940727e-01 -6.2963229156698552e-02 -4.4218243155807893e-03 4.8422117123236991e-03 1.3500906649328247e-03 3.8249183510625080e-04 3.1246075673702191e-03 6.5749514420914063e-04 3.3385176763486211e-04
-1.5056113521291755e+02 8.2464456332106352e+01 -1.3714399197743257e-01 -5.9323922775967236e-02 3.0689160538824003e-04 4.1449338622768428e-03 1.1186879560920449e-03 4.1800135956303845e-04 2.6363499505250845e-03 4.6612480555640527e-04 4.2137716722230909e-04
-2.4372569099013168e+02 9.9654729013722587e+01 -1.3829931078157429e-01 -5.1518637975445397e-02 -5.4398929386871120e-04 4.4686902444398434e-03 1.1724742995761867e-03 2.1900919042616373e-04 2.9473978258425263e-03 6.0576928184628734e-04 2.1302530819360791e-04
-2.0959284091481319e+02 5.1350729277770355e+01 -8.4980173714658033e-02 -4.5247512844954201e-02 -3.1364949316634513e-03 2.8617974768638042e-03 9.9063193192674309e-04 3.1876400833301887e-04 1.9270155660025658e-03 4.9290929063224693e-04 2.8426256408472091e-04
-2.2101552002480943e+02 3.3249779663798193e+01 -6.6289502404419040e-02 -3.8557023803064243e-02 -1.9144443969945038e-03 2.3168785986070763e-03 8.5504221505916230e-04 2.5400931339560696e-04 1.5876940721584669e-03 4.3091495322545561e-04 2.3295042502866742e-04
-2.3022634814764629e+02 -1.6256368680406126e+01 -3.2377166187028759e-02 -2.3450418970630903e-02 -2.3287640337716180e-04 1.2684580605814221e-03 5.0434306305180258e-04 1.5142818566194529e-04 9.1230923252410580e-04 2.4638845437486266e-04 1.4886654522479651e-04
-1.9994092175493762e+02 -3.7338010998272061e+01 -1.9344883982984777e-02 -1.3158272931886943e-02 -1.7745214535876284e-03 8.4598409199989721e-04 1.9663427105077357e-04 2.1045456705831805e-04 6.3319036818706466e-04 5.1893268800017210e-05 1.9093483106885414e-04
-2.0070171787087878e+02 -1.1332670225136271e+01 -3.1427015712951208e-02 -2.0808482453189527e-02 -2.4771552721169353e-03 1.2361054849047129e-03 3.8261271420578599e-04 2.5313132786625137e-04 8.9040831206224961e-04 1.5371940722070117e-04 2.2588261987296508e-04
-1.6780822175852137e+02 -6.9188016004665045e+01 -7.3068102688501665e-03 7.8900718274015275e-04 -1.7874864195907565e-03 4.4422319213867307e-04 -1.9928753787461025e-04 2.0313600676221251e-04 3.6384827918132124e-04 -1.9060845886446857e-04 1.8347365614671419e-04
-1.4259069364955369e+02 -8.3291079355313315e+01 -4.1704544964042307e-03 7.6065607735105048e-03 -1.2107894780486747e-03 3.3217013714817060e-04 -3.8949637440005737e-04 1.7084692397604498e-04 2.8629513768772407e-04 -3.0582420589144181e-04 1.5752823971750956e-04
-2.0285306269804093e+02 -8.1327198583967586e+01 -7.6294735440630970e-03 -4.6295871339684155e-03 -3.0341795623758949e-04 4.3863002436095696e-04 -2.0737867083692047e-06 1.3050124069496785e-04 3.5470581537626290e-04 -5.2999245182021772e-05 1.2716364317635437e-04
-1.2041254180388734e+02 -8.6624313507370758e+01 -3.6853730568964503e-03 1.1945809196372781e-02 -5.9940726161179087e-04 3.1412123917736015e-04 -5.0195380073018916e-04 1.4320406924332970e-04 2.7358213555149919e-04 -3.7054989957008858e-04 1.3661058936560001e-04
-2.5121394450234291e+02 -9.0392505044985967e+01 -1.0080844672445613e-02 -1.0230752670208490e-02 2.3347238202640784e-03 5.0327048201329646e-04 2.0143636070247143e-04 1.7137059387241912e-05 3.9238119061639471e-04 8.8898081330178040e-05 4.2819021410146772e-05
-1.5127573174757671e+02 -1.0923962144442760e+02 -1.8313129146345320e-03 7.2068477676593100e-03 -3.6363520773323183e-04 2.2947090501220760e-04 -3.5109933073600185e-04 1.2928238051105329e-04 2.0932646295122775e-04 -2.7182400529174945e-04 1.2528239322598774e-04
-2.6634222337336143e+02 -1.0888922003453320e+02 -8.0552450818696768e-03 -9.2138093076808130e-03 3.1914787773958567e-03 4.1897268391441066e-04 1.8994766162426442e-04 -2.1947110528415605e-05 3.3036498801384422e-04 8.8595759239775489e-05 1.3159156022938820e-05
-2.5405894254870242e+02 -1.1163863159820558e+02 -6.7332605776671403e-03 -7.7395437282274052e-03 2.6776939353946195e-03 3.7641700987680823e-04 1.4101847146299806e-04 -1.9109576691751796e-06 3.0235114352246970e-04 5.5883490452496602e-05 2.7543675620165635e-05
-1.2190852816807023e+02 -1.1423017053129422e+02 -1.6628082936426100e-03 1.1612152255434176e-02 4.4677495241991120e-05 2.2036779215893636e-04 -4.6577249035535819e-04 1.0894608768198541e-04 2.0207690092886765e-04 -3.3803881554558227e-04 1.0943754012964731e-04
-2.2152685684982728e+02 -1.1482925437710789e+02 -4.0231266366686693e-03 -3.4229196771707756e-03 1.3822471046989828e-03 2.8986457354921927e-04 -2.6859233312713415e-06 5.3414914900788884e-05 2.4561018054586391e-04 -4.0338039780149876e-05 6.8619633052477696e-05
-1.8740708299034375e+02 -1.3062825596945427e+02 -9.8833169435706453e-04 2.6469253157389459e-03 7.1461694154058969e-04 1.8138855150087789e-04 -1.9188601425973396e-04 8.3647222105368189e-05 1.7051690286295018e-04 -1.6276983578660556e-04 9.1508008462314676e-05
-1.6067920146087340e+02 -1.3528786739542426e+02 -3.6671103419057602e-04 6.3607537768545991e-03 5.0878465553086383e-04 1.5774450148471449e-04 -3.0608127900789598e-04 9.0284014260852243e-05 1.5371068010861815e-04 -2.3611298746249539e-04 9.5880645471691745e-05
-1.7438581665761723e+02 -1.6024455072856131e+02 4.8015324979691442e-04 4.9477499244599370e-03 1.2831874693256459e-03 1.1012490305831880e-04 -2.4770652623756534e-04 5.6267607824519180e-05 1.1540658880608486e-04 -1.9328127706850603e-04 7.0382669987101285e-05
-1.8557943937161605e+02 -1.8349660920664951e+02 9.4350398798890493e-04 3.8927555879944425e-03 1.8795783857574343e-03 7.8934094911554324e-05 -2.0249445057358075e-04 2.9182992394742544e-05 8.9312638779432278e-05 -1.5967413910564188e-04 4.9858354638074321e-05
-1.4413086783139619e+02 -1.6766934793248245e+02 4.2527256610323924e-04 7.7828224252501025e-03 1.3597621561333784e-03 1.0554120502234952e-04 -3.2727150453308850e-04 5.5140405541408232e-05 1.1021920324948515e-04 -2.4166045785533737e-04 7.0097789258875395e-05
-2.0559626048722799e+02 -2.1476383764833042e+02 1.2588585283290121e-03 2.3119004879741151e-03 2.4815718238768614e-03 5.0971758075379621e-05 -1.3634109882064966e-04 -1.0318830616250962e-06 6.4819201886998754e-05 -1.1091019345293440e-04 2.6265407001020380e-05
-1.6989525606330952e+02 -2.1781760964939565e+02 1.0888759462890989e-03 4.4770839253384315e-03 2.2249366587022354e-03 5.5873044013997212e-05 -2.0810077722236867e-04 1.1504674163708056e-05 6.7850679423177301e-05 -1.5885285404364593e-04 3.5978977409432646e-05
-2.0775061656714541e+02 -1.6036861451354574e+02 4.2489630665804972e-05 1.3731714347478335e-03 1.8397067154592738e-03 1.2249466798511252e-04 -1.2960579685784477e-04 3.2604667402684660e-05 1.2296205392243637e-04 -1.1450091107561860e-04 5.2841441272736671e-05
-2.4579477404991579e+02 -1.8027014554497973e+02 -2.4502364129467332e-04 -1.3705367303201361e-03 2.9774815066303385e-03 1.1541275232521288e-04 -2.3221990093661073e-05 -2.2216637392335200e-05 1.1271749227097148e-04 -3.8297894127182568e-05 1.0535659180598520e-05
-2.1879699934145739e+02 -1.8844739042434327e+02 7.4362960300847355e-04 1.1105247483768836e-03 2.4550097246614369e-03 8.0591686950880309e-05 -1.0558302456821961e-04 2.9590348483001166e-06 8.8771612583973518e-05 -9.3367252336073886e-05 2.9964141819575926e-05
-2.8065479794296209e+02 -1.6767398645301978e+02 -2.4393264917923836e-03 -4.6856563086836453e-03 3.8334139694586739e-03 1.9045008296477301e-04 8.3942997914335357e-05 -5.9239526151245490e-05 1.6361749155505679e-04 3.2400778518815252e-05 -1.7071972487200079e-05
-3.4178339386906646e+02 -1.9455121535298133e+02 -3.1486484248219038e-03 -5.1589831354261310e-03 4.9853809847867905e-03 1.8875168816638000e-04 1.2119217333131793e-04 -1.1528741319227335e-04 1.5411655549333906e-04 6.4443358841630489e-05 -6.0448222359618648e-05
-2.7246389810340321e+02 -2.0661783852155074e+02 -1.8514346842266451e-05 -2.0558813589736775e-03 3.6420484490872649e-03 9.1299976464600808e-05 1.4140818109107658e-05 -5.4613387712076332e-05 9.1096318649335877e-05 -8.4738768396027925e-06 -1.4550854772116419e-05
-2.9693237254979664e+02 -2.5413146719107149e+02 8.0521861130323092e-04 -1.4323494239205147e-03 3.8907240082672735e-03 4.7110861611436984e-05 1.2044018869725776e-05 -7.0867324919304621e-05 5.5968266335772525e-05 -3.7118247933998849e-06 -2.8069360828364619e-05
-2.3227162234505570e+02 -2.6617654970065769e+02 1.3968054059187872e-03 6.7574513827402174e-04 2.8904464043166783e-03 2.7727946347412584e-05 -6.1483342150173910e-05 -2.7733303467383327e-05 4.3092805812519244e-05 -5.4050145629159670e-05 4.0616069801001342e-06
-2.1014547334982316e+02 -2.9324476468964741e+02 1.0114283346983641e-03 1.0125750915870788e-03 2.5996913460820479e-03 3.5354025862209022e-05 -6.7374857974912506e-05 -2.0932030264263137e-05 4.6479737543891026e-05 -5.6236531967454640e-05 7.6645745426393909e-06
-1.8057586817521300e+02 -3.3984937892996163e+02 -2.0182148360751049e-04 1.0558090087428725e-03 2.3471765619795517e-03 7.1458145508361266e-05 -5.6491118005729962e-05 -1.2841876233374495e-05 6.9238109188678651e-05 -4.4877218909558365e-05 1.2977065948400574e-05
-2.1852725489254863e+02 -3.6571048976499259e+02 5.7471625271039283e-07 5.3314706791078158e-04 2.4299521311763935e-03 6.9318692470104047e-05 -3.0841735668470991e-05 -1.7118103986423020e-05 6.9325014348883861e-05 -2.4977117921452393e-05 9.6113694565173086e-06
-2.4791356473608133e+02 -2.9155157267720898e+02 1.3940176421230457e-03 5.0713681970942033e-05 2.9631400574322720e-03 2.4283983392476873e-05 -3.2551615362328653e-05 -3.4635610360186868e-05 3.9618177455830377e-05 -3.1993764860648290e-05 -2.0410697284318734e-06
-2.9145527718234678e+02 -3.2662263599551272e+02 1.6408618836374798e-03 -6.4108325872509124e-04 3.1447620984341061e-03 1.8938958403595659e-05 2.2856433891434035e-06 -4.5772647801689788e-05 3.6988439123607938e-05 -4.7662724568325991e-06 -1.1180264718914618e-05
-2.9353377691554346e+02 -3.3406777268356723e+02 1.6481220068789305e-03 -6.3030787406169952e-04 3.0685240416594758e-03 1.9857517775681681e-05 3.2756983494682776e-06 -4.3601673876137520e-05 3.7986859851349917e-05 -3.6576882652104168e-06 -9.8479094178832867e-06
-2.7186740767453580e+02 2.0515283934696040e+01 -5.6481347478770740e-02 -3.4000546164369067e-02 2.8419983768007053e-03 2.0311523612694077e-03 8.2092415225342515e-04 5.5829965088679840e-05 1.4098575390029296e-03 4.4691814444536537e-04 8.7091947233487594e-05
-3.3710555828717941e+02 6.7398916313224495e+00 -4.7227064423685600e-02 -2.7761661339243484e-02 7.2960970497801007e-03 1.7189159974478770e-03 7.2072683359202612e-04 -1.3681680084164807e-04 1.1994182887873355e-03 4.1534855886034776e-04 -5.6559733294066959e-05
-3.4191949144616444e+02 -2.1546747155129275e+01 -3.5641826414417890e-02 -2.3848162938906351e-02 7.0111886190207329e-03 1.3351983159175412e-03 6.2532517567432603e-04 -1.4276401430828132e-04 9.4313822535894434e-04 3.6299538334635614e-04 -6.5640939499053263e-05
-2.6524734776003282e+02 -3.9285316622356873e+01 -2.5593084939042041e-02 -2.0735045553076176e-02 2.6774423639532893e-03 1.0367593329991935e-03 4.8424306277420888e-04 2.5372493443126708e-05 7.5523539866973106e-04 2.5615756169037094e-04 5.4824359446612891e-05
-3.6054092996937817e+02 -4.8271909335807486e+01 -2.7438930149234864e-02 -1.9874327310861920e-02 7.2001942523491728e-03 1.0486137090909818e-03 5.3127645455118447e-04 -1.6845874156032762e-04 7.4678547744939830e-04 3.1265885413170335e-04 -8.9256604784486719e-05
-2.5497440976947451e+02 -6.6669823379412279e+01 -1.5972593556855395e-02 -1.4626418929585216e-02 2.2631327120364586e-03 7.1128029445370177e-04 3.1735900017221020e-04 2.8124739534638125e-05 5.3558176532829242e-04 1.5646839194677280e-04 5.3019199367039169e-05
-3.1652936498985287e+02 -6.6585102246946605e+01 -2.0615534091217153e-02 -1.7836001640693530e-02 5.4079567802574370e-03 8.3798096076443014e-04 4.5321472668705478e-04 -9.5637702906757260e-05 6.1121008576104144e-04 2.5701870863942597e-04 -3.6150178323925455e-05
-2.9198480673297405e+02 -6.8069710096192281e+01 -1.8612430012438883e-02 -1.6854898870844785e-02 4.2687943708093696e-03 7.8285583478283753e-04 4.0962076449296023e-04 -5.0634390340739518e-05 5.7811910464600983e-04 2.2421687691366758e-04 -3.6776522618364458e-06
-2.9814840499152672e+02 -8.9482724238863312e+01 -1.3991422688620154e-02 -1.3957812821686240e-02 4.5140532310821695e-03 6.1579914615374524e-04 3.3839591130791380e-04 -6.8382222349198336e-05 4.6189349657892355e-04 1.8485997026936515e-04 -1.8727636807294470e-05
-3.1719761134067033e+02 -1.0617094556430303e+02 -1.2077163432439069e-02 -1.2642510045606920e-02 5.1264185921879373e-03 5.3492379287802872e-04 3.1553884897629223e-04 -9.9138006521177057e-05 4.0207499512119897e-04 1.7647123847461610e-04 -4.2747402007109753e-05
-3.5800480180526694e+02 -1.1344750238774643e+02 -1.3026300090544464e-02 -1.2471837387194795e-02 6.1176736587368746e-03 5.4564857504808947e-04 3.2947232645802297e-04 -1.4765189445543677e-04 4.0235927405210038e-04 1.9228211519888022e-04 -8.0357484209331149e-05
-3.0504954103420005e+02 -1.2277455140302958e+02 -8.6362413467090185e-03 -1.0195774680365142e-02 4.6260193355518271e-03 4.1610922365281844e-04 2.4315206873462352e-04 -8.3526842309722459e-05 3.2111056883901923e-04 1.3099854725060695e-04 -3.2640629618652360e-05
-3.7904745305973103e+02 -1.2035091169804294e+02 -1.2824686593580941e-02 -1.1693148224147732e-02 6.4110591982151997e-03 5.2821009027741129e-04 3.1460263884536358e-04 -1.6653575203367296e-04 3.8713853774802095e-04 1.8597800837973853e-04 -9.6014100853305761e-05
-3.3427686944358328e+02 -1.3132970290675217e+02 -9.1142118622970190e-03 -1.0298801449396440e-02 5.3770849919723730e-03 4.1649876785755717e-04 2.6039151895416123e-04 -1.1850386808146880e-04 3.1624243737228997e-04 1.4710470301080038e-04 -5.9355933169772686e-05
-3.9973875808473019e+02 -1.3226416448170656e+02 -1.1876229331795475e-02 -1.0307263705557705e-02 6.5172870018002935e-03 4.8556785828281077e-04 2.8041615633258654e-04 -1.7957983483477704e-04 3.5492933563306055e-04 1.6703625557145180e-04 -1.0788967781497381e-04
-3.1489412164045785e+02 -1.4160066276489493e+02 -6.7484150641644791e-03 -8.6795326512788661e-03 4.8163878772333989e-03 3.3924940314966341e-04 2.0770869092198892e-04 -9.6285847695410371e-05 2.6501683744385414e-04 1.1223383175792139e-04 -4.3305581045842984e-05
-3.7174582371454073e+02 -1.5354475059197776e+02 -8.1351844493568869e-03 -8.6534790996815030e-03 5.8620682173500414e-03 3.6181967157100463e-04 2.2668145688717122e-04 -1.4975099463644255e-04 2.7233264262807886e-04 1.3149318679067469e-04 -8.5268244245592092e-05
-4.4096692140691385e+02 -1.8217147435925671e+02 -7.7662038641958565e-03 -5.2683126971768499e-03 6.2544817601860514e-03 3.2641920712017864e-04 1.3702831981472757e-04 -1.8763657086827651e-04 2.4099096461402422e-04 7.9076880145782224e-05 -1.1883727150622995e-04
-4.5098504598120155e+02 -8.5021756995483599e+01 -2.0205012066388105e-02 -1.2538810050226334e-02 7.5984011900319557e-03 7.6390582108343686e-04 3.5491986799034007e-04 -2.3419569389758929e-04 5.4165068835316773e-04 2.1699295743785038e-04 -1.5061328080723778e-04
-3.6595908920351292e+02 -2.6608965253578873e+02 -2.8008904852008836e-04 -1.2157519234688753e-03 4.7673723777295470e-03 7.8817438441787231e-05 1.2282140368921116e-05 -1.1468350880712341e-04 7.5736458908066259e-05 -1.0911307892365115e-06 -6.2242412652098396e-05
-3.3222968100950499e+02 -2.7955371252209778e+02 8.2627083679163570e-04 -1.0060357350958862e-03 4.1969201556790355e-03 4.3270753713259439e-05 6.8048513506473244e-06 -8.8216441645399407e-05 5.2359732917967430e-05 -4.2615417354074255e-06 -4.2050319932930015e-05
-3.5087904948990592e+02 -1.6151599591552028e+02 -6.3561228477167766e-03 -7.8130133610608381e-03 5.4256460243658454e-03 3.0560416174921646e-04 1.9757415544135947e-04 -1.2959297215104184e-04 2.3568681042433192e-04 1.1163100846969026e-04 -6.9910865883017535e-05
-4.0164532782201007e+02 -1.6987749761783243e+02 -7.5876806181967744e-03 -7.0829153066780982e-03 6.0569464114069707e-03 3.3062595472966688e-04 1.8704412561197374e-04 -1.6746864928691461e-04 2.4716146792950236e-04 1.0913205723851465e-04 -1.0084223876143794e-04
-3.6835662527825423e+02 -1.7597181603156389e+02 -5.7337955466049730e-03 -6.8098200770661385e-03 5.5718894157784239e-03 2.7490077344261910e-04 1.7346824054518203e-04 -1.4085203732414528e-04 2.1182902242996440e-04 9.8560219697454502e-05 -7.9561253750582618e-05
-3.6295485026297246e+02 -2.0723728928553362e+02 -3.0748969864580482e-03 -4.5090061486030555e-03 5.2005782086810576e-03 1.7880303460809544e-04 1.0684183518478794e-04 -1.2860327322708812e-04 1.4497916775705691e-04 5.7242767550154326e-05 -7.1396912931596482e-05
-3.3486282530876787e+02 -2.1283539011442656e+02 -1.7473678685279660e-03 -3.9152597311469242e-03 4.7351777553785472e-03 1.3792714639389387e-04 8.5432326852233191e-05 -1.0619156707169630e-04 1.1870609984008624e-04 4.2364469809617028e-05 -5.4104611762532277e-05
-4.0090312030400673e+02 -2.1266478454131536e+02 -4.0645510184446343e-03 -3.8771230727749819e-03 5.6252819336015869e-03 2.0475107019769835e-04 9.2090071574167689e-05 -1.5353518444397808e-04 1.6004100899480738e-04 4.9441717773642887e-05 -9.1657083174360621e-05
-3.7330703395186333e+02 -2.2656819653681646e+02 -2.2686566985295475e-03 -3.2704079848435335e-03 5.1760991941920669e-03 1.4672893130953456e-04 7.2171428119991658e-05 -1.3085594967592403e-04 1.2177370762570954e-04 3.6196940286712787e-05 -7.3918858539811298e-05
-3.5168800064925205e+02 -2.3612341673693737e+02 -1.1074446260448199e-03 -2.7858859242879913e-03 4.8073527809496391e-03 1.0928759014351599e-04 5.6499226522912823e-05 -1.1319698010069047e-04 9.7105699257022971e-05 2.5854481355744916e-05 -6.0316099510244442e-05
-3.9472050551893392e+02 -2.3534626382073210e+02 -2.4905458076241202e-03 -2.4660111281217052e-03 5.3685884812149955e-03 1.5088892786681448e-04 4.9554334644747711e-05 -1.4282070898215691e-04 1.2349292398294916e-04 2.2428212235408951e-05 -8.3766235688791953e-05
-7.7046417056000124e+01 3.4268296771700898e+02 -4.7240282696519598e-01 3.9209222518760806e-01 5.9678772713010302e-02 1.1735387595488813e-02 -9.3246288317362647e-03 -1.3141584084838365e-03 6.5389564988716569e-03 -5.0116143546725753e-03 -6.5769190864072317e-04
-1.5757196767731674e+02 3.1958262172881257e+02 -4.5961837776906228e-01 2.0514208242074394e-01 5.1039724421456526e-03 1.2536006019227048e-02 -5.6830127153434506e-03 -2.3205142174079197e-04 7.4802038637673627e-03 -3.4264498087152673e-03 -1.7590772487718979e-04
-1.2986610019660336e+02 3.1464519154893821e+02 -5.4515542593558930e-01 2.6606681128083004e-01 2.1011907669041818e-02 1.4231359488090768e-02 -7.0329539688576241e-03 -8.5629622068265606e-04 8.2346498027992855e-03 -4.1062190447684940e-03 -6.2516523632319605e-04
-1.2614069272480045e+02 2.8879046523032275e+02 -6.4698389232700926e-01 2.4316418050231217e-01 3.4359887668782944e-02 1.6527124148945950e-02 -6.4566251568794813e-03 -1.5475096270700915e-03 9.4103013333488479e-03 -3.7818191713540473e-03 -1.1695508627134791e-03
-1.0430521330871677e+02 2.8277999889187726e+02 -7.6249722728758007e-01 3.0089394303341194e-01 8.4828886443034449e-02 1.8472711818885396e-02 -7.5436314498630126e-03 -2.8968818124500552e-03 1.0085242318722015e-02 -4.2337980764954814e-03 -1.9637640615766763e-03
-1.5039562206377303e+02 2.6623373701669391e+02 -5.8672538554145381e-01 1.3759542455527149e-01 1.1389897789360576e-02 1.5609459041330005e-02 -4.0188259954258869e-03 -8.8511075285599102e-04 9.1554798003740129e-03 -2.5052763253179005e-03 -7.5982187717302469e-04
-8.3934707029103251e+01 2.6186647049688969e+02 -9.4813884313410945e-01 3.1252566692990086e-01 1.9497362964946197e-01 2.1392294238019909e-02 -7.3457021780738733e-03 -5.2058562021354577e-03 1.0962766963544705e-02 -3.9079198418449637e-03 -3.0611462759913763e-03
-1.5994409648617673e+02 2.5733036088193427e+02 -5.5234253792740162e-01 1.0213629548170503e-01 5.5874526677932926e-03 1.4925805068380099e-02 -3.1531505819460686e-03 -6.4554766125905967e-04 8.8500371511786805e-03 -2.0296513316473133e-03 -5.8408568191333345e-04
-1.3242778119506889e+02 2.5892524252009179e+02 -6.7897990347840242e-01 1.5377678525283339e-01 3.3202622280444911e-02 1.7411225297135378e-02 -4.3450889912788008e-03 -1.6976284828647994e-03 9.9424463588729511e-03 -2.6535443534976334e-03 -1.3323996377799054e-03
-1.6153119695975062e+02 2.8912331995992542e+02 -5.1385146295273110e-01 1.6098416598070228e-01 4.4479722396750564e-03 1.3959800057600245e-02 -4.6187998761524178e-03 -4.1865911867561663e-04 8.3074339651202037e-03 -2.8479740503646925e-03 -3.6973142403919101e-04
-1.1131309081099911e+02 1.8188868190432208e+02 -5.9030152727540086e-01 -5.9687406148382041e-02 6.7002139218753767e-02 1.4655329212360660e-02 7.7992640158377027e-04 -1.7434210531050509e-03 8.1620124123312505e-03 1.2336493395156785e-04 -1.0063975216987595e-03
-1.3789232057727261e+02 1.1548356250062844e+02 -2.3006368070058622e-01 -7.8682384613716960e-02 9.6195340506065718e-03 6.4800551248083062e-03 1.4914976019906659e-03 1.8253433771004074e-04 3.9493546371018578e-03 6.2599137123977926e-04 2.8834921226671302e-04
-9.4919313031491924e+01 6.4759654453070468e+01 -8.3199269869818737e-02 -2.0769444777360545e-02 2.6244844055585862e-02 2.5806878239174472e-03 -1.0322275168924790e-04 -1.1744958794509312e-04 1.6654958553494411e-03 -3.3168664424021389e-04 1.7124369666635141e-04
-6.8599813577857745e+01 9.1447422259970679e+01 -1.1363176812306465e-01 -2.4911039723964315e-02 7.4854146590082118e-02 3.2324024897057851e-03 -2.8978223961442188e-04 -1.0324880887023727e-03 1.9824530403520740e-03 -5.6380367657802937e-04 -2.0909247621146940e-04
-5.9586152237325720e+01 1.4167381658434724e+02 -3.5185157617105983e-01 -7.2108662147817540e-02 2.0718477311989886e-01 8.3080789031866262e-03 2.3331096034112832e-04 -3.3673320163106189e-03 4.4377115653049682e-03 -5.5988432328486456e-04 -1.0882995119917316e-03
-1.3260201701297544e+02 2.5985420911927633e+01 -4.7491246533988243e-02 -1.6582343301865570e-02 1.5396916004136027e-04 1.6794226541191407e-03 4.3435083675447559e-05 3.6122521113560825e-04 1.1570189422452700e-03 -1.3897069264507371e-04 3.6291887189606321e-04
-1.0095139782753877e+02 1.2072522033559212e+01 -2.9479602876084900e-02 4.6081812657419964e-03 5.9846262115328458e-03 1.1618181435550342e-03 -5.2101543497709297e-04 1.4228869012100561e-04 8.3754251191810029e-04 -4.7032544105393101e-04 2.0811957844786691e-04
-7.5952300085874143e+01 -1.9536748046794346e+00 -1.8431239633744625e-02 1.9917148957731445e-02 7.9699253607304638e-03 8.6091544420621420e-04 -8.5179313541194456e-04 -6.7012039756448462e-06 6.5817180823502333e-04 -6.3270449687689867e-04 8.0967974992390262e-05
-2.1551285224187080e+02 1.7723800580496743e+02 -2.9125593907871067e-01 -3.8509510142191394e-02 -3.9956410121657618e-03 8.6778856709631043e-03 6.4517549394793486e-04 2.1043017815226912e-04 5.4740703410972869e-03 2.2157088238382950e-04 1.6647812701844574e-04
-1.9896180519568182e+02 1.6952985789098517e+02 -3.0651776143621001e-01 -4.8519059778655442e-02 -4.7919276063293353e-03 9.0057719473338894e-03 8.7654224833913746e-04 1.9510512224585517e-04 5.6340765715355793e-03 3.4283259077392772e-04 1.4239391857623248e-04
-1.4031469739364144e+02 1.5455423187665812e+02 -3.7574916309690065e-01 -7.9898819804007398e-02 1.3467290105208559e-02 1.0189416473794987e-02 1.4884154052476868e-03 -2.6322184354331100e-04 6.0561756797290799e-03 6.0952838740360542e-04 -1.1508165238601685e-04
-1.6086210183186040e+02 9.9017783328081947e+01 -1.7307969828627648e-01 -6.8378040498400072e-02 -1.1607560356094136e-03 5.1618164219553158e-03 1.3763348040683298e-03 3.7836210009180613e-04 3.2579397408062745e-03 6.2417635858592912e-04 3.6559378370010258e-04
-2.1142769399894934e+02 7.9871862799258622e+01 -1.2215389989085845e-01 -5.4538888462782903e-02 -3.4268636361650530e-03 3.9444268886754310e-03 1.2073131702096797e-03 3.3146056915351436e-04 2.6007339898759881e-03 6.0738539711906777e-04 2.9376506915569878e-04
-1.7479651662810858e+02 2.1302546317474270e+01 -5.0999769720578805e-02 -2.8686481180012744e-02 -4.0679665890383842e-03 1.8150842104266689e-03 4.9914629420561290e-04 3.8943092258436325e-04 1.2540867435003021e-03 1.8359500122547273e-04 3.4468329010494103e-04
-1.8387498285153168e+02 -1.7223642111468713e+01 -2.6103753987864652e-02 -1.5383881320959443e-02 -3.0915238723717054e-03 1.0642843036304099e-03 2.1140762536901850e-04 2.8816060264439780e-04 7.7714300976389867e-04 4.2184930838464611e-05 2.5415384004830904e-04
-1.2526368885211549e+02 -5.4998534456790772e+01 -8.0580586221526852e-03 9.2184635282878159e-03 -1.3761516530260485e-03 4.8540481035034449e-04 -4.7445170972476266e-04 1.9811455649385346e-04 3.9676616550666496e-04 -3.7304861091359668e-04 1.8297688831056693e-04
-1.9098338235883736e+02 -7.6166002249815747e+01 -7.6022095118204952e-03 -3.2506409642953319e-03 -9.2869717512179253e-04 4.4404204681509061e-04 -5.6814611693730738e-05 1.6307703641121950e-04 3.6041774218506517e-04 -9.2571662300979391e-05 1.5286136748487978e-04
-1.7620960692734397e+02 -7.5962823582243189e+01 -6.5964136227743466e-03 -1.6628441138468545e-04 -1.3810640786414800e-03 4.1397765047745440e-04 -1.5841135725266117e-04 1.8363702451940176e-04 3.4141710062693658e-04 -1.6024048577789271e-04 1.6844531965434548e-04
-1.9764661776050195e+02 -9.7273556404881091e+01 -4.6615859831112966e-03 -1.6685227588321145e-03 8.7387660546505425e-06 3.2942985983554890e-04 -8.0425985230922335e-05 1.1793671781212208e-04 2.7815241402132465e-04 -9.8779735578075593e-05 1.1803284423872324e-04
-1.3602411750408277e+02 -1.0953749525223796e+02 -1.7727473756141878e-03 9.5905640608596205e-03 -2.4690225376956354e-04 2.2709700545308256e-04 -4.1746491201567824e-04 1.2384762208482168e-04 2.0759678432132650e-04 -3.1196870734622243e-04 1.2113169729335648e-04
-2.4735593206005393e+02 -1.3231009370864544e+02 -3.7182139234798852e-03 -4.7956806301695885e-03 2.6367828698675012e-03 2.6245272866007297e-04 6.0386478218892919e-05 -3.4014929643456405e-06 2.2155237550179423e-04 7.6339912870274417e-06 2.5603118604196873e-05
-2.5512219734501480e+02 -2.5514722182706713e+01 -3.0335193230223708e-02 -2.3090441717371582e-02 1.8246943655672676e-03 1.1973033307207850e-03 5.3120296483080687e-04 6.5296887657736343e-05 8.6361620518832422e-04 2.7720810593971943e-04 8.5368525678976287e-05
-3.5103423813892869e+02 -2.5564493536660102e+01 -3.4332057054996395e-02 -2.2969461402532101e-02 7.3110823814876011e-03 1.2870438967125149e-03 6.0765488760585547e-04 -1.5928819819563056e-04 9.0939126910755455e-04 3.5499081217800233e-04 -7.8866291999266956e-05
-3.2358566565541855e+02 -8.0957978151951835e+01 -1.7525344669217555e-02 -1.5969829988792959e-02 5.5355201927469030e-03 7.2549659928218188e-04 4.0814141955085553e-04 -1.0758891263147141e-04 5.3271780792078880e-04 2.3247328967413301e-04 -4.6698190511255479e-05
-3.4126571617384076e+02 -1.0108401328047734e+02 -1.4376478475146471e-02 -1.3744463625376584e-02 5.8734128942522250e-03 6.0296551983997728e-04 3.5734150638687086e-04 -1.3068748584967626e-04 4.4482425661336610e-04 2.0615240650772844e-04 -6.6079944012901787e-05
-2.9676460598393908e+02 -1.0596887779638155e+02 -1.0791247900378208e-02 -1.1778519336648830e-02 4.4012475832714941e-03 5.0047046291934775e-04 2.7989402340566601e-04 -6.9417930865076904e-05 3.8176673601518745e-04 1.5033031070252887e-04 -2.1004207449090469e-05
-3.6691401796231912e+02 -1.3247246792272276e+02 -1.0569839453250535e-02 -1.0587634741862627e-02 6.0475521876427324e-03 4.5260261056686679e-04 2.7999744288203994e-04 -1.5162744362647940e-04 3.3633437658111089e-04 1.6353346072155105e-04 -8.5104369562409338e-05
-3.9845171709680471e+02 -1.4282221502272327e+02 -1.0477573314017592e-02 -9.4143158651318528e-03 6.3614793238133379e-03 4.3588173045200178e-04 2.5443243103155720e-04 -1.7477285313035308e-04 3.2062842399780827e-04 1.5087495651510682e-04 -1.0479658056840636e-04
-2.9033004407183176e+02 -5.8148150264747208e+01 -2.1287388518943653e-02 -1.8422804622591733e-02 4.2224675729878878e-03 8.7639727136505825e-04 4.4897508914429514e-04 -4.3855985914619597e-05 6.4223599765667809e-04 2.4632423829578607e-04 2.5911573882471632e-06
-4.4634174007837129e+02 -1.6426591819922547e+02 -9.5900603259427911e-03 -6.5181357039385650e-03 6.4724272720819631e-03 3.8972856968677621e-04 1.7558349030265426e-04 -1.9695325396428638e-04 2.8423790610140550e-04 1.0388399755933004e-04 -1.2575655397138478e-04
-4.6346073394748089e+02 -9.9834295398005636e+01 -1.7936684747720436e-02 -1.0851933483232837e-02 7.3662907603087129e-03 6.8039834879774354e-04 3.0777268571008674e-04 -2.3255297851498621e-04 4.8309481657281874e-04 1.8840141739452553e-04 -1.5152378015159036e-04
-1.6712610766083426e+02 -1.7361012346043699e+02 7.3854131930991423e-04 5.5790748056197071e-03 1.5479196929261479e-03 9.1572338980169018e-05 -2.6018624208944390e-04 4.4933323373109552e-05 9.9696293492578076e-05 -1.9881641922762713e-04 6.1960439995297178e-05
-2.1386285780226365e+02 -2.2169463037205975e+02 1.3007246914179228e-03 1.7789351521911726e-03 2.6260856606672039e-03 4.6174428218249362e-05 -1.1517019965547164e-04 -8.3090511529974766e-06 6.0482399823846511e-05 -9.5601912981368737e-05 2.0577891114341764e-05
-2.1943377800030021e+02 -2.4220113323839149e+02 1.3666835522768521e-03 1.4029377357026886e-03 2.7617677904970346e-03 3.5573559785746138e-05 -9.4481587403078359e-05 -1.7918215185700056e-05 5.0607078860791512e-05 -7.9049272310348785e-05 1.2461230509767330e-05
-1.9525276070222463e+02 -2.5204289970069792e+02 1.1880756180399298e-03 2.4159920651083766e-03 2.5412449172654557e-03 3.8126042075726225e-05 -1.2673219452510458e-04 -1.0750509016839822e-05 5.1194873874165452e-05 -1.0015628180891244e-04 1.7203185073080194e-05
-1.9630977844552004e+02 -1.4974854692091651e+02 -1.5786380243025164e-04 2.3130859891351664e-03 1.3717963719241785e-03 1.3797795082128394e-04 -1.6739470933236448e-04 5.3548795412346505e-05 1.3624144899455117e-04 -1.4195076345187765e-04 6.8638555503512468e-05
-2.2819457077356782e+02 -1.4592122452740830e+02 -1.5054748265688680e-03 -1.6285714944617793e-03 2.1591715899583384e-03 1.8173274096653229e-04 -3.6866842966809348e-05 1.7218769823029819e-05 1.6517251787427474e-04 -5.4781129405888921e-05 4.0969657312571540e-05
-2.2447118088246958e+02 -1.6859329180988928e+02 -7.6527876080980663e-05 -5.9049557910290384e-05 2.3624464362636327e-03 1.1935635288690827e-04 -7.5817477279029256e-05 8.1168568722247504e-06 1.1851454625001748e-04 -7.6467022416042450e-05 3.4103767671124709e-05
-1.9760627196515048e+02 -1.7857627198264450e+02 8.0719795232773409e-04 2.8119908901526399e-03 1.9372795269200467e-03 8.6419576281586728e-05 -1.6891413935400210e-04 2.7214565717163728e-05 9.5298753757191803e-05 -1.3798223956232306e-04 4.8524640513284242e-05
-2.5743099556383379e+02 -1.8457408278180887e+02 -4.3567849439044346e-04 -2.1013890113348839e-03 3.2878231034722451e-03 1.1812655265846858e-04 4.0782119984732169e-06 -3.6328975377208107e-05 1.1333408922017370e-04 -1.9037067126210509e-05 -1.6292123901341192e-07
-1.9605490045147789e+02 -1.9529594104254070e+02 1.0855381277948598e-03 3.0013842345549806e-03 2.1789627273963992e-03 6.7028826223099387e-05 -1.6806737221019467e-04 1.5021741440218602e-05 7.8969745628842844e-05 -1.3505214563008989e-04 3.8990331441578994e-05
-3.3784397272553912e+02 -1.8266012617275086e+02 -3.8719849084486971e-03 -5.9312816391828638e-03 5.0112113416902453e-03 2.1797786950928118e-04 1.4149825078956448e-04 -1.1423377182269075e-04 1.7538603551634551e-04 7.6254152758552978e-05 -5.9110447064098050e-05
-2.9681306002622267e+02 -2.2659655302309059e+02 4.1597324156886827e-05 -2.3221013539669265e-03 4.0339502011769177e-03 7.9388648704175493e-05 3.3073583226016317e-05 -7.4609455668834347e-05 7.9846219269901248e-05 7.5304683323801256e-06 -3.0236003455888245e-05
-3.1103223621411746e+02 -2.3631807541955476e+02 1.2648840188841882e-05 -2.3061406161590473e-03 4.2058836350506740e-03 7.6188746645739969e-05 3.7098147664952480e-05 -8.4006058198676694e-05 7.6327883887817230e-05 1.1730600887202962e-05 -3.7741338213119278e-05
-3.3306404925662099e+02 -2.9034661750703248e+02 1.0501439056845806e-03 -7.1959406790199538e-04 4.1140267252864522e-03 3.6255850144030339e-05 -7.5496766317657522e-07 -8.5312016743954678e-05 4.7807433106560725e-05 -8.6705024100985246e-06 -4.0057722765803702e-05
-3.0322829479823247e+02 -3.0671177415443924e+02 1.5495886472896370e-03 -6.3018150151437078e-04 3.5432786194592365e-03 2.0239479480541385e-05 -1.2755785564695682e-06 -6.0754707360336139e-05 3.7284954600727395e-05 -8.2075750731276467e-06 -2.1778642546284541e-05
-3.9399048795401944e+02 -2.2225640969131175e+02 -3.2057235713535363e-03 -3.3031242950355578e-03 5.4612891810795839e-03 1.7593008404504998e-04 7.4631066450217247e-05 -1.4603670653141792e-04 1.4066712476016108e-04 3.8296699204826112e-05 -8.5962525539542495e-05
-4.0417457736240959e+02 -2.2297595225215349e+02 -3.5143764343498916e-03 -3.0986086674010104e-03 5.5732375131806698e-03 1.8490416306421407e-04 6.8999180309026791e-05 -1.5260780307993737e-04 1.4624602228636527e-04 3.4914484967615679e-05 -9.1302190434950010e-05
-3.4755989615328031e+02 -2.1915341350661788e+02 -1.8286173575151196e-03 -3.6913191837449591e-03 4.8824444444637068e-03 1.3697417952013351e-04 8.1400362294283115e-05 -1.1442447284390525e-04 1.1685938858746719e-04 4.0795851273088565e-05 -6.0717583954804483e-05
-3.7435216126226618e+02 -2.4680513942762988e+02 -1.2864794077457799e-03 -2.0901893465914696e-03 5.0279962363888346e-03 1.1212785616952347e-04 3.7913699099629052e-05 -1.2587361701124698e-04 9.7976582684319887e-05 1.4921616287122883e-05 -7.0565658410969801e-05
-3.4138561566741868e+02 -2.5393402940193829e+02 -1.1187433962333416e-04 -1.9352326147337054e-03 4.5300949289884289e-03 7.4945645463095537e-05 3.1882391472917007e-05 -1.0159553732751689e-04 7.3715027727238862e-05 1.0594832710846249e-05 -5.1764493108644176e-05
-3.1324692501502091e+02 -3.4054089356060530e+02 1.7458750044030357e-03 -3.6483675370182345e-04 3.2290972607000815e-03 1.9559471278488596e-05 -4.5379661300743231e-06 -5.1832343893802860e-05 3.8764096326921988e-05 -8.5511704207943808e-06 -1.6312274026101963e-05
-2.0552903735641866e+02 -2.4378012217853805e+02 1.3064971489054839e-03 2.0681231354862102e-03 2.5970807588565942e-03 3.7237605385153306e-05 -1.1758158260106503e-04 -1.1749602136420959e-05 5.1609074023113628e-05 -9.4832228110716720e-05 1.6818286211001582e-05
-2.9654338701757763e+02 -1.9275100278659934e+02 -1.4996869328702360e-03 -3.9262064363368848e-03 4.1580950666675618e-03 1.4329642278688225e-04 7.3124031220330506e-05 -7.6664395844677102e-05 1.2679986652530965e-04 2.9935760420624774e-05 -3.0925350111333919e-05
-2.7941971109537786e+02 -2.5283399025519290e+02 1.0465758949877672e-03 -9.9877318183733588e-04 3.6340682222778353e-03 4.0233385302074608e-05 -3.9196549606192590e-06 -5.8660692384776782e-05 5.1745720146940046e-05 -1.4906159960829954e-05 -1.8685941939720594e-05
-2.8770511325778932e+02 -2.6586706955891458e+02 1.1659634476774837e-03 -9.9742850130426206e-04 3.6860088565908128e-03 3.3793125967304797e-05 2.2598192313134818e-07 -6.2395189992368573e-05 4.6618723891757118e-05 -1.0745731591215535e-05 -2.1849092569869634e-05
-2.7140312090180487e+02 -2.7563287763428343e+02 1.4107953210260925e-03 -5.2722978780773240e-04 3.3864036449530520e-03 2.4942115991998971e-05 -1.4124667002896358e-05 -4.9832842285284081e-05 4.0460864523285990e-05 -1.9924194668781414e-05 -1.2582402190800508e-05
-1.9282158516544268e+02 -3.3458496421265090e+02 1.2345588819203906e-04 8.8545536382199841e-04 2.4210614556450546e-03 6.1791150791009702e-05 -5.2039901692727972e-05 -1.5894085358405403e-05 6.3149165561122132e-05 -4.2299892690685989e-05 1.0737590653690201e-05
-1.0075732437795109e+02 8.8172754971467455e+01 -1.4024816620976147e-01 -4.5706473777752298e-02 3.4548594660811519e-02 4.0210117902455345e-03 4.4534824027048773e-04 -1.8924534789361975e-04 2.4782819619381582e-03 -5.7422971284787537e-05 1.9078919337530694e-04
-2.7167356325491249e+02 -2.9610926904358871e+02 1.4952960074444300e-03 -4.3550445984114180e-04 3.2296933077228555e-03 2.1025487910646248e-05 -1.2237708210396072e-05 -4.5847709806811353e-05 3.7473743992534977e-05 -1.7028257268648632e-05 -1.0321083421859945e-05
-2.5098980052105270e+02 -3.4731731407834212e+02 9.1185289190462318e-04 8.8482776958374642e-05 2.6090396988090528e-03 4.2245640117098527e-05 -1.9045969584713876e-05 -2.5647807374521704e-05 5.2276021928049382e-05 -1.8072659038171755e-05 3.0516293123778747e-06
-7.8426975640030975e+01 1.6992380724337758e+02 -6.0551483829684838e-01 -7.0196015033389292e-02 1.8601660959037070e-01 1.3952463299086643e-02 5.5376899213086038e-04 -3.3272217934136846e-03 7.2918000778213104e-03 -2.1838717323642174e-04 -1.2810390879196068e-03
-1.1937373366400892e+02 9.0269939863720353e+01 -1.5296604468955877e-01 -5.7346195787305404e-02 1.7465700550301819e-02 4.4158526885486162e-03 8.6710797409958310e-04 1.6055884653852154e-04 2.7332261969634699e-03 2.3629982043922367e-04 3.5268155259184157e-04
-1.5139164224726252e+02 -3.6070540755277662e+01 -1.4328029205100790e-02 -9.5901144245231357e-04 -2.7713162321908150e-03 6.9459068036093624e-04 -2.1246929920889178e-04 2.7828766361646977e-04 5.3698235910482756e-04 -2.2301842507586723e-04 2.4780318506237081e-04
-1.3193470281915131e+02 1.9242489297015689e+02 -5.6137435609776132e-01 -3.6512842697525472e-02 3.0312408808140859e-02 1.4563920043533747e-02 3.2534738424887808e-04 -1.1816052989385235e-03 8.3888021264583723e-03 -7.6293885423902148e-05 -8.4816880204897406e-04
-1.9856086920939518e+02 1.4920093109321284e+01 -4.8851469371354588e-02 -3.0151602614294323e-02 -3.1790153545554326e-03 1.7725535593615600e-03 6.0344491025280246e-04 3.0693713552123233e-04 1.2351873962766595e-03 2.7177728149556493e-04 2.7196796662112257e-04
-1.3591450549089694e+02 -1.4358784614122146e+02 -2.2571343968914168e-04 9.2375685245717834e-03 7.6197163387785305e-04 1.4607137242459895e-04 -3.8142345177202618e-04 7.9575343808764386e-05 1.4358852458801839e-04 -2.7981019800173655e-04 8.7957031781420769e-05
-2.6390845278018253e+02 -1.3851126561661511e+02 -4.0835306521495472e-03 -5.8300984706389858e-03 3.2531345935236824e-03 2.6717046880868394e-04 1.0118070125534798e-04 -3.0472190490418028e-05 2.2225163163503892e-04 3.7049618078319141e-05 5.3122900383424770e-06
-3.0561300819159874e+02 -1.6588700642378029e+02 -3.7841213866276579e-03 -6.1500020668995648e-03 4.4453995906251096e-03 2.3061406424397001e-04 1.3566365955543810e-04 -8.5660333388770681e-05 1.8898872899106577e-04 6.8013636819542887e-05 -3.6760937891894479e-05
-1.8974998466228283e+02 -1.4393177267163806e+00 -3.5838664541716123e-02 -2.2217526246779723e-02 -3.2623892820282108e-03 1.3699419282792807e-03 3.8937186860281691e-04 3.0502329867574177e-04 9.7571661832040329e-04 1.4497907988823995e-04 2.6913701657343145e-04
-2.5853793553072398e+02 -3.1840167095376728e+02 1.3419078041929330e-03 -1.5200448166366044e-04 2.8679580334303274e-03 2.6524826304430751e-05 -1.8007123898804501e-05 -3.4170140887183030e-05 4.1285812150553015e-05 -1.9679173197104766e-05 -2.6226025194494323e-06
-2.7664717654417916e+02 -5.0160294593687027e+01 -2.2772090180855253e-02 -1.9241301949971725e-02 3.4248261131710933e-03 9.3448183054760142e-04 4.5753863466881686e-04 -9.4144788626519799e-06 6.8398883855819365e-04 2.4588431321912791e-04 2.8258608382230044e-05
-3.0726561352608502e+02 -5.4762468192242551e+01 -2.3381625073930712e-02 -1.9450158565825378e-02 5.0630540120021536e-03 9.3870431634057239e-04 4.8895398622227841e-04 -7.6343485028171324e-05 6.8150644052733457e-04 2.7500224199819925e-04 -2.0649890896147641e-05
-3.1733100543607350e+02 -8.5333316545699404e+01 -1.6162171676157962e-02 -1.5240451374467867e-02 5.2643578502853984e-03 6.8108457695379885e-04 3.8485797137305893e-04 -9.7935234699023484e-05 5.0330068851606126e-04 2.1721300625391238e-04 -4.0027298345884098e-05
-4.2701385940579326e+02 -1.8305495666733194e+02 -7.2397278054395272e-03 -5.5620519244275390e-03 6.1466238091327950e-03 3.1103898838594104e-04 1.4470811946772056e-04 -1.7932858449180557e-04 2.3140198252610624e-04 8.3525548299017636e-05 -1.1171572259134483e-04
-3.5409317392389755e+02 -2.8684596236876394e+02 6.1986951294441253e-04 -5.3374450603463602e-04 4.4368728726361453e-03 5.0306794580546822e-05 -6.7289000774164601e-06 -1.0027958253611964e-04 5.7125359222935360e-05 -1.2600089643797456e-05 -5.1473980937122037e-05
-3.0452352729012597e+02 -7.5685151218436985e+01 -1.7579727008980642e-02 -1.6251911912506575e-02 4.8503703829921776e-03 7.3939069455372490e-04 4.0348599615031358e-04 -7.6290226236704937e-05 5.4601369745493780e-04 2.2471496511274126e-04 -2.2936152023790992e-05
-3.0944667976452098e+02 -3.5069931904608364e+02 1.7300800491474482e-03 -5.0698343978616996e-04 2.9965869307818018e-03 2.1373050758578046e-05 7.2078057642973645e-07 -4.4060519392422499e-05 4.0403931299199975e-05 -4.8560372612181331e-06 -1.1098063153822676e-05
-1.3144338171913466e+02 2.8010784060143800e+02 -6.4799637960875667e-01 2.1045279331161107e-01 2.9861325278594829e-02 1.6673406114926688e-02 -5.7132580190746782e-03 -1.4750174037266570e-03 9.5454459392303650e-03 -3.3982772926469565e-03 -1.1465428256621139e-03
-1.8111530498496361e+02 -1.0461010111182475e+02 -2.9439681800769737e-03 1.9675520506270022e-03 -2.2797503405410627e-04 2.6872001430159768e-04 -1.9229156327417237e-04 1.2685880539918345e-04 2.3633636432075097e-04 -1.7064849071727535e-04 1.2435108002458828e-04
-1.5262091261347126e+02 3.7795252985521722e+02 -3.0800837682315679e-01 2.1781389816123278e-01 4.0984449792052756e-03 8.6800790297213749e-03 -5.9211446674610150e-03 1.4745760865851791e-04 5.2919868846666501e-03 -3.5251917876874543e-03 1.9254050342977594e-04
-1.0647120314853861e+02 3.4988245959276350e+02 -4.3534458061610837e-01 3.2118219439917545e-01 2.4560914021165291e-02 1.1340527326282360e-02 -8.1211458768455404e-03 -5.3923778923250338e-04 6.5517369395051680e-03 -4.5881417384546104e-03 -2.6906773499968520e-04
-1.1618671449551371e+02 3.2042669650136230e+02 -5.5553049972214696e-01 3.0779454735376871e-01 3.1929611452926145e-02 1.4228834158067366e-02 -7.8980817127844525e-03 -1.1038490864761137e-03 8.1179986611237490e-03 -4.5123416918929965e-03 -7.5262336049392606e-04
-8.2528181959243867e+01 3.1566652263651321e+02 -6.4074582096095822e-01 4.1389052395613868e-01 9.3898661902333258e-02 1.5343703870783173e-02 -9.7775901763353604e-03 -2.5074750450090224e-03 8.2954998402126334e-03 -5.2247944128178351e-03 -1.4745897640833566e-03
-1.7428370098522754e+02 3.1292196596620863e+02 -4.3312484411708019e-01 1.6743730478251748e-01 1.7187020145836426e-03 1.2044307755247924e-02 -4.7876105399224751e-03 -8.4272896604040425e-05 7.2799344699600414e-03 -2.9458001873147828e-03 -6.5367174443620356e-05
-1.9917463355728290e+02 2.7008953702904290e+02 -4.1335302824913994e-01 8.0389596944062211e-02 -1.6964073861693110e-03 1.1786973164554695e-02 -2.5849699275256217e-03 3.8422938306558071e-07 7.2400898538141564e-03 -1.7006843611409375e-03 -1.8276251864796840e-05
-1.0692977532213328e+02 2.5145248967871487e+02 -8.3107960257069113e-01 1.8882016343988253e-01 9.8674590360504980e-02 1.9974067662353087e-02 -4.9762852655836649e-03 -3.3948757634764560e-03 1.0832192034075485e-02 -2.8992634677449569e-03 -2.3094552695109012e-03
-1.7544930005801575e+02 2.5234272802242421e+02 -4.9150456000560416e-01 7.4339771935783713e-02 -7.5857034575460894e-04 1.3615770094531174e-02 -2.4464483641557342e-03 -2.8595884505448288e-04 8.2092199344695280e-03 -1.6287108728621133e-03 -2.9430311885778358e-04
-8.7891938111451466e+01 2.4329375561043642e+02 -9.5647965538238899e-01 2.0762294422420921e-01 1.9000864133649420e-01 2.1667683391436265e-02 -5.1402257983758238e-03 -5.0923530131745335e-03 1.1146407182229987e-02 -2.8563734119095227e-03 -3.0022579584730973e-03
-1.2108813367667759e+02 2.3696811901825075e+02 -7.4133531717280132e-01 1.0310328233084669e-01 5.8221227441787031e-02 1.8482227984730138e-02 -3.0649766875325410e-03 -2.3962335414073224e-03 1.0327539495829322e-02 -1.9308405818932275e-03 -1.7558000395476651e-03
-7.5199771103552933e+01 2.1675604002162228e+02 -9.8028948186785170e-01 9.8292490596798732e-02 2.7051389033041534e-01 2.1286621322018164e-02 -2.7593906310884606e-03 -5.7440250892184640e-03 1.0503437021471796e-02 -1.6781732345236746e-03 -2.7683722955838953e-03
-1.1275787773258759e+02 1.9897658247863282e+02 -6.7449925472196359e-01 -1.8320388921522476e-02 7.3231845667507067e-02 1.6608100702376519e-02 -1.7605029535287776e-04 -2.2246037659648314e-03 9.1886089004349185e-03 -3.7757457348962497e-04 -1.4190534636222536e-03
-6.0383387178046924e+01 1.8329999573343446e+02 -7.6709763366149053e-01 -2.3564228791745412e-02 3.4377874129368441e-01 1.6424410914288472e-02 -7.6400011181533588e-04 -5.8751076873843613e-03 7.9863369440120770e-03 -1.0232066285245354e-03 -2.0935415331538327e-03
-3.4182283008304474e+01 1.5737818178658475e+02 -4.1141971256814291e-01 -4.2260581865155404e-02 3.7167288536135634e-01 8.7745507231842615e-03 -9.4157678165886953e-04 -5.6724960808060207e-03 4.2489338849346896e-03 -1.4064431821755789e-03 -1.5840943418311015e-03
-8.0936406062276035e+01 1.4666987592254986e+02 -4.1415036086845408e-01 -8.3649321036365742e-02 1.3413491695991595e-01 1.0046388834963570e-02 9.0101274362739672e-04 -2.1607512468068981e-03 5.4907348654105754e-03 -1.9129787772626377e-05 -6.8526716024782286e-04
-1.3172281960993749e+02 1.3793959529823999e+02 -3.1925533423051405e-01 -8.5880801790041886e-02 1.8291203829592029e-02 8.6541409927828744e-03 1.6047825558943238e-03 -1.4461619137134986e-04 5.1423323162472197e-03 6.6009373620386301e-04 5.6587050754162461e-05
-9.2595442620927230e+01 1.2740442572775193e+02 -2.8967770339866211e-01 -7.8211786479834733e-02 7.6680613219665475e-02 7.4748589488813711e-03 1.0161031420054564e-03 -1.0284249798949664e-03 4.2884042114960880e-03 1.5577349072727436e-04 -1.8493823447864608e-04
-9.1286542042854279e+01 1.0192554375113312e+02 -1.7613539360277966e-01 -5.3620379368406385e-02 5.6820105096611749e-02 4.8280390904460770e-03 5.0551086103228532e-04 -6.2311587193993989e-04 2.8905497608155005e-03 -8.4313312020184840e-05 1.9052841227894142e-06
-8.3851327684421932e+01 7.7052458844709335e+01 -9.8602900225448306e-02 -2.3130598863634468e-02 4.3494827056414352e-02 2.9337483064347152e-03 -1.5524854521983139e-04 -4.5063717028872294e-04 1.8491164039547839e-03 -4.0968513271981053e-04 2.7805927331834916e-05
-1.0572945490899195e+02 7.5467433765426705e+01 -1.1093140746101651e-01 -3.7060691349355517e-02 2.3312390264499348e-02 3.3170920469331009e-03 3.0899393135987223e-04 1.2362444262409458e-05 2.0968465648619193e-03 -9.8673673483038390e-05 2.6879873717190224e-04
-1.3316026116749023e+02 6.9060927629320318e+01 -1.0768153548002121e-01 -4.5494840756729965e-02 4.9085737957411078e-03 3.3015410226006135e-03 6.9568863488013498e-04 3.7436896492331332e-04 2.1170441323203801e-03 1.9524538655610530e-04 4.2836327667646550e-04
-9.1382530214959445e+01 4.7281637319908143e+01 -5.5905214694825789e-02 -6.0087100755731957e-03 1.9769075742663043e-02 1.8751983698342784e-03 -4.0053270840738011e-04 -5.4486016462707906e-05 1.2602410081911947e-03 -4.6662851923868527e-04 1.6297381670658557e-04
-1.1873264907051801e+02 4.1304017949848046e+01 -6.0009190094069048e-02 -1.8782462398783197e-02 6.0830140699437872e-03 2.0174962651946069e-03 1.4944396208062481e-05 2.7713333790405813e-04 1.3573951741598473e-03 -1.9166269017855271e-04 3.4404649267343978e-04
-1.0516443604957205e+02 3.8281645289165418e+01 -5.1970489341203296e-02 -9.3584043910909763e-03 1.0493516997234323e-02 1.7829733078284571e-03 -2.5146770504855096e-04 1.4010359665926340e-04 1.2112979250752209e-03 -3.5441015335055170e-04 2.5553228362884095e-04
-1.4302410032426263e+02 2.9006873268055028e+01 -5.2674224080700376e-02 -2.2839376427008409e-02 -1.7319529751611633e-03 1.8336173719658581e-03 2.3393439797504939e-04 4.1519999963310865e-04 1.2542009070781539e-03 -1.7298742722043108e-05 3.9614851690633585e-04
-9.2853693032094128e+01 2.1387927485913206e+01 -3.3223331061381894e-02 5.6192782709310191e-03 9.8135098082435240e-03 1.2693797322282500e-03 -5.8277468490449617e-04 6.9874637020340396e-05 9.0392309055304916e-04 -5.2096262392425496e-04 1.7782324491101917e-04
-1.2488252326823911e+02 -1.5121674821036251e+01 -1.9491650954921724e-02 2.5849552738266791e-03 -1.0450209834070184e-03 8.6445809668767547e-04 -3.7834149089873532e-04 2.6398007921394023e-04 6.5004993618353649e-04 -3.4990698288664185e-04 2.5248484839646303e-04
-1.4449862004848620e+02 -5.3940043850064669e+01 -9.0680170108103867e-03 4.2384793942750916e-03 -2.1397152453964852e-03 5.1696927138009108e-04 -3.3346802436380629e-04 2.3019180580975392e-04 4.1722108426117682e-04 -2.8684475102678028e-04 2.0665493811039258e-04
-1.9892926550840309e+02 2.2660217341043995e+02 -4.0044725537123438e-01 1.5994113643609753e-02 -3.9902194416508866e-03 1.1490538631165784e-02 -8.9278764414372569e-04 2.9001274582376580e-05 7.0856188220822063e-03 -7.1685239406401842e-04 -1.4891139275783178e-05
-1.6698360736889376e+02 2.0848387479070738e+02 -4.7492536591684115e-01 -5.3884120443703004e-03 2.0780580647660393e-04 1.3116189356384120e-02 -3.8429400070611890e-04 -3.3777551907850865e-04 7.8920103312988682e-03 -4.4356653319419220e-04 -3.3548965520726601e-04
-2.0151298581378450e+02 2.0003301636566482e+02 -3.5882447747049434e-01 -1.9062999926291669e-02 -4.7100804936316583e-03 1.0419787574808118e-02 6.3826068185608223e-05 1.0973215578202342e-04 6.4727183226326798e-03 -1.4586693100360014e-04 5.7921270352075176e-05
-1.5670893428795756e+02 1.7916641810846610e+02 -4.2930520249080023e-01 -5.2401341965802109e-02 3.9606333293384826e-03 1.1801818807928310e-02 8.2633458476321058e-04 -2.9157834707669650e-04 7.0794615805295068e-03 2.4991982313938747e-04 -2.4801138045397320e-04
-1.9902843136132319e+02 1.3639131964172728e+02 -2.3462478055139613e-01 -6.3236218737915129e-02 -4.7489036045745272e-03 7.0503454081232925e-03 1.3196933471722730e-03 2.9971816454448002e-04 4.4694728220579351e-03 6.2409494105520648e-04 2.4748022489416022e-04
-1.5246777450390380e+02 1.3317589636678125e+02 -2.7857039310793658e-01 -8.0352346643052144e-02 3.4428084639661141e-03 7.8714076357747631e-03 1.5928588057502083e-03 1.4141655137081915e-04 4.8071333115874606e-03 7.0898299267663461e-04 1.7928744447444640e-04
-1.8028226355584499e+02 1.1028870837719639e+02 -1.9124938499057739e-01 -6.8807129115876220e-02 -4.0188981753860242e-03 5.7649781875281844e-03 1.4473884272360681e-03 3.6314999552188607e-04 3.6612349526318330e-03 6.9051000696142978e-04 3.1894211559263980e-04
-1.4297353115184964e+02 9.2795995076778127e+01 -1.6129418275197788e-01 -6.5223623324426994e-02 3.9476668596832281e-03 4.7478861181989669e-03 1.2137780351945515e-03 3.5467286401148589e-04 2.9736501079272101e-03 4.9631817862585449e-04 3.9809719946800140e-04
-1.6632836951449616e+02 8.3057015785352021e+01 -1.3658794596033808e-01 -6.0101426768614546e-02 -2.8668224747827819e-03 4.2027934090594285e-03 1.2080853313794846e-03 4.2388249443432621e-04 2.7003260034957097e-03 5.4696963692472456e-04 3.9234744721171561e-04
-1.8947240101266240e+02 7.0662461758841104e+01 -1.1197653679424630e-01 -5.3447851310411416e-02 -4.2727536720660623e-03 3.5982572184999366e-03 1.1314543948128960e-03 3.9613403355194087e-04 2.3665153137632272e-03 5.4352803039837039e-04 3.4913374315921419e-04
-1.6269595697572723e+02 4.9412653985022438e+01 -8.0389413664067738e-02 -4.0751439233538272e-02 -3.4257350094760389e-03 2.6387125761596704e-03 7.3938144125632662e-04 4.4600857488430131e-04 1.7544290258549252e-03 2.9111560968740564e-04 4.0832548978006488e-04
-2.3435931461675366e+02 4.5534834314056710e+01 -7.7871360738482859e-02 -4.2230207496287725e-02 -9.0659089697511244e-04 2.6766308104076795e-03 9.6673371853777345e-04 2.1845763047335297e-04 1.8200458422843681e-03 5.0220143607860852e-04 2.0848513060662673e-04
-1.8707012614250576e+02 3.6202581181767648e+01 -6.7118651176986135e-02 -3.7633329192217069e-02 -4.0596344691525106e-03 2.3039026584673879e-03 7.5108378472232471e-04 3.7568087331299536e-04 1.5655974955205404e-03 3.3711716360793694e-04 3.3102489415231775e-04
-1.7306526673928832e+02 -1.4979502711554389e+01 -2.5699395532243239e-02 -1.3369330536620309e-02 -3.4607222406987273e-03 1.0513504800935842e-03 1.3235393396634161e-04 3.1718247370915350e-04 7.6865712923890859e-04 -1.4708701936481784e-05 2.7911452906146750e-04
-2.1887833845394826e+02 -4.1633099239139774e+01 -1.9972470644520599e-02 -1.5326506900043512e-02 -4.8705312219902459e-04 8.6397705193379975e-04 2.8556488653439026e-04 1.4966468276581259e-04 6.4427987484407315e-04 1.1697331063391164e-04 1.4430709842162332e-04
-1.6920237099771487e+02 -5.2481003776660820e+01 -1.1156450127649526e-02 -2.4599389193759123e-03 -2.3841019154637144e-03 5.7986739151540893e-04 -1.2643131092591374e-04 2.4008415585415792e-04 4.5714644011126413e-04 -1.5349063903904878e-04 2.1385903478405706e-04
-2.1139651984389562e+02 -6.9745570685987545e+01 -1.0876636697599749e-02 -8.2121690310975569e-03 -2.0866696632485172e-04 5.5182101737151295e-04 9.8635662010102045e-05 1.2929469517656097e-04 4.3217801369791571e-04 8.3018026680289302e-06 1.2699935854698760e-04
-1.5872982536320720e+02 -7.9607364118479921e+01 -5.0937467693090016e-03 4.0393011849060171e-03 -1.4520178410500401e-03 3.6515068052331485e-04 -2.8692201936400335e-04 1.8469156258645774e-04 3.0911946606091583e-04 -2.4248970633003716e-04 1.6871936633490730e-04
-2.2411412327818209e+02 -9.2518342809400295e+01 -7.3943276374310715e-03 -6.5247620131983685e-03 9.9337772145471643e-04 4.1876950926270372e-04 7.6526286258530666e-05 7.2109190810107945e-05 3.3743190525096193e-04 4.7539041133486171e-06 8.3036345746109825e-05
-1.6856125990495067e+02 -9.5650563268025294e+01 -3.4071608825006175e-03 3.5143957571025842e-03 -8.0363657249287411e-04 2.9418067725825225e-04 -2.5201023371334240e-04 1.5323568628821394e-04 2.5670190755074546e-04 -2.1335188038521397e-04 1.4439568399079233e-04
-2.3773353123017202e+02 -1.0714876624157897e+02 -6.1521213620200346e-03 -6.3885640436283928e-03 1.9241168484456026e-03 3.6397652522124151e-04 9.0013535841181519e-05 3.0219349580698271e-05 2.9630319023902114e-04 1.9739331361269195e-05 5.1384634913599900e-05
-1.9117760127909861e+02 -1.1202509127619886e+02 -2.6135734262723123e-03 8.9646258528486647e-04 2.3828348467224718e-04 2.5003373537876270e-04 -1.4962624905244984e-04 1.0595545814961587e-04 2.2128442768976726e-04 -1.3976516061431631e-04 1.0857657648101059e-04
-1.7024468779965761e+02 -1.2163494855528471e+02 -1.2089587216833702e-03 4.7103945108665259e-03 1.7906815401689654e-04 1.9728852741661768e-04 -2.6494331219811904e-04 1.0663244821017715e-04 1.8398998147810060e-04 -2.1312897257858726e-04 1.0860219790436301e-04
-1.4677656563054836e+02 -1.2512731637327811e+02 -8.6449135040971080e-04 8.1086602894427581e-03 1.7754723153033035e-04 1.8239113048104425e-04 -3.6363954185976308e-04 1.0448712053635255e-04 1.7288172562653743e-04 -2.7444427867589274e-04 1.0644014008318618e-04
-1.7730977920556074e+02 -1.4225228125664714e+02 -1.8150583345042379e-04 4.3729630918879717e-03 8.7595562831464379e-04 1.4568822190376971e-04 -2.3984556590041293e-04 7.5274272147059606e-05 1.4369165773581505e-04 -1.9174297188964524e-04 8.4909784058520687e-05
-1.4956235225693706e+02 -1.5288671623597651e+02 2.0368295395446743e-04 7.5991568912356332e-03 9.6225533644961336e-04 1.2416295152179634e-04 -3.3090167242246903e-04 7.0400272666803975e-05 1.2640346401529548e-04 -2.4731094661887708e-04 8.0985081367749721e-05
-1.7773064366717836e+02 -2.0306227582508308e+02 1.1122615587873810e-03 4.2837613269502244e-03 2.1023036517162671e-03 6.2144013540290979e-05 -2.0733935419395353e-04 1.8025481343985935e-05 7.4378890686952170e-05 -1.6021797959750106e-04 4.1150821512864873e-05
-2.0735772244866379e+02 -1.3033846285002272e+02 -1.7327539972460367e-03 -1.8185849086050566e-04 1.2300468746666634e-03 2.0387206462784519e-04 -9.7947774924005907e-05 6.1334901803142137e-05 1.8481177065813879e-04 -9.9948218323471470e-05 7.4865417424475433e-05
-2.5529094768386418e+02 -1.5707484391594272e+02 -1.9928801002175884e-03 -3.5390548002693684e-03 3.0956734099931329e-03 1.8657973163136078e-04 3.6527786757874572e-05 -2.5902076413364264e-05 1.6465805052896730e-04 -2.4018160450884769e-06 8.1503310965602046e-06
-2.3424855046341958e+02 -1.9485108311654227e+02 5.9774461250374389e-04 2.1725780858668939e-06 2.8287373555592817e-03 8.0582637135491835e-05 -6.3836093286419784e-05 -1.4964483614657861e-05 8.7157827873033018e-05 -6.3812194927475248e-05 1.6151627296494241e-05
-2.2107661495602375e+02 -2.0420158500042234e+02 1.0373652422182597e-03 1.2050084003593069e-03 2.6426776336789057e-03 6.2261646285101193e-05 -1.0170651477906755e-04 -6.9045561923568756e-06 7.3672663949502049e-05 -8.8451422375115173e-05 2.2164897778111090e-05
-2.9503314231272077e+02 -1.5966824447554015e+02 -3.7981267547015740e-03 -6.1573522151491958e-03 4.2191731461973577e-03 2.3719810598514030e-04 1.3058178196615326e-04 -7.4437362806412292e-05 1.9541871168342299e-04 6.2850907599512103e-05 -2.8026458198241355e-05
-2.8040558068291023e+02 -1.8564628753436367e+02 -1.2641341995181968e-03 -3.5395764564379911e-03 3.8138887958228907e-03 1.4179416643893535e-04 5.5035749487571449e-05 -6.0603465764087897e-05 1.2788869024423519e-04 1.6100408466753546e-05 -1.8650689010036098e-05
-3.1502091191389741e+02 -1.8630062328451129e+02 -2.6373289223694551e-03 -5.0389224139171232e-03 4.5531290823740437e-03 1.8059999801183529e-04 1.1005572328814634e-04 -9.3733850461881561e-05 1.5158937986577129e-04 5.4627576735057990e-05 -4.3649430555767080e-05
-3.0068087141688460e+02 -2.0860433067468801e+02 -8.0909434259398031e-04 -3.2213804307829443e-03 4.1696108502500837e-03 1.1328862330601188e-04 5.6978507656353067e-05 -7.9290921211011941e-05 1.0438858553747810e-04 2.1543322917740677e-05 -3.3425201858261022e-05
-2.7980409413401310e+02 -2.2349019178051725e+02 3.5774690754065145e-04 -1.7717909119973228e-03 3.7428783909980892e-03 7.1428764302464425e-05 1.2169736499869965e-05 -6.1009979689113483e-05 7.5363980285411591e-05 -7.3199635321005873e-06 -1.9838317388134504e-05
-3.2962783575686473e+02 -2.2924166437702945e+02 -7.7456006714733293e-04 -2.9654074458949423e-03 4.5423460695971536e-03 1.0195355175231524e-04 5.8370944729206444e-05 -9.9125683392653282e-05 9.3433391013694579e-05 2.5751462824362078e-05 -4.9159876627084597e-05
-3.1064116816607208e+02 -2.5998945661047060e+02 7.2382871097973747e-04 -1.5214121566496234e-03 4.0473464272938221e-03 4.8468596585382316e-05 1.7708566532001738e-05 -7.8983083813149643e-05 5.6430712406159428e-05 9.7303280885588025e-07 -3.4462273112917600e-05
-2.1873633257736913e+02 -3.5004796702601811e+02 2.7655422757146036e-04 5.2305024552074051e-04 2.4545417675022694e-03 5.9684737444531215e-05 -3.3958282927223583e-05 -1.8700348804434416e-05 6.2726833947817279e-05 -2.8204730226495438e-05 8.2996106380905444e-06
-2.7278059134943959e+02 -3.2106644990325674e+02 1.4765651638657536e-03 -3.6057417277950940e-04 2.9935270011115542e-03 2.2965153869500496e-05 -9.1654003689220360e-06 -3.9302204467351020e-05 3.9207370672023788e-05 -1.3131716269496640e-05 -6.3734074551239221e-06
-2.8784018278808611e+02 -8.1772273183477211e+01 -1.4970806975055029e-02 -1.4585972227168779e-02 4.0704084360205731e-03 6.5688524585934315e-04 3.4713658585089352e-04 -4.7933467325097765e-05 4.9220636913373781e-04 1.8669089135203696e-04 -3.1589745288714610e-06
-3.3139648291995780e+02 -1.1665394053448583e+02 -1.1136666129528483e-02 -1.1790733905442323e-02 5.4413404372364660e-03 4.9201998780106339e-04 2.9965924605563504e-04 -1.1672798762253690e-04 3.6951666037625007e-04 1.6996117309576948e-04 -5.6873242812935769e-05
-2.7726236300302764e+02 -1.2467130906361506e+02 -6.5673084429754055e-03 -8.3026041120341804e-03 3.6740336006527139e-03 3.5567693510155595e-04 1.7525289240275264e-04 -4.5175423446635422e-05 2.8343654222882648e-04 8.3924247170376659e-05 -4.7610538394555707e-06
-3.4759728064783087e+02 -1.2768254272344957e+02 -1.0370469431552488e-02 -1.0967398947129342e-02 5.7288658792661847e-03 4.5473550615965206e-04 2.8398239691859056e-04 -1.3356383357334211e-04 3.4066034241257470e-04 1.6334100850016781e-04 -7.0546308901414076e-05
-1.8499721061910353e+02 -1.6925251975671878e+02 6.5945541348612531e-04 3.8928960887277039e-03 1.6188194039799290e-03 9.7529808181435180e-05 -2.0935638384966918e-04 4.1785854528872427e-05 1.0478381772978256e-04 -1.6653452687366444e-04 5.9592867972651646e-05
-4.2941110631308334e+02 -1.5094723117959390e+02 -1.0505725692713267e-02 -8.0521720883145725e-03 6.5227459071001796e-03 4.2659598838052498e-04 2.1966701273432062e-04 -1.9229306872460718e-04 3.1103300576067904e-04 1.3109311976286031e-04 -1.2054286374650520e-04
-3.5420477211951800e+02 -2.6112470254111736e+02 -1.6261354939885135e-04 -1.5689957289388560e-03 4.6474814181703952e-03 7.5572079799304250e-05 2.2518593806383567e-05 -1.0818585710811625e-04 7.3783330755916886e-05 5.2596407880561487e-06 -5.7063561508241907e-05
-3.0916534180285004e+02 -2.7961049793648198e+02 1.1437425326059237e-03 -1.0224968399617925e-03 3.8819828496579707e-03 3.2909821001086159e-05 5.8463077921817798e-06 -7.3266368702584102e-05 4.5490988859751319e-05 -5.4011574473979390e-06 -3.0564557356346427e-05
-3.4139252777550524e+02 -3.1024800129154386e+02 1.3209731285735602e-03 -7.0126014092907924e-05 4.0334556787981375e-03 3.0102173871540440e-05 -1.8066548024873019e-05 -8.3420857452942603e-05 4.4632878285849602e-05 -1.8837934179895006e-05 -3.9052844986163090e-05
-3.3386807918132359e+02 -1.5608486190476339e+02 -6.1269802671942899e-03 -7.9891399309588978e-03 5.1597904522464755e-03 3.0545689942394126e-04 1.9699538731756099e-04 -1.1504376983107844e-04 2.3806011648480407e-04 1.0911484807701312e-04 -5.8286074856367209e-05
-3.8161471986983224e+02 -1.7077457481054245e+02 -6.7433221153626686e-03 -7.1898755078402508e-03 5.8060888591149962e-03 3.0697630611085594e-04 1.8696527710057457e-04 -1.5252937672853304e-04 2.3279976284186658e-04 1.0787664651433181e-04 -8.8662399278268081e-05
-3.8035180349126887e+02 -1.9119889774415950e+02 -4.8885444842596262e-03 -5.6146197181949015e-03 5.5803585605400559e-03 2.3977093635920964e-04 1.4111952175094796e-04 -1.4563562232770648e-04 1.8599694703235375e-04 7.9358704850804047e-05 -8.4251678161765869e-05
-3.5962881511476166e+02 -2.2130150438834247e+02 -2.1143467535270251e-03 -3.6201499399983305e-03 5.0354618291709929e-03 1.4433722098709714e-04 8.1145602239409095e-05 -1.2257828769935000e-04 1.2107940669829986e-04 4.1323952899427459e-05 -6.7188207578469070e-05
-3.8576654602263085e+02 -2.6274959352342250e+02 -9.3721729552275889e-04 -1.0075902077110348e-03 5.0528411306089826e-03 9.9718185436890476e-05 6.0591956589780542e-06 -1.2893148094280491e-04 8.9408795186140128e-05 -5.0242966258433291e-06 -7.3350228506106107e-05
-3.3090596017585131e+02 -3.2252817900898151e+02 1.5963450285701771e-03 -8.6476169573953963e-05 3.7395430171319756e-03 2.2727922452024675e-05 -1.5799058507735009e-05 -7.1468643079079192e-05 4.0287717766296623e-05 -1.6750296373048503e-05 -3.0333669890627462e-05
-4.2702528993313382e+02 -1.8306903786016207e+02 -7.2388999992039479e-03 -5.5606860037470257e-03 6.1465751133705331e-03 3.1100671830855761e-04 1.4466793009692668e-04 -1.7933069984205045e-04 2.3137881831731419e-04 8.3500384055709405e-05 -1.1171837359497458e-04
-9.4187041386188369e+01 6.4936243352933076e+01 -8.3101974294278361e-02 -2.0420561548646528e-02 2.6856226212481696e-02 2.5770644212152502e-03 -1.1570296350376326e-04 -1.3140957134455863e-04 1.6629427039781882e-03 -3.4032914053887508e-04 1.6400891699274001e-04
-1.1327055151533081e+02 1.1627617858558629e+02 -2.3949684605007146e-01 -7.7114260742281240e-02 3.2441910747732131e-02 6.5076584546433901e-03 1.2544130805407024e-03 -1.6684088121712306e-04 3.8731931480926042e-03 4.0615621237560871e-04 1.9002013700793039e-04
-2.4724471196839755e+02 2.4810435452383036e+01 -5.9647386122875769e-02 -3.5832102452066250e-02 5.8002019229546167e-04 2.1273831790442387e-03 8.3388371601700046e-04 1.4650405400043056e-04 1.4712619316926052e-03 4.3973058904427174e-04 1.5288427611568063e-04
-2.7667759167862368e+02 -1.8640220726296022e+02 -1.0789502932527608e-03 -3.2528688260613932e-03 3.7300376600812981e-03 1.3573972687244329e-04 4.5649824645991260e-05 -5.6985250049821415e-05 1.2387127364666293e-04 9.8682675593159397e-06 -1.5954835788927138e-05
-2.4636546513908681e+02 -2.8111648821097265e+02 1.4109194923671623e-03 1.3922385287940168e-04 3.0131666581895340e-03 2.4532590799166094e-05 -3.8105993443250171e-05 -3.4999530313872393e-05 4.0052705215204879e-05 -3.6574531061576753e-05 -1.8546970737875213e-06
-1.7559761299536706e+02 2.5222011961718061e+02 -4.9096357524783785e-01 7.3958507380306793e-02 -7.9355341571833086e-04 1.3603723648492013e-02 -2.4366278853411162e-03 -2.8363400297234579e-04 8.2031243207657967e-03 -1.6230843041577414e-03 -2.9236309054524743e-04
-1.1613756246321414e+02 2.8948735050327059e+02 -6.8636338296459565e-01 2.7506213572120219e-01 5.0485017643765701e-02 1.7169020062883535e-02 -7.1123178010678969e-03 -1.9902899259078752e-03 9.6190228502729836e-03 -4.0866343081346727e-03 -1.4349547318264525e-03
-1.3828595996125182e+02 -1.0821778349567398e+02 -1.8720641747292657e-03 9.2071792976676104e-03 -3.0196312072473098e-04 2.3146174531700020e-04 -4.0805613666274922e-04 1.2658370150207587e-04 2.1086903939497828e-04 -3.0677716438840550e-04 1.2326210717410383e-04
-1.4128197072094187e+02 -5.8997496657105097e+00 -2.5893013701278920e-02 -6.1873825034686799e-03 -2.4653876998136175e-03 1.0594911267807765e-03 -1.4081971200881791e-04 3.3437373351303303e-04 7.7466797606670840e-04 -2.0888091954697339e-04 3.0725446881508324e-04
-1.2155783398772007e+02 -1.1655270214171162e+02 -1.5332140915657565e-03 1.1613848671775895e-02 1.0350801022782091e-04 2.1419242540660053e-04 -4.6386901356682074e-04 1.0600122752630216e-04 1.9732707039937721e-04 -3.3611667817728589e-04 1.0713981563880819e-04
-2.0543181752999251e+02 -2.4353072249677993e+02 1.3063842415758343e-03 2.0763719087361454e-03 2.5955292168297135e-03 3.7331619274319947e-05 -1.1795413143412026e-04 -1.1636546902820416e-05 5.1701845931654124e-05 -9.5114040438022666e-05 1.6914274482306436e-05
-2.0544308042239544e+02 -2.4350683722022509e+02 1.3064571129994648e-03 2.0761505060407147e-03 2.5956321019478062e-03 3.7336668959382256e-05 -1.1795397808173630e-04 -1.1635817781731668e-05 5.1707697202376369e-05 -9.5116322515288444e-05 1.6916135339694200e-05
-2.5387836612204890e+02 -2.2123342145989221e+02 8.5155804500193684e-04 -5.8306325132249307e-04 3.2907383597500549e-03 5.8000664216945612e-05 -3.1137660196766786e-05 -3.9157698954030475e-05 6.7367802711966918e-05 -3.7551355961314210e-05 -2.9595769967798696e-06
-1.9721026520426770e+02 -2.2624552196264128e+02 1.2927998254345342e-03 2.7221602466560601e-03 2.4567269323728653e-03 4.5093499807113181e-05 -1.4670466528616218e-04 -1.9625531942834874e-06 5.9314297886893058e-05 -1.1676090257294551e-04 2.5061443061818031e-05
-2.3006185184080246e+02 -2.3205858049546796e+02 1.2885977529121413e-03 8.6377063954417373e-04 2.9060281881934454e-03 4.1061731834614623e-05 -7.8606312139365190e-05 -2.2442911696263788e-05 5.5236307116648178e-05 -6.9104835104379279e-05 9.5233983738641160e-06
-1.6411940723195215e+02 -2.3603164758711750e+02 9.5875689446820735e-04 4.3045578252990570e-03 2.3355218822629490e-03 5.2408699165311188e-05 -1.9531192128800773e-04 3.9980393533591229e-06 6.2955025004461469e-05 -1.4796178520971810e-04 2.9688780058251565e-05
-2.7218090325687223e+02 -2.4003712897606366e+02 9.1633639546535926e-04 -1.0100157923614327e-03 3.5767369914967454e-03 4.8102728174523596e-05 -8.3012167987036679e-06 -5.4481933453271963e-05 5.8182428524642548e-05 -1.9411390514679429e-05 -1.5137826546807764e-05
-1.8242244591003839e+02 -2.4503590284797423e+02 1.1143792873809816e-03 3.1500898437498395e-03 2.4452312506524575e-03 4.3279532563016822e-05 -1.5442426366276513e-04 -4.5166609632300985e-06 5.5537704724207620e-05 -1.1977327538151690e-04 2.2380882793946931e-05
-2.4605003347703209e+02 -2.4455749538398871e+02 1.2864760518105694e-03 1.0988803137675730e-04 3.1469915572147943e-03 3.6151307055697627e-05 -4.7305127123886296e-05 -3.4969489084413760e-05 5.0302543625613892e-05 -4.6096358778741966e-05 -3.5258195505102553e-07
-2.3161579349204325e+02 -2.5343343719407579e+02 1.3859858922274039e-03 7.9738329787698559e-04 2.9114687894839634e-03 3.0994309362874356e-05 -6.9023395621669220e-05 -2.6524675733889673e-05 4.6240154177375800e-05 -6.0252179345022379e-05 5.5014809504339243e-06
-1.5423854444135964e+02 -2.6128312715329446e+02 5.9440170738373724e-04 3.9401829786276238e-03 2.3854829930119626e-03 5.4986165073669582e-05 -1.7377248684174657e-04 -2.6590873863509646e-06 6.1524583854890693e-05 -1.3043047407684271e-04 2.3581225536780624e-05
-1.7732175969987699e+02 -2.5918815142888280e+02 9.3651055513085154e-04 3.0282341636154175e-03 2.4625135619382702e-03 4.3934240655025533e-05 -1.4493219674803259e-04 -7.7797189651522121e-06 5.4235856761464900e-05 -1.1162162094826300e-04 1.9307930216168762e-05
-2.6210920074891590e+02 -2.6205898049594106e+02 1.3322614761116956e-03 -3.7563255970922123e-04 3.3332540822972323e-03 2.9691056476012480e-05 -2.3964624648041753e-05 -4.5708114899020091e-05 4.4345932713241131e-05 -2.8096582804843187e-05 -9.0423199937505413e-06
-2.1439577294222818e+02 -2.6170724710670504e+02 1.2971606357975230e-03 1.4339823175796762e-03 2.6975742435198140e-03 3.1849569772621173e-05 -8.9523732251662859e-05 -1.9479176287335425e-05 4.6118336766393927e-05 -7.3749926758286420e-05 1.0194140391382533e-05
-2.4515079037207201e+02 -2.6121802543240534e+02 1.4017159108941758e-03 2.2568418203698919e-04 3.0887329000175378e-03 2.8189566021336203e-05 -4.6260711751773053e-05 -3.4974869600275761e-05 4.3608441041172137e-05 -4.3778185749366172e-05 -9.9880770008285152e-07
-2.0078307791451076e+02 -2.6942813838960154e+02 1.1216382378212686e-03 1.8225131661239234e-03 2.5861268940615624e-03 3.5369877327118797e-05 -1.0103297446118490e-04 -1.6295534905453667e-05 4.7707897943152751e-05 -8.0985329633821742e-05 1.2151860929223516e-05
-1.7732816664166450e+02 -2.7773713247351424e+02 7.5243942491053659e-04 2.4909245283226971e-03 2.4648083153591700e-03 4.4944395166762914e-05 -1.2111957477835655e-04 -1.1649426784872227e-05 5.3221228840778816e-05 -9.3719404966806876e-05 1.5463464684078645e-05
-2.3108869898112505e+02 -2.7906395630746755e+02 1.3390783652386289e-03 5.9032598832366287e-04 2.8303252431820204e-03 2.7183033040202356e-05 -5.5440388187499544e-05 -2.7611012433809662e-05 4.1912895057827274e-05 -4.8946802315939253e-05 3.5225652411925585e-06
-2.4649846150436525e+02 -2.8098160757708729e+02 1.4116570895308083e-03 1.3634385166278698e-04 3.0158020431785173e-03 2.4523170705361348e-05 -3.8023060749624459e-05 -3.5081868574782910e-05 4.0051398690200239e-05 -3.6523278381333802e-05 -1.9080460998192179e-06
-2.1191551040923596e+02 -2.7884919313483044e+02 1.1753574771090716e-03 1.2263183736402890e-03 2.6384993530692417e-03 3.2230510348263136e-05 -7.8122795887788002e-05 -2.0391301974307083e-05 4.5159442596462924e-05 -6.4633293777744823e-05 8.6321909094545789e-06
-2.6065162527605474e+02 -2.8600424630781822e+02 1.4527978803579448e-03 -2.2798729464844911e-04 3.1709565894251722e-03 2.2742655661777137e-05 -2.2798391933592759e-05 -4.1967951219206978e-05 3.8723432345714529e-05 -2.5306252174725700e-05 -7.0874287355300875e-06
-1.8582870273951767e+02 -2.8706815969325231e+02 7.5641436808024658e-04 1.9160421708668814e-03 2.4940492802537472e-03 4.3227766674501613e-05 -9.9485940366594923e-05 -1.4892434044935811e-05 5.1548324723384326e-05 -7.8409476487059228e-05 1.2542108037855407e-05
-1.5570645998309718e+02 -2.8103295896811250e+02 3.6598857852088705e-04 3.1915814093020729e-03 2.3810714244948809e-03 5.6278068224647820e-05 -1.4249368986543484e-04 -7.2201319103953667e-06 6.0303942588377578e-05 -1.0738629436311204e-04 1.8971653759048323e-05
-1.3858095059086284e+02 -2.8697212453047990e+02 -4.5544279085237420e-05 3.5726018671557308e-03 2.3344275107443791e-03 6.7936594540878004e-05 -1.5224714546087338e-04 -4.8000433880751471e-06 6.7435607470940393e-05 -1.1294852492216033e-04 2.0878659230113022e-05
-2.2328774288897475e+02 -2.9089709990431129e+02 1.2011054908092607e-03 6.8785884856837774e-04 2.6829942967027342e-03 3.0267776279460462e-05 -5.6251143491112446e-05 -2.4209179196524493e-05 4.3479936678362330e-05 -4.8684696156860291e-05 5.3037580672055821e-06
-1.7394607874290853e+02 -2.9567485840951639e+02 4.6458493052577675e-04 2.0424042436921722e-03 2.4379483700806186e-03 5.0928038578461902e-05 -1.0153774643196772e-04 -1.3018030911884466e-05 5.6038472814245446e-05 -7.9071299751353827e-05 1.3799401159002336e-05
-1.9788806342988642e+02 -3.0607909352166325e+02 6.8191833176673236e-04 1.0989122810950878e-03 2.5199685250045043e-03 4.4256730826099119e-05 -6.7511280962561930e-05 -1.8471906317903827e-05 5.1757832475533175e-05 -5.5423245870515965e-05 9.2477474571457245e-06
-2.4435343155111909e+02 -3.0279005293073999e+02 1.3162747033931702e-03 8.7150018606577288e-05 2.8394760757603664e-03 2.6521649437437210e-05 -3.1413097490600213e-05 -3.1306691227739992e-05 4.1000671174762083e-05 -3.0454447285927863e-05 -7.2454394375961378e-08
-1.8598306495884970e+02 -3.0789219842279766e+02 4.8051910597542830e-04 1.3720359001689543e-03 2.4625032421502300e-03 5.0039554972225944e-05 -7.6355652115342489e-05 -1.5879781260261456e-05 5.5325265137955654e-05 -6.1263257213483991e-05 1.1207754403391075e-05
-2.6311451467998432e+02 -3.0692196483946844e+02 1.4354664044121895e-03 -2.5433469635132160e-04 3.0270279897462267e-03 2.2898631567702362e-05 -1.6905939652587932e-05 -3.9001620228043425e-05 3.8688762016236447e-05 -1.9703621312452470e-05 -5.7043123408349289e-06
-2.7641776641073488e+02 -3.1082786471256441e+02 1.5204667012882491e-03 -4.6703935640520660e-04 3.1494866401398317e-03 2.0645536266319545e-05 -7.5436940002786905e-06 -4.4305224045464639e-05 3.7370669980490286e-05 -1.2681126920735963e-05 -9.6608710039264856e-06
-2.1039886852659023e+02 -3.1649296310564017e+02 7.1031009685674541e-04 6.6933876363385592e-04 2.5612900670439454e-03 4.3801135286482046e-05 -4.9904420881397275e-05 -2.1055302765718283e-05 5.1614546351906246e-05 -4.2541694481424860e-05 7.1188879717651166e-06
-3.0182969283803328e+02 -3.1748544181837451e+02 1.6246158490652281e-03 -5.7773476664224816e-04 3.4049218750500879e-03 1.8776017109048873e-05 -1.0835236058607674e-06 -5.5840366086273235e-05 3.6646791448766382e-05 -7.4386060389254973e-06 -1.8386225460722266e-05
-2.4651778443625506e+02 -3.1682771467699013e+02 1.2250794213083769e-03 4.4329185821232359e-05 2.7591498365497503e-03 2.9792554576922337e-05 -2.5944853434412124e-05 -2.9817679333245665e-05 4.3268428211314484e-05 -2.5457232390378568e-05 5.3296886880158980e-07
-1.8449684977451946e+02 -3.2002264805198195e+02 2.6093884907476308e-04 1.1593396479692717e-03 2.4245789569827055e-03 5.6750660923018839e-05 -6.6311906806092370e-05 -1.5231104338493891e-05 5.9620988262841233e-05 -5.3559170678430380e-05 1.1439264188315870e-05
-2.6390994256806357e+02 -3.2853065186691299e+02 1.3299422298390269e-03 -1.8528701657684530e-04 2.8183933675468360e-03 2.8085148648268763e-05 -1.3895259716692954e-05 -3.3351675713464016e-05 4.2714513176498059e-05 -1.5933416899038252e-05 -2.3493486704488168e-06
-2.8246891941784702e+02 -3.3038776670998277e+02 1.5334882752377418e-03 -4.6888268024655738e-04 2.9968649491013996e-03 2.2497763013572936e-05 -3.0435756909886163e-06 -4.0330427092102449e-05 3.9366134041188097e-05 -8.2012851737007479e-06 -7.3649126519870516e-06
-2.3128204221922792e+02 -3.3109115922152046e+02 8.2948090632719673e-04 3.0074821703044092e-04 2.5900619020461334e-03 4.2195870938368996e-05 -3.1539070528499765e-05 -2.3754467209107807e-05 5.1320160907968160e-05 -2.8230840141164915e-05 4.7362137133996587e-06
-2.0202028319340886e+02 -3.2941447484708618e+02 3.7755608541230773e-04 7.5742918016890378e-04 2.4716332423972945e-03 5.4257499224781583e-05 -4.8986952093163459e-05 -1.8110672160447992e-05 5.8410616164316968e-05 -4.0655231111305518e-05 9.0772935059222469e-06
-3.1704007991302848e+02 -3.2738107994669275e+02 1.6969140838937939e-03 -3.4481548920878210e-04 3.4748373980116039e-03 1.9179248031874730e-05 -6.8384668647839941e-06 -6.0374625511401141e-05 3.7845302954706461e-05 -1.0631437246080597e-05 -2.2151414133273507e-05
-2.3011520228086670e+02 -3.4977675569339675e+02 4.8634405759866823e-04 3.8209907564858863e-04 2.5003410192522392e-03 5.3976765726431751e-05 -2.8793852740357900e-05 -2.0880280548857820e-05 5.9326550360017102e-05 -2.4590762908223425e-05 6.6234706629168122e-06
-2.5012502094520337e+02 -3.5054104770367360e+02 8.4083213616561699e-04 1.1874729731233989e-04 2.5819701550571224e-03 4.4606586175980991e-05 -1.9277585929954903e-05 -2.4734548830419260e-05 5.3855739673802777e-05 -1.7971365659519165e-05 3.6671228752090872e-06
-1.9139373910686413e+02 -3.4821303525659630e+02 -1.7919328381703928e-04 8.5651584657800591e-04 2.3672492349022375e-03 7.1863748800323152e-05 -4.7027267344656113e-05 -1.4088592712744190e-05 6.9892622678335720e-05 -3.7605593032298049e-05 1.1951148871180421e-05
-2.9687865516964104e+02 -3.4729242739926030e+02 1.6396498750139640e-03 -5.9978117130261898e-04 2.8958270093563804e-03 2.2517655786891727e-05 4.2245636453252872e-06 -3.8815449297614731e-05 4.0553804412045332e-05 -2.3730292390035210e-06 -6.9613521946945441e-06
-2.0872373574947787e+02 -3.5383047561496107e+02 2.9634307851847128e-05 6.4507840718985323e-04 2.4098430899181203e-03 6.6950655690685884e-05 -3.7531147134836674e-05 -1.6469743332656554e-05 6.7276633077056203e-05 -3.0435284655748289e-05 1.0038530656442773e-05
-2.1972415669503624e+02 -3.3769801960796985e+02 5.2925899585680143e-04 4.6919931089792042e-04 2.5248031478279287e-03 5.1140191252093252e-05 -3.5914658159231862e-05 -2.0869876560249024e-05 5.6962040206518068e-05 -3.0753465739354738e-05 6.9029580658581914e-06
-2.2877507934588266e+02 -3.7086775234411806e+02 1.3812648187556270e-04 4.1715606508920135e-04 2.4469175878504969e-03 6.6428075819058858e-05 -2.5889258196677640e-05 -1.8269587689932533e-05 6.7947467119690047e-05 -2.1300541480696425e-05 8.6465057764229269e-06
-2.8051297179441974e+02 -2.8390958285403678e+02 1.4297566170494533e-03 -6.3878307153234469e-04 3.4509229003376329e-03 2.3463047983271763e-05 -7.3081741010177078e-06 -5.3898325956599919e-05 3.9190370770815752e-05 -1.4334787887873500e-05 -1.5938174052885957e-05
-3.0732808296941204e+02 -2.9418141532138276e+02 1.3904397344806458e-03 -7.5716414677056310e-04 3.7269727073790141e-03 2.4847822693028889e-05 4.8363548722444393e-07 -6.7676109561610564e-05 4.0142659772315994e-05 -7.8451701272517488e-06 -2.6679409780441414e-05
-2.9095411826864051e+02 -2.9618435842913493e+02 1.4843789317986258e-03 -6.9771513296639214e-04 3.4890549019176696e-03 2.1387584276515323e-05 -2.1233015932875218e-06 -5.7061129150512714e-05 3.7715752526300206e-05 -9.7981680559178351e-06 -1.8681525229418348e-05
-2.8728708936574907e+02 -3.1649960661821814e+02 1.6019055302930957e-03 -6.2404204008046748e-04 3.2147107433131285e-03 1.8781576358733043e-05 -3.5088829684345746e-07 -4.7605769057855738e-05 3.6402537191957097e-05 -7.2153507377286007e-06 -1.2243950881411329e-05
-2.4602460799816248e+02 -3.3565526565135497e+02 1.0002993450507049e-03 1.0035309903986437e-04 2.6451163493904956e-03 3.8187601951383364e-05 -2.2725199912607718e-05 -2.6489110667854021e-05 4.9190894746941118e-05 -2.1621315823169210e-05 2.6071691754414269e-06
-3.0208383232986210e+02 -3.3635087321288688e+02 1.6956507438061928e-03 -5.6858646596225331e-04 3.1440886071103344e-03 1.9291061879630288e-05 1.8043919772676068e-06 -4.7272221304386984e-05 3.7943220061498408e-05 -4.4500591483171804e-06 -1.2687246626173309e-05
-3.5615757924920899e+02 -3.1235445070242821e+02 1.1703023508842249e-03 3.4344857806629491e-04 4.2220839427064179e-03 3.6178544768026166e-05 -3.1361226201806926e-05 -9.2320114340004584e-05 4.9051870627752639e-05 -2.7583291843077682e-05 -4.5877190970233992e-05
-3.2248597078846672e+02 -3.0773644790821083e+02 1.4578705295119323e-03 -4.8125335125020715e-04 3.7978212244488556e-03 2.4174229495587569e-05 -5.7147794057898307e-06 -7.2343177555564918e-05 4.0210805320218825e-05 -1.1008566269542110e-05 -3.0567144086627504e-05
-3.4578329061915770e+02 -3.2182292510987378e+02 1.4465696638147460e-03 2.8329161329910331e-04 3.9615219378022586e-03 2.8394083005603465e-05 -2.8167612586032349e-05 -8.1530813686939415e-05 4.4306349307565673e-05 -2.5051404839742212e-05 -3.7954072371114570e-05
-3.2718944495959630e+02 -3.2880381869923201e+02 1.6724678580663113e-03 -9.7976470029080109e-05 3.6027406137939841e-03 2.1096913760088393e-05 -1.4696011457539584e-05 -6.6289815012374322e-05 3.9494060198817819e-05 -1.5773752627859466e-05 -2.6659668260640499e-05
-2.9858000646732876e+02 -3.5879837550353119e+02 1.5988980245492017e-03 -5.5508710332394077e-04 2.7471383921658437e-03 2.5799997496380134e-05 4.0881920245497870e-06 -3.4538254367854722e-05 4.3387875766421354e-05 -2.0177661120135613e-06 -4.3197320540304406e-06
-2.9174429841319676e+02 -3.5945686841738018e+02 1.4710267346012482e-03 -4.3040697148466429e-04 2.7042817749159259e-03 2.9143477258810219e-05 8.4133552521141678e-07 -3.2227055274174833e-05 4.5324771339423948e-05 -3.8931411611198905e-06 -2.4799557500996485e-06
-1.8177017875672641e+02 -7.1339328351897242e+00 -3.1229115037099079e-02 -1.8377173617019585e-02 -3.4620935478221816e-03 1.2250219839208063e-03 2.7671155373251287e-04 3.1564641686867174e-04 8.8150171851271648e-04 7.4562643945297430e-05 2.7756338784262774e-04
-1.8879663709733879e+02 -7.2473688827174172e+00 -3.2126738237543813e-02 -2.0004745325863996e-02 -3.1723141521181513e-03 1.2550779783832213e-03 3.3433833036654060e-04 2.9765924635820508e-04 9.0168385777023930e-04 1.1428613178203661e-04 2.6276379068490541e-04
-1.8387552288545925e+02 -7.1268861544594342e-01 -3.5557627690248936e-02 -2.1406351391853987e-02 -3.5443509724652628e-03 1.3584698506213546e-03 3.5428615604299985e-04 3.2513814956299951e-04 9.6733594602861628e-04 1.1881629073260598e-04 2.8615028886588162e-04
-1.8600793727215168e+02 -5.9623309339299162e+00 -3.2550340236861881e-02 -1.9928278136119935e-02 -3.3389230189111436e-03 1.2670884806935227e-03 3.2509537184655958e-04 3.0894150873391358e-04 9.0903473808804204e-04 1.0588431234924029e-04 2.7221335552589100e-04
-1.1863862560596505e+02 1.7702971416945863e+02 -5.3699186908105956e-01 -6.6636556158799362e-02 4.9661698261374738e-02 1.3629327576803081e-02 1.0015399441841357e-03 -1.3172581124298857e-03 7.7224170169114259e-03 2.6853782643734278e-04 -7.7097943155476358e-04
-1.2257213176724565e+02 1.6677199124270285e+02 -4.7199137767395460e-01 -7.6983983569492556e-02 3.7635093649315117e-02 1.2194212800013824e-02 1.2934097299861372e-03 -9.0422621476160590e-04 7.0023076456003225e-03 4.4658591072171922e-04 -4.9024018461913961e-04
-1.3753360981211856e+02 1.6283843415971003e+02 -4.1687762950785495e-01 -7.6104206109058908e-02 1.7200367295078699e-02 1.1165863618916113e-02 1.3644898242334553e-03 -4.4902159386304817e-04 6.5802096943297084e-03 5.2734355703380731e-04 -2.5981755361718250e-04
-1.2952904651786201e+02 1.6907497830757919e+02 -4.6438094290880977e-01 -7.2752581547336589e-02 2.7739975554666764e-02 1.2166737554952317e-02 1.2315828378792538e-03 -7.5529896622162967e-04 7.0585471829554096e-03 4.3130444085855135e-04 -4.5015923512029525e-04
-4.2530500315628598e+02 -2.1997252886062796e+02 -4.4166463121809128e-03 -2.8539646780367228e-03 5.8130505595653135e-03 2.1283827812383209e-04 6.2281769793992123e-05 -1.6689834427214799e-04 1.6425516868984205e-04 3.0888158335588177e-05 -1.0295478811692955e-04
-2.0568166773844416e+02 -7.4534876522257406e+01 -9.2324688257412330e-03 -6.2208180403758974e-03 -3.5088496417566697e-04 4.9589496258737112e-04 4.1109103771920197e-05 1.3393838204165431e-04 3.9433780550421756e-04 -2.7319894672214674e-05 1.3007864743572197e-04
-1.9817719440471873e+02 -7.8294721435739987e+01 -7.7996228881921500e-03 -4.2335827538611381e-03 -5.8805252606831590e-04 4.4739778134245475e-04 -1.9871808335867226e-05 1.4464233901000540e-04 3.6160192957234111e-04 -6.6441218628339739e-05 1.3817376122325393e-04
-3.4135068838673840e+02 -3.1018699812282625e+02 1.3203977360692978e-03 -7.2373334497638646e-05 4.0335191903112591e-03 3.0107367774053611e-05 -1.8001444832643928e-05 -8.3417926250922117e-05 4.4631742870815887e-05 -1.8797551512117953e-05 -3.9049215157498268e-05
-3.2738318255295650e+02 -3.1243281319287047e+02 1.4898227624710646e-03 -3.2855337574362364e-04 3.8107668693560066e-03 2.4111901744256414e-05 -9.7041365864124774e-06 -7.3478937770006739e-05 4.0499952131438125e-05 -1.3318223719592338e-05 -3.1560502207090668e-05
-3.0506360702040377e+02 -3.3333772819273503e+02 1.6990002298366670e-03 -5.0737497892563391e-04 3.2333565964423609e-03 1.8961548864213536e-05 -5.5406245080958760e-07 -5.0591624381636106e-05 3.7650551392416874e-05 -6.1351872189915606e-06 -1.5024701820770136e-05
-1.3519868300456406e+02 -3.7929085967623244e-01 -2.8257395808885852e-02 -5.9475909521048524e-03 -1.7607487282985156e-03 1.1301697577843482e-03 -1.7189262508836349e-04 3.3198965235183177e-04 8.1933840388660382e-04 -2.3731612556151686e-04 3.1262141634054810e-04
-1.3828611578891238e+02 -9.9736435069977354e+00 -2.3376596097340829e-02 -3.7641683395116688e-03 -2.2905272218127289e-03 9.8448912640919351e-04 -2.0410458898658805e-04 3.2121218662670224e-04 7.2734656933844436e-04 -2.4551044072121641e-04 2.9601638718676222e-04
-1.2626059013709197e+02 -1.0904488078241606e+01 -2.1564974837721552e-02 8.7997327303803070e-04 -1.0728359570815718e-03 9.2714543972303542e-04 -3.4165365912424539e-04 2.7681468676584326e-04 6.8993071650809835e-04 -3.3197395312082706e-04 2.6501349123794597e-04
-1.5437947332625728e+02 -2.6128979408104505e+02 5.9655109944206869e-04 3.9337356309973766e-03 2.3861347711553178e-03 5.4907939647609980e-05 -1.7356927722384560e-04 -2.6986513052784595e-06 6.1470001741472735e-05 -1.3029818528287446e-04 2.3548831177430037e-05
-1.0082912147771738e+02 8.8205917320150050e+01 -1.4040646772391865e-01 -4.5788900829350394e-02 3.4494277757195824e-02 4.0253231257903936e-03 4.4770865151372736e-04 -1.8790177355652702e-04 2.4808519808272884e-03 -5.5969257609127049e-05 1.9153528177262702e-04
-1.0076743603693997e+02 8.8189942682233607e+01 -1.4030608838125544e-01 -4.5730770793593938e-02 3.4547970694647420e-02 4.0224981256599592e-03 4.4594153129230582e-04 -1.8915980892382007e-04 2.4791311534661494e-03 -5.7096947437227580e-05 1.9086786871730157e-04
-1.2721824749551419e+02 2.8704236065218407e+02 -6.4752420915072806e-01 2.3677553938926427e-01 3.3528823450723028e-02 1.6565347324590172e-02 -6.3123129158542193e-03 -1.5363418194205127e-03 9.4425810239321638e-03 -3.7077819825723124e-03 -1.1675247614625593e-03
-4.1075340268937623e+02 -1.9050901832437870e+02 -6.0490649068731805e-03 -5.3248825126031817e-03 5.9284375852249223e-03 2.7295294267159586e-04 1.3613043256707305e-04 -1.6673638239254757e-04 2.0641322869599087e-04 7.7556724928438053e-05 -1.0152356895507343e-04
-4.0302114932838964e+02 -1.9329117034570740e+02 -5.5580204309252645e-03 -5.2449619938209520e-03 5.8229803344873356e-03 2.5723486115623547e-04 1.3292569653332946e-04 -1.6075673868989589e-04 1.9609663641605756e-04 7.5231114601298989e-05 -9.6703955010535197e-05
-3.9672682265190514e+02 -1.9637269957369566e+02 -5.0946039650940945e-03 -5.1115948106739703e-03 5.7292478541754559e-03 2.4243294290422356e-04 1.2841494464008220e-04 -1.5566648515006487e-04 1.8639229928818851e-04 7.2187401722668523e-05 -9.2644758754134856e-05
-3.9473033456954778e+02 -1.9761984083908354e+02 -4.9216342631091623e-03 -5.0327753819494536e-03 5.6918958416191847e-03 2.3680274988784679e-04 1.2592279276863591e-04 -1.5387203013663453e-04 1.8266477299364601e-04 7.0562263567191922e-05 -9.1261175878823501e-05
-3.9102881858986160e+02 -1.9975629863597430e+02 -4.6166591125173066e-03 -4.9014855282689352e-03 5.6244152396806345e-03 2.2688565688396193e-04 1.2168030742621982e-04 -1.5059543351593835e-04 1.7610240664627156e-04 6.7763966615261528e-05 -8.8726865879451368e-05
-3.8680336251422420e+02 -1.9808587380809260e+02 -4.5897042707465311e-03 -5.0562378658026031e-03 5.5889304684934573e-03 2.2702229357380257e-04 1.2578139586499171e-04 -1.4812630307807319e-04 1.7653554659559072e-04 7.0162779341163080e-05 -8.6648067924645158e-05
-1.3679671956171799e+02 -5.0812153046348127e+00 -2.5720069357725136e-02 -4.8260080952016206e-03 -2.0652603254628986e-03 1.0554734477455792e-03 -1.8831163214418092e-04 3.2740946747434528e-04 7.7255268481060278e-04 -2.4139772119139875e-04 3.0469160389425340e-04
-1.4141365654248028e+02 -2.0931212070741192e+00 -2.8161627461621361e-02 -7.6498699724309458e-03 -2.4316832474834725e-03 1.1261484578478957e-03 -1.0945006754750390e-04 3.4255695549836185e-04 8.1637055577006069e-04 -1.9359863724424431e-04 3.1580843977604365e-04
-1.4651956620850885e+02 -1.0664362917473820e+00 -2.9579350671588411e-02 -9.9902668609567272e-03 -2.8878606714929493e-03 1.1679002663438816e-03 -3.7921123119244256e-05 3.5612826610998603e-04 8.4252740895640903e-04 -1.4781405858976825e-04 3.2436179872356359e-04
-1.5185109483839796e+02 -6.7907100042250002e-01 -3.0697796927678826e-02 -1.2137459078771630e-02 -3.2961245469786309e-03 1.2016904353784261e-03 3.0671088295423224e-05 3.6752876134513710e-04 8.6401466917395895e-04 -1.0284096157106471e-04 3.3127139132837217e-04
-1.5340566293148041e+02 2.8423938833696440e+00 -3.3086773967555348e-02 -1.4092093205446887e-02 -3.4168349854501044e-03 1.2746084166737252e-03 8.1268303766439460e-05 3.7847761954364924e-04 9.1065390303061641e-04 -7.3744721493476282e-05 3.4089243470369809e-04
-1.5904685738840979e+02 -3.9315723332426451e+00 -2.9941745021193598e-02 -1.3408697583581625e-02 -3.6246411475608161e-03 1.1787903685817173e-03 8.6677326508833802e-05 3.6262440959927163e-04 8.4943117334858776e-04 -6.0818346910564077e-05 3.2275335697610265e-04
-1.2800482034687198e+02 -8.7602264578559055e+00 -2.2777568813338610e-02 -3.9809650619811442e-04 -1.1985498467972191e-03 9.6407543917619986e-04 -3.1063272998607287e-04 2.8752366734342431e-04 7.1352218222947518e-04 -3.1501179155425213e-04 2.7433961902865490e-04
-1.4528464393706471e+02 -2.1986897058636195e+01 -1.8985888400927228e-02 -2.6787652293561379e-03 -2.8019250620785283e-03 8.4505400478197628e-04 -1.9897274739905338e-04 3.0608504762699484e-04 6.3620923237177676e-04 -2.2843916492197090e-04 2.7526387194413103e-04
-4.1596070331904042e+02 -1.8559835428004811e+02 -6.6531761323461698e-03 -5.6153276806549584e-03 6.0317733503798179e-03 2.9305806484900980e-04 1.4529145608186051e-04 -1.7177480820911863e-04 2.1987312739320193e-04 8.3522851594655976e-05 -1.0542530135494064e-04
-3.7680608593387524e+02 -2.0023217072660617e+02 -4.0765744630657666e-03 -4.9985788213081977e-03 5.4525439779386639e-03 2.1131302170536580e-04 1.2279662095619612e-04 -1.4056754678773610e-04 1.6647070261164237e-04 6.7812253921805952e-05 -8.0589563030410797e-05
-3.7299389595789933e+02 -2.0511634304178392e+02 -3.5915182760125545e-03 -4.6526743660095628e-03 5.3549859333440050e-03 1.9464920316727264e-04 1.1230795141211759e-04 -1.3643474986082497e-04 1.5514250213113454e-04 6.1128533386012402e-05 -7.7529904594040905e-05
-4.0393579018389016e+02 -2.2946983295108276e+02 -3.1157611547966185e-03 -2.6653501853023567e-03 5.5177336041699766e-03 1.7120147001783493e-04 5.5896170425180697e-05 -1.5054871142301836e-04 1.3692809731507213e-04 2.6577318386854773e-05 -8.9853641777148618e-05
-3.8747787776994807e+02 -2.2680052450338022e+02 -2.7259270625601463e-03 -3.1228818195611322e-03 5.3523133358776721e-03 1.6030385145952917e-04 6.8857696609842965e-05 -1.4044855980279488e-04 1.3031865377136756e-04 3.4505996594670513e-05 -8.1573113108140489e-05
-2.8975117053246737e+02 -3.3344000017881427e+02 1.6053126617299885e-03 -5.6930428804862984e-04 3.0360887396939456e-03 2.0928073791990778e-05 1.1125806230446571e-06 -4.2213263348251006e-05 3.8586513071020653e-05 -5.1497665454902706e-06 -8.8162872116176023e-06
-2.8528056067077307e+02 -3.3209452444975631e+02 1.5582673168706663e-03 -5.0395280716211623e-04 3.0049274897055982e-03 2.2037677848810274e-05 -1.4409327365752228e-06 -4.0838191343991410e-05 3.9178618334387602e-05 -6.9844136153585011e-06 -7.7839889572298356e-06
-2.9062843246724736e+02 -3.3005328337171539e+02 1.6258438204556629e-03 -6.0676350897004912e-04 3.0938647496677411e-03 1.9842488362533326e-05 1.7593466009470727e-06 -4.4084391013058446e-05 3.7726770387545618e-05 -4.9150519977234686e-06 -1.0051878766713293e-05
-2.9147114638586601e+02 -3.2726568719411659e+02 1.6406822106050393e-03 -6.3740388441690054e-04 3.1369776027446966e-03 1.9035259566851350e-05 2.2832170983596963e-06 -4.5523518302929348e-05 3.7082763883506785e-05 -4.7282256302262094e-06 -1.1016764672737683e-05
-2.8664442267575282e+02 -3.2799374242521071e+02 1.5914987281227997e-03 -5.5086385019065709e-04 3.0741522173471886e-03 2.0534952889542605e-05 -6.0887867304401314e-07 -4.3095719071494853e-05 3.8041438898893402e-05 -6.6683810251412415e-06 -9.2800446806757794e-06
-3.4367442742255815e+02 -3.2661710809141840e+02 1.5332659027219421e-03 3.3097237612666428e-04 3.8701559442168953e-03 2.6481923926317902e-05 -2.8908007922362702e-05 -7.8032237948134328e-05 4.3347848856259267e-05 -2.5267311784969394e-05 -3.5460522561748480e-05
-3.9948069138186906e+02 -2.1719643276806511e+02 -3.7184284196332597e-03 -3.5730263331483474e-03 5.5683634313542429e-03 1.9279981903677857e-04 8.2934501373575201e-05 -1.5120197343223511e-04 1.5189710642081271e-04 4.3631211708943382e-05 -8.9949975687338434e-05
-3.9631003928354863e+02 -2.1771299289732337e+02 -3.5711753438799009e-03 -3.5814936172207960e-03 5.5270663964358292e-03 1.8825950882411064e-04 8.2994677211336879e-05 -1.4892846940763816e-04 1.4897658004143173e-04 4.3598247421908121e-05 -8.8130739046844039e-05
-3.9893099338078622e+02 -2.2043425033588923e+02 -3.4922874684857079e-03 -3.3531149464436499e-03 5.5335370802779707e-03 1.8497671981863598e-04 7.6388940507681854e-05 -1.4986172402605688e-04 1.4656155766529320e-04 3.9504676096801706e-05 -8.8992816142999202e-05
-3.9646370154577960e+02 -2.2437683981292574e+02 -3.1636448988950306e-03 -3.1230884220116231e-03 5.4717152599623965e-03 1.7396779560225728e-04 6.9429839404009207e-05 -1.4705684846656169e-04 1.3916770171441194e-04 3.5075866761881350e-05 -8.6867980606975334e-05
-3.9384162323364563e+02 -2.2480285319735165e+02 -3.0516246343640658e-03 -3.1404045259923949e-03 5.4388726957102888e-03 1.7051958444008842e-04 6.9782092649709428e-05 -1.4520396718987249e-04 1.3695171346208369e-04 3.5237642863793084e-05 -8.5376367537059317e-05
-3.9311593247039440e+02 -2.2719753019420710e+02 -2.8885551553720409e-03 -2.9988084369196770e-03 5.4114901233907834e-03 1.6492628347357076e-04 6.5520284076989060e-05 -1.4403629780926867e-04 1.3315217676447831e-04 3.2533391270872610e-05 -8.4509906451970057e-05
-3.9423368377528794e+02 -2.2830757826139845e+02 -2.8621410641050159e-03 -2.9094391568822136e-03 5.4154758870828693e-03 1.6382394000923411e-04 6.2878214763527698e-05 -1.4445637591791699e-04 1.3234038830407894e-04 3.0874384037823348e-05 -8.4886141160005438e-05
-3.9376704663225655e+02 -2.2947812622658080e+02 -2.7822567876703880e-03 -2.8454770971692339e-03 5.4015278466224325e-03 1.6111059177550125e-04 6.0923596706081382e-05 -1.4382371270063715e-04 1.3050576711112698e-04 2.9623348637219809e-05 -8.4406906387790389e-05
-3.9939771470954241e+02 -1.9417543406207051e+02 -5.3642611254465381e-03 -5.2377750159972236e-03 5.7784882201272376e-03 2.5127055614148377e-04 1.3236708535517948e-04 -1.5811145192540327e-04 1.9226368376157186e-04 7.4751560179210028e-05 -9.4548081504003650e-05
-4.0456518620748813e+02 -2.0100585212667448e+02 -5.0094144370339605e-03 -4.6503757974951133e-03 5.7675873793404768e-03 2.3741963330709988e-04 1.1540609964870599e-04 -1.5944122668629682e-04 1.8231607449972631e-04 6.4251965876259743e-05 -9.5997765513551578e-05
-3.9832716318799993e+02 -2.0078546520278633e+02 -4.8106373193998499e-03 -4.7668741616310002e-03 5.7054567564375188e-03 2.3197180529276924e-04 1.1836880914031449e-04 -1.5542082695446077e-04 1.7905479477937089e-04 6.5933193362373483e-05 -9.2660802633648059e-05
-4.0403276225302363e+02 -2.0798531515330646e+02 -4.4877944852422047e-03 -4.1575891476356630e-03 5.7002350481139006e-03 2.1912543019689230e-04 1.0070063911593393e-04 -1.5699575215231143e-04 1.6975969085922805e-04 5.4967158491941634e-05 -9.4293166623058517e-05
-3.9867651088887266e+02 -2.1005612819515943e+02 -4.1593141680898388e-03 -4.0911917839423833e-03 5.6225161496940498e-03 2.0863329314261067e-04 9.8292935301780402e-05 -1.5281931708707969e-04 1.6288083729362244e-04 5.3289825678414181e-05 -9.0971639440445140e-05
-1.2227910340440702e+02 -7.5218381004933292e+01 -4.9235039492510979e-03 1.1287019115976592e-02 -9.3573946724836738e-04 3.6552473617213111e-04 -4.9938696616090735e-04 1.6217513266886810e-04 3.1136619273036903e-04 -3.7522975588516483e-04 1.5188199852913606e-04
-2.0542374174542417e+02 -2.4355571277718354e+02 1.3063229389420246e-03 2.0764212460097141e-03 2.5954668810237789e-03 3.7325624631359256e-05 -1.1794783181429353e-04 -1.1639129227160777e-05 5.1695176959721526e-05 -9.5107198108186671e-05 1.6911006464100794e-05
-2.0543183323821134e+02 -2.4353075670451111e+02 1.3063842670990018e-03 2.0763706608063048e-03 2.5955294579573397e-03 3.7331605916019126e-05 -1.1795407620214717e-04 -1.1636563570931687e-05 5.1701832854108147e-05 -9.5113998933277821e-05 1.6914260466599048e-05
-2.0545116875114135e+02 -2.4356643985855109e+02 1.3064228749190266e-03 2.0749239113830096e-03 2.5958171398540227e-03 3.7317104017683012e-05 -1.1789132501263859e-04 -1.1655398437389921e-05 5.1687755641792304e-05 -9.5067161987425484e-05 1.6898590101004329e-05
-2.0545124474637328e+02 -2.4356641258522066e+02 1.3064232167414511e-03 2.0749205553965474e-03 2.5958180274971345e-03 3.7317097624424599e-05 -1.1789121488948560e-04 -1.1655428587310537e-05 5.1687753008580560e-05 -9.5067088780123582e-05 1.6898569715157940e-05
-2.0541665192806818e+02 -2.4355576584140590e+02 1.3062939032676471e-03 2.0767689933579810e-03 2.5953804545567369e-03 3.7326973493544323e-05 -1.1796013588825416e-04 -1.1635663789751204e-05 5.1696206429488440e-05 -9.5115676961316363e-05 1.6913521210372905e-05
-2.0544314144263859e+02 -2.4350686189744025e+02 1.3064573342877882e-03 2.0761471634549809e-03 2.5956328820826726e-03 3.7336649758632162e-05 -1.1795385169933611e-04 -1.1635854187760019e-05 5.1707680435797833e-05 -9.5116232901331320e-05 1.6916107515149380e-05
-3.6057443712703292e+02 -2.3548651622350036e+02 -1.4006560171438336e-03 -2.8036175411194318e-03 4.9346041322662045e-03 1.1821712884684741e-04 5.7789859740955496e-05 -1.1959812660170867e-04 1.0280991265826524e-04 2.6950066788641743e-05 -6.5317481146780416e-05
8.6184117175212961e+01 6.3290565695606894e+01 7.0322320428784252e-02 9.7519928956856183e-02 -3.2319405762038962e-02 -5.0081216197652399e-04 -3.5791233058638104e-03 1.6871707334661077e-03 2.7273336274010270e-04 -2.5064040873383924e-03 1.3316572700836791e-03
7.7881745021118533e+01 3.5283510126801815e+01 1.7830117196521694e-02 4.4313413931724770e-02 2.4777011698457228e-02 6.8233380319944952e-05 -1.8464906624663579e-03 -5.4228501009274651e-04 2.6436466948168358e-04 -1.3590431092173855e-03 -2.6973788140971701e-04
4.8049111864724509e+01 -2.6393573809583344e+01 -1.7768513756640909e-02 2.1953717555988444e-02 2.4289528693884441e-02 6.2763366502866934e-04 -6.9022792236963040e-04 -1.0356493253984029e-03 4.3218001370561932e-04 -4.4873702925375751e-04 -7.6846450976567407e-04
5.6334798139860416e+00 -1.9027681761152333e+01 -1.6369695353987180e-02 4.0090541607576177e-02 1.6040538751409979e-02 6.7689521137487968e-04 -1.1548868405232887e-03 -6.2862294150730930e-04 4.9682856248102068e-04 -7.1389088283995079e-04 -4.5217701524179953e-04
-2.5391399273794953e+01 -1.2826440014852307e+02 -6.8421388976903216e-03 1.8463925297439062e-02 1.9563479825357240e-03 3.2788767245096461e-04 -5.6001519339438023e-04 -8.8109554761852931e-05 2.5262414457637107e-04 -3.5691201512255054e-04 -6.6589726953959969e-05
-6.3424713141057410e+01 -3.1261249151508662e+02 -2.4888484453298981e-03 4.2399322473292483e-03 2.1184821975659043e-03 1.3573349943264988e-04 -1.6433928754532842e-04 6.0651847318672759e-06 1.0835616653402101e-04 -1.1770003282470669e-04 2.9368488905092220e-05
